ImprisonRef,ImprisonSystemId,ImprisonID,Trialref,CentralTrialImprison,Imprisondate,Imprisondate_as_date,Prison,Location,Moving,Fate_in_prison,Createdby,Createdate,Lastupdatedby,Lastupdatedon
"IM_JO_10","JO",10,"T_JO_78",0,,,"Tolbooth","Haddington",0,,"jhm","06_07_01_16:20:29","LEM","10_28_02_12:45:55"
"IM_JO_11","JO",11,"T_JO_79",0,,,"Tolbooth","Haddington",0,,"jhm","06_08_01_09:24:01","LEM","10_28_02_12:46:18"
"IM_JO_12","JO",12,"T_JO_80",0,,,"Tolbooth","Haddington",0,,"jhm","06_08_01_09:41:37","LEM","10_28_02_12:46:29"
"IM_JO_127","JO",127,"T_JO_416",1,,,"Tolbooth","Canongate",0,"Released","jhm","07_16_01_12:22:16","jhm","07_16_01_12:22:42"
"IM_JO_128","JO",128,"T_JO_417",0,,,"Tolbooth","Stirling",0,,"jhm","07_16_01_12:44:06","LEM","10_28_02_12:58:03"
"IM_JO_129","JO",129,"T_JO_420",0,"3_1659","03_01_59_00:00:00","Tolbooth","Stirling",0,,"jhm","07_16_01_14:53:27","jhm","07_16_01_14:53:43"
"IM_JO_13","JO",13,"T_JO_81",0,"1630","06_01_30_00:00:00","Tolbooth","Haddington",0,,"jhm","06_08_01_09:59:16","jhm","06_08_01_09:59:30"
"IM_JO_130","JO",130,"T_JO_422",0,"3_1659","03_01_59_00:00:00","Tolbooth","Stirling",0,,"jhm","07_16_01_15:12:37","jhm","07_16_01_15:12:53"
"IM_JO_131","JO",131,"T_JO_433",0,,,,"Dalkeith",0,,"jhm","07_17_01_15:52:15","jhm","10_18_02_10:32:40"
"IM_JO_14","JO",14,"T_JO_82",0,,,"Tolbooth","Haddington",0,"Released","jhm","06_08_01_14:24:19","LEM","10_28_02_12:46:45"
"IM_JO_141","JO",141,"T_LA_234",0,"9_8_1615","08_09_15_00:00:00","Tolbooth","Linlithgow",0,,"jhm","07_23_01_13:08:25","jhm","07_23_01_13:16:52"
"IM_JO_142","JO",142,"T_JO_511",0,,,,,0,,"jhm","07_23_01_13:32:32","jhm","10_11_02_16:52:05"
"IM_JO_143","JO",143,"T_LA_240",0,"26_3_1617","03_26_17_00:00:00",,,0,,"jhm","07_23_01_15:05:52","jhm","07_23_01_15:06:25"
"IM_JO_144","JO",144,"T_LA_239",0,"3_1617","03_01_17_00:00:00",,,0,,"jhm","07_23_01_15:10:13","jhm","07_23_01_15:10:20"
"IM_JO_145","JO",145,"T_LA_238",0,"3_1617","03_01_17_00:00:00",,,0,,"jhm","07_23_01_15:11:16","jhm","07_23_01_15:11:20"
"IM_JO_146","JO",146,"T_JO_513",0,,,,,0,,"jhm","07_24_01_10:24:22","jhm","10_11_02_16:52:45"
"IM_JO_147","JO",147,"T_JO_515",0,"12_1643","12_01_43_00:00:00","Tolbooth","Queensferry",0,,"jhm","07_24_01_12:28:57","jhm","07_24_01_12:36:55"
"IM_JO_148","JO",148,"T_JO_517",0,"12_1643","12_01_43_00:00:00","Tolbooth","Queensferry",0,,"jhm","07_24_01_12:57:40","jhm","07_24_01_12:57:51"
"IM_JO_149","JO",149,"T_JO_518",0,"12_1643","12_01_43_00:00:00","Tolbooth","Queensferry",0,,"jhm","07_24_01_13:03:20","jhm","07_24_01_13:03:31"
"IM_JO_15","JO",15,"T_JO_86",0,"1_4_1630","04_01_30_00:00:00","Tolbooth","Haddington",0,,"jhm","06_12_01_09:44:21","jhm","06_12_01_09:44:44"
"IM_JO_150","JO",150,"T_JO_519",0,"12_1643","12_01_43_00:00:00","Tolbooth","Queensferry",0,,"jhm","07_24_01_13:08:29","jhm","07_24_01_13:08:41"
"IM_JO_151","JO",151,"T_JO_520",0,"12_1643","12_01_43_00:00:00","Tolbooth","Queensferry",0,,"jhm","07_24_01_13:12:57","jhm","07_24_01_13:13:11"
"IM_JO_152","JO",152,"T_JO_521",0,"12_1643","12_01_43_00:00:00","Tolbooth","Queensferry",0,,"jhm","07_24_01_13:16:13","jhm","07_24_01_13:16:21"
"IM_JO_153","JO",153,"T_JO_522",0,"12_1643","12_01_43_00:00:00","Tolbooth","Queensferry",0,,"jhm","07_24_01_13:21:13","jhm","07_24_01_13:21:22"
"IM_JO_154","JO",154,"T_JO_523",0,"3_1644","03_01_44_00:00:00","Tolbooth","Queensferry",0,,"jhm","07_24_01_14:34:40","jhm","07_24_01_14:34:53"
"IM_JO_155","JO",155,"T_JO_529",0,,,,"Falkirk",0,,"jhm","07_24_01_15:31:02","jhm","10_11_02_16:53:10"
"IM_JO_156","JO",156,"T_JO_539",0,"1_4_1644","04_01_44_00:00:00","Tolbooth","Queensferry",0,"Released","jhm","07_26_01_15:06:30","jhm","07_26_01_15:23:45"
"IM_JO_157","JO",157,"T_JO_573",0,,,,"Peebles",0,,"jhm","07_30_01_11:38:56","jhm","10_11_02_16:53:29"
"IM_JO_158","JO",158,"T_JO_574",0,"17_5_1649","05_17_49_00:00:00",,"Peebles",0,,"jhm","07_31_01_12:07:08","jhm","07_31_01_12:07:28"
"IM_JO_159","JO",159,"T_JO_575",0,"6_1649","06_01_49_00:00:00",,"Peebles",0,,"jhm","07_31_01_12:40:35","jhm","08_02_01_14:04:28"
"IM_JO_16","JO",16,"T_JO_87",0,"4_1630","04_01_30_00:00:00","Tolbooth","Haddington",0,,"jhm","06_12_01_10:03:53","jhm","06_12_01_10:04:08"
"IM_JO_160","JO",160,"T_JO_577",0,"10_1649","10_01_49_00:00:00",,"Peebles",0,,"jhm","07_31_01_14:42:48","jhm","07_31_01_14:42:56"
"IM_JO_161","JO",161,"T_JO_579",0,"10_1649","10_01_49_00:00:00",,"Peebles",0,,"jhm","07_31_01_15:04:23","jhm","07_31_01_15:04:33"
"IM_JO_162","JO",162,"T_JO_580",0,"10_1649","10_01_49_00:00:00",,"Peebles",0,,"jhm","07_31_01_15:18:09","jhm","07_31_01_15:18:15"
"IM_JO_163","JO",163,"T_JO_582",0,"10_1649","10_01_49_00:00:00",,"Peebles",0,,"jhm","07_31_01_15:30:34","jhm","07_31_01_15:30:41"
"IM_JO_164","JO",164,"T_JO_584",0,"10_1649","10_01_49_00:00:00",,"Peebles",0,,"jhm","07_31_01_15:49:28","jhm","07_31_01_15:49:35"
"IM_JO_165","JO",165,"T_JO_590",0,"11_1649","11_01_49_00:00:00",,"Peebles",0,,"jhm","08_01_01_11:02:28","jhm","08_01_01_11:02:51"
"IM_JO_166","JO",166,"T_JO_591",0,,,,"Peebles",0,,"jhm","08_01_01_11:11:43","jhm","10_11_02_16:53:34"
"IM_JO_167","JO",167,"T_JO_592",0,"6_1704","06_01_04_00:00:00",,"Pittenweem",0,"Released","jhm","08_02_01_15:44:11","jhm","08_02_02_15:38:10"
"IM_JO_168","JO",168,"T_JO_595",0,"14_5_1688","05_14_88_00:00:00","Tolbooth","Dunbar",0,,"jhm","08_15_01_12:44:35","jhm","08_16_01_09:19:30"
"IM_JO_169","JO",169,"T_JO_597",0,"3_1682","03_01_82_00:00:00","Tolbooth","Ayr",0,"Moved","jhm","08_16_01_11:20:22","jhm","08_16_01_11:21:00"
"IM_JO_17","JO",17,"T_JO_88",0,"4_1630","04_01_30_00:00:00","Tolbooth","Haddington",0,,"jhm","06_12_01_10:19:35","jhm","06_12_01_10:19:50"
"IM_JO_170","JO",170,"T_JO_598",0,"9_7_1678","07_09_78_00:00:00","Tolbooth","Prestonpans",0,"Released","jhm","08_16_01_11:47:23","jhm","08_16_01_11:49:49"
"IM_JO_171","JO",171,"T_JO_599",0,"10_1678","10_01_78_00:00:00",,"Loanhead_of_Lasswade",0,,"jhm","08_16_01_12:03:40","jhm","08_16_01_12:27:36"
"IM_JO_172","JO",172,"T_JO_600",0,"10_1678","10_01_78_00:00:00",,"Loanhead_of_Lasswade",0,,"jhm","08_16_01_12:15:53","jhm","08_16_01_12:16:37"
"IM_JO_173","JO",173,"T_JO_601",0,"10_1678","10_01_78_00:00:00",,"Loanhead_of_Lasswade",0,,"jhm","08_16_01_12:19:52","jhm","08_16_01_12:20:06"
"IM_JO_174","JO",174,"T_JO_602",0,"10_1678","10_01_78_00:00:00",,"Loanhead_of_Lasswade",0,,"jhm","08_16_01_12:24:18","jhm","08_16_01_12:24:30"
"IM_JO_175","JO",175,"T_JO_603",0,"11_1679","11_01_79_00:00:00","Tolbooth","Bo'ness",0,,"jhm","08_16_01_13:55:57","jhm","08_16_01_13:56:23"
"IM_JO_176","JO",176,"T_JO_604",0,"11_1679","11_01_79_00:00:00","Tolbooth","Bo'ness",0,,"jhm","08_16_01_14:12:20","jhm","08_16_01_14:12:29"
"IM_JO_177","JO",177,"T_JO_605",0,"11_1679","11_01_79_00:00:00","Tolbooth","Bo'ness",0,,"jhm","08_16_01_14:16:58","jhm","08_16_01_14:17:09"
"IM_JO_178","JO",178,"T_JO_606",0,"11_1679","11_01_79_00:00:00","Tolbooth","Bo'ness",0,,"jhm","08_16_01_14:22:07","jhm","08_16_01_14:22:16"
"IM_JO_179","JO",179,"T_JO_607",0,"11_1679","11_01_79_00:00:00","Tolbooth","Bo'ness",0,,"jhm","08_16_01_14:27:19","jhm","08_16_01_14:27:29"
"IM_JO_18","JO",18,"T_JO_91",0,,,"Castle","Dirleton",0,,"jhm","06_13_01_10:26:04","LEM","10_28_02_12:54:48"
"IM_JO_180","JO",180,"T_JO_608",0,"11_1679","11_01_79_00:00:00","Tolbooth","Bo'ness",0,,"jhm","08_16_01_14:31:32","jhm","08_16_01_14:31:40"
"IM_JO_181","JO",181,"T_JO_613",0,"3_1679","03_01_79_00:00:00","Tolbooth","Canongate",0,"Released","jhm","08_16_01_16:01:35","jhm","08_16_01_16:01:51"
"IM_JO_182","JO",182,"T_JO_615",0,"1_1677","01_01_77_00:00:00","Tolbooth","Paisley",0,"Moved","jhm","08_17_01_09:31:14","jhm","08_17_01_10:19:07"
"IM_JO_183","JO",183,"T_JO_616",0,"1_1677","01_01_77_00:00:00","Tolbooth","Paisley",0,,"jhm","08_17_01_09:41:39","LEM","01_16_02_10:58:29"
"IM_JO_184","JO",184,"T_JO_614",0,"1_1677","01_01_77_00:00:00",,,0,,"jhm","08_17_01_09:44:27","jhm","08_17_01_09:57:44"
"IM_JO_185","JO",185,"T_JO_617",0,"1_1677","01_01_77_00:00:00","Tolbooth","Paisley",0,,"jhm","08_17_01_09:52:07","LEM","01_16_02_12:09:26"
"IM_JO_186","JO",186,"T_JO_618",0,"1_1677","01_01_77_00:00:00","Tolbooth","Paisley",0,,"jhm","08_17_01_10:00:34","LEM","01_16_02_12:26:30"
"IM_JO_187","JO",187,"T_JO_619",0,"2_1677","02_01_77_00:00:00",,,0,,"jhm","08_17_01_10:11:48","jhm","08_17_01_10:11:52"
"IM_JO_188","JO",188,"T_JO_615",0,"4_1677","04_01_77_00:00:00","Tolbooth","Glasgow",0,,"jhm","08_17_01_10:18:39","jhm","08_17_01_10:18:57"
"IM_JO_189","JO",189,"T_JO_620",0,,,"Tolbooth","Haddington",0,,"jhm","08_17_01_10:33:55","jhm","10_11_02_16:54:07"
"IM_JO_19","JO",19,"T_JO_92",0,"6_1649","06_01_49_00:00:00",,"Dirleton",0,,"jhm","06_13_01_10:48:49","jhm","10_11_02_16:41:10"
"IM_JO_190","JO",190,"T_JO_621",0,"6_1677","06_01_77_00:00:00","Tolbooth","Dumbarton",0,,"jhm","08_17_01_11:32:07","jhm","08_17_01_11:32:21"
"IM_JO_191","JO",191,"T_JO_622",0,"6_1677","06_01_77_00:00:00","Tolbooth","Dumbarton",0,,"jhm","08_17_01_11:36:56","jhm","08_17_01_11:37:07"
"IM_JO_192","JO",192,"T_JO_623",0,"6_1677","06_01_77_00:00:00","Tolbooth","Dumbarton",0,,"jhm","08_17_01_11:40:15","jhm","08_17_01_11:40:26"
"IM_JO_193","JO",193,"T_JO_624",0,"6_1677","06_01_77_00:00:00","Tolbooth","Dumbarton",0,,"jhm","08_17_01_11:43:32","jhm","08_17_01_11:43:44"
"IM_JO_194","JO",194,"T_JO_625",0,"6_1677","06_01_77_00:00:00","Tolbooth","Dumbarton",0,,"jhm","08_17_01_11:46:24","jhm","08_17_01_11:46:33"
"IM_JO_195","JO",195,"T_JO_626",0,"4_1677","04_01_77_00:00:00","Tolbooth","Stirling",0,,"jhm","08_17_01_12:02:05","jhm","08_17_01_12:02:17"
"IM_JO_196","JO",196,"T_JO_627",0,"4_1677","04_01_77_00:00:00","Tolbooth","Stirling",0,,"jhm","08_17_01_12:27:40","jhm","08_17_01_12:27:49"
"IM_JO_197","JO",197,"T_JO_628",0,"4_1677","04_01_77_00:00:00","Tolbooth","Stirling",0,,"jhm","08_17_01_12:36:48","jhm","08_17_01_12:37:01"
"IM_JO_198","JO",198,"T_JO_629",0,"4_1677","04_01_77_00:00:00","Tolbooth","Stirling",0,,"jhm","08_17_01_12:43:54","jhm","08_17_01_12:44:05"
"IM_JO_199","JO",199,"T_JO_630",0,"5_1677","05_01_77_00:00:00","Tolbooth","Haddington",0,,"jhm","08_17_01_12:54:15","jhm","08_17_01_12:54:32"
"IM_JO_20","JO",20,"T_JO_93",0,,,,"Dirleton",0,,"jhm","06_13_01_12:01:16","LEM","10_28_02_12:54:28"
"IM_JO_200","JO",200,"T_JO_631",0,"5_1678","05_01_78_00:00:00","Tolbooth","Prestonpans",0,,"jhm","08_17_01_13:13:49","jhm","08_17_01_13:14:08"
"IM_JO_201","JO",201,"T_JO_632",0,"5_1678","05_01_78_00:00:00","Tolbooth","Prestonpans",0,,"jhm","08_17_01_13:21:03","jhm","08_17_01_13:21:12"
"IM_JO_202","JO",202,"T_JO_633",0,"1_1673","01_01_73_00:00:00","Tolbooth","Scalloway",0,,"jhm","08_17_01_15:00:59","jhm","08_17_01_15:01:13"
"IM_JO_203","JO",203,"T_JO_634",0,"1_1673","01_01_73_00:00:00","Tolbooth","Scalloway",0,,"jhm","08_17_01_15:06:04","jhm","08_17_01_15:06:13"
"IM_JO_204","JO",204,"T_JO_637",0,"1_1673","01_01_73_00:00:00","Tolbooth","Scalloway",0,,"jhm","08_29_01_09:41:21","jhm","08_29_01_09:41:35"
"IM_JO_205","JO",205,"T_JO_638",0,"1_1673","01_01_73_00:00:00","Tolbooth","Scalloway",0,,"jhm","08_29_01_10:00:48","jhm","08_29_01_10:00:58"
"IM_JO_206","JO",206,"T_JO_640",0,"4_1669","04_01_69_00:00:00","Tolbooth","Duns",0,,"jhm","08_29_01_15:02:32","jhm","08_29_01_15:02:46"
"IM_JO_207","JO",207,"T_JO_641",0,"7_1669","07_01_69_00:00:00",,"Aberdeen",0,,"jhm","08_29_01_16:21:13","jhm","08_29_01_16:21:23"
"IM_JO_208","JO",208,"T_JO_642",0,"7_1669","07_01_69_00:00:00",,"Aberdeen",0,,"jhm","08_29_01_16:26:19","jhm","08_29_01_16:26:35"
"IM_JO_209","JO",209,"T_JO_643",0,"7_1669","07_01_69_00:00:00",,"Aberdeen",0,,"jhm","08_30_01_09:13:05","jhm","08_30_01_09:13:15"
"IM_JO_21","JO",21,"T_JO_94",0,"9_6_1649","06_09_49_00:00:00",,"Haddington",0,,"jhm","06_13_01_12:33:31","jhm","06_13_01_12:33:58"
"IM_JO_210","JO",210,"T_JO_644",0,"7_1669","07_01_69_00:00:00",,"Aberdeen",0,,"jhm","08_30_01_09:21:03","jhm","08_30_01_09:21:17"
"IM_JO_211","JO",211,"T_JO_645",0,"9_1669","09_01_69_00:00:00","Castle","Tioram",0,,"jhm","08_30_01_10:31:34","jhm","08_30_01_10:31:49"
"IM_JO_212","JO",212,"T_JO_646",0,"8_1669","08_01_69_00:00:00","Castle","Tioram",0,,"jhm","08_30_01_10:42:09","jhm","08_30_01_10:42:19"
"IM_JO_213","JO",213,"T_JO_647",0,,,"Castle","Tioram",0,,"jhm","08_30_01_10:46:52","jhm","10_11_02_16:54:13"
"IM_JO_214","JO",214,"T_JO_648",0,"11_1669","11_01_69_00:00:00","Tolbooth","Dundee",0,,"jhm","08_30_01_10:50:52","jhm","08_30_01_10:51:04"
"IM_JO_215","JO",215,"T_JO_649",0,"5_1670","05_01_70_00:00:00","Tolbooth","Lanark",0,,"jhm","08_30_01_11:13:58","jhm","08_30_01_11:21:05"
"IM_JO_216","JO",216,"T_JO_769",0,"1665","06_01_65_00:00:00","Tolbooth","Stirling",0,"Released","jhm","08_31_01_13:06:36","jhm","10_19_01_09:24:47"
"IM_JO_217","JO",217,"T_JO_769",1,"12_1664","12_01_64_00:00:00","Tolbooth","Edinburgh",0,"Moved","jhm","08_31_01_13:07:00","jhm","10_19_01_09:25:14"
"IM_JO_218","JO",218,"T_JO_770",0,,,,"Forfar",0,,"jhm","08_31_01_13:10:44","LEM","10_28_02_12:59:55"
"IM_JO_219","JO",219,"T_JO_772",0,"5_1666","05_01_66_00:00:00","Tolbooth","Anstruther_Wester",0,,"jhm","08_31_01_14:35:59","jhm","08_31_01_14:36:14"
"IM_JO_220","JO",220,"T_JO_773",0,"9_1666","09_01_66_00:00:00","Tolbooth","Torryburn",0,,"jhm","08_31_01_15:06:45","jhm","08_31_01_15:06:56"
"IM_JO_221","JO",221,"T_JO_774",0,"9_1666","09_01_66_00:00:00","Tolbooth","Torryburn",0,,"jhm","08_31_01_15:16:09","jhm","08_31_01_15:16:20"
"IM_JO_222","JO",222,"T_JO_775",0,"9_1666","09_01_66_00:00:00","Tolbooth","Torryburn",0,,"jhm","08_31_01_15:19:41","jhm","08_31_01_15:19:52"
"IM_JO_223","JO",223,"T_JO_776",0,"9_1666","09_01_66_00:00:00","Tolbooth","Torryburn",0,,"jhm","08_31_01_15:22:57","jhm","08_31_01_15:23:07"
"IM_JO_224","JO",224,"T_JO_777",0,"9_1666","09_01_66_00:00:00","Tolbooth","Torryburn",0,,"jhm","08_31_01_15:25:57","jhm","08_31_01_15:26:06"
"IM_JO_225","JO",225,"T_JO_778",0,"9_1666","09_01_66_00:00:00","Tolbooth","Torryburn",0,,"jhm","08_31_01_15:35:33","jhm","08_31_01_15:35:44"
"IM_JO_226","JO",226,"T_JO_779",0,"9_1666","09_01_66_00:00:00","Tolbooth","Torryburn",0,,"jhm","08_31_01_15:38:25","jhm","08_31_01_15:38:35"
"IM_JO_227","JO",227,"T_JO_780",0,"1_1667","01_01_67_00:00:00","Tolbooth","St_Andrews",0,,"jhm","08_31_01_15:45:06","jhm","08_31_01_15:45:18"
"IM_JO_228","JO",228,"T_JO_769",0,"1664","06_01_64_00:00:00",,"Dunblane",0,"Moved","jhm","08_31_01_16:05:14","jhm","08_31_01_16:05:41"
"IM_JO_229","JO",229,"T_JO_782",0,,,,"Jedburgh",0,,"jhm","09_03_01_11:03:26","jhm","10_11_02_16:18:30"
"IM_JO_23","JO",23,"T_JO_102",0,,,,"Haddington",0,,"jhm","06_14_01_14:43:33","LEM","10_28_02_12:53:58"
"IM_JO_230","JO",230,"T_JO_783",0,,,,"Jedburgh",0,,"jhm","09_03_01_11:09:48","jhm","10_11_02_16:18:49"
"IM_JO_231","JO",231,"T_JO_784",0,,,,"Jedburgh",0,,"jhm","09_03_01_11:13:45","jhm","10_11_02_16:18:55"
"IM_JO_232","JO",232,"T_JO_788",0,,,,"Tyninghame",0,,"jhm","09_04_01_14:52:11","jhm","10_18_02_10:54:48"
"IM_JO_233","JO",233,"T_JO_789",0,,,,"Tyninghame",0,,"jhm","09_04_01_15:06:52","jhm","10_18_02_11:02:37"
"IM_JO_235","JO",235,"T_JO_812",0,,,,,0,,"jhm","09_10_01_13:25:42","LEM","10_28_02_12:59:13"
"IM_JO_236","JO",236,"T_JO_813",0,,,,,0,,"jhm","09_10_01_13:30:28","LEM","10_28_02_12:58:20"
"IM_JO_237","JO",237,"T_JO_814",0,"9_1661","09_01_61_00:00:00",,,0,,"jhm","09_10_01_13:35:07","jhm","09_10_01_13:35:10"
"IM_JO_238","JO",238,"T_JO_815",0,"9_1661","09_01_61_00:00:00",,,0,,"jhm","09_10_01_13:40:30","jhm","09_10_01_13:40:35"
"IM_JO_239","JO",239,"T_JO_816",0,"9_1661","09_01_61_00:00:00",,,0,,"jhm","09_10_01_13:44:05","jhm","09_10_01_13:44:08"
"IM_JO_24","JO",24,"T_JO_104",0,,,,"Haddington",0,,"jhm","06_14_01_15:01:22","LEM","10_28_02_12:53:40"
"IM_JO_240","JO",240,"T_JO_817",0,"9_1661","09_01_61_00:00:00",,,0,,"jhm","09_10_01_13:48:26","jhm","09_10_01_13:48:29"
"IM_JO_241","JO",241,"T_JO_818",0,"9_1661","09_01_61_00:00:00",,,0,,"jhm","09_10_01_13:51:49","jhm","09_10_01_13:51:52"
"IM_JO_243","JO",243,"T_LA_402",0,"9_1661","09_01_61_00:00:00",,,0,"Released","jhm","09_10_01_14:15:08","jhm","09_24_01_14:00:29"
"IM_JO_244","JO",244,"T_JO_819",0,"9_1661","09_01_61_00:00:00",,,0,,"jhm","09_10_01_14:27:29","jhm","09_10_01_14:27:32"
"IM_JO_245","JO",245,"T_JO_830",0,,,"Tolbooth","Duns",0,"Released","jhm","09_12_01_16:07:59","LEM","10_28_02_12:59:29"
"IM_JO_246","JO",246,"T_JO_421",0,"3_1659","03_01_59_00:00:00","Tolbooth","Stirling",0,,"jhm","09_12_01_16:12:34","jhm","09_12_01_16:18:20"
"IM_JO_247","JO",247,"T_JO_419",0,"3_1659","03_01_59_00:00:00","Tolbooth","Stirling",0,,"jhm","09_12_01_16:14:52","jhm","09_12_01_16:17:25"
"IM_JO_248","JO",248,"T_JO_867",0,,,,"Falkland",0,"Released","jhm","09_24_01_14:11:24","jhm","10_11_02_16:54:50"
"IM_JO_249","JO",249,"T_JO_868",0,,,,"Falkland",0,"Released","jhm","09_24_01_14:20:20","jhm","10_11_02_16:55:08"
"IM_JO_25","JO",25,"T_JO_105",0,"7_1649","07_01_49_00:00:00",,"Haddington",0,,"jhm","06_14_01_15:14:22","jhm","06_14_01_15:14:29"
"IM_JO_250","JO",250,"T_JO_880",0,,,,"Lasswade",0,"Released","jhm","10_03_01_13:01:04","jhm","10_11_02_16:55:24"
"IM_JO_251","JO",251,"T_JO_881",0,,,"Tolbooth","Ayton",0,"Released","jhm","10_03_01_13:12:54","jhm","10_11_02_16:55:41"
"IM_JO_252","JO",252,"T_JO_896",0,,,"Tolbooth","Duns",0,"Released","jhm","10_03_01_16:03:13","jhm","10_11_02_16:55:58"
"IM_JO_253","JO",253,"T_JO_831",0,,,,"Rhynd",0,,"jhm","10_04_01_09:19:13","jhm","10_18_02_11:02:18"
"IM_JO_254","JO",254,"T_JO_832",0,,,,"Rhynd",0,,"jhm","10_04_01_09:30:35","jhm","10_18_02_11:01:51"
"IM_JO_255","JO",255,"T_JO_833",0,,,,"Rhynd",0,,"jhm","10_04_01_09:37:29","jhm","10_18_02_11:01:31"
"IM_JO_256","JO",256,"T_JO_834",0,,,,"Rhynd",0,,"jhm","10_04_01_09:43:24","jhm","10_18_02_11:01:12"
"IM_JO_257","JO",257,"T_JO_897",0,,,,"Rhynd",0,"Moved","jhm","10_04_01_09:55:46","LEM","10_28_02_13:01:19"
"IM_JO_258","JO",258,"T_JO_898",0,,,,"Rhynd",0,"Moved","jhm","10_04_01_10:03:54","LEM","10_28_02_13:00:46"
"IM_JO_259","JO",259,"T_JO_899",0,,,,"Rhynd",0,"Moved","jhm","10_04_01_10:10:52","LEM","10_28_02_13:00:30"
"IM_JO_26","JO",26,"T_JO_107",0,,,,"Haddington",0,,"jhm","06_15_01_09:23:24","LEM","10_28_02_12:55:05"
"IM_JO_260","JO",260,"T_JO_900",0,,,,"Rhynd",0,"Moved","jhm","10_04_01_10:17:33","LEM","10_28_02_13:01:04"
"IM_JO_261","JO",261,"T_JO_901",0,,,,"Rhynd",0,"Moved","jhm","10_04_01_10:26:13","LEM","10_28_02_13:00:12"
"IM_JO_262","JO",262,"T_JO_830",0,,,"Tolbooth","Eyemouth",0,"Released","jhm","10_04_01_10:56:35","LEM","10_28_02_12:59:43"
"IM_JO_263","JO",263,"T_JO_905",0,,,,"Eyemouth",0,"Released","jhm","10_04_01_11:38:45","jhm","10_11_02_16:56:15"
"IM_JO_264","JO",264,"T_JO_939",0,,,,,0,,"jhm","10_09_01_10:42:19","LEM","10_28_02_13:03:27"
"IM_JO_265","JO",265,"T_JO_940",0,,,,,0,,"jhm","10_09_01_10:46:51","LEM","10_28_02_13:03:14"
"IM_JO_266","JO",266,"T_JO_941",0,,,,,0,,"jhm","10_09_01_10:50:46","LEM","10_28_02_13:03:03"
"IM_JO_267","JO",267,"T_JO_942",0,,,,,0,,"jhm","10_09_01_10:54:25","LEM","10_28_02_13:02:49"
"IM_JO_268","JO",268,"T_JO_943",0,"5_1662","05_01_62_00:00:00",,,0,,"jhm","10_09_01_10:58:43","jhm","10_09_01_10:58:47"
"IM_JO_269","JO",269,"T_JO_944",0,,,,,0,,"jhm","10_09_01_11:51:06","LEM","10_28_02_13:01:37"
"IM_JO_27","JO",27,"T_JO_108",0,,,,"Haddington",0,,"jhm","06_15_01_09:39:57","LEM","10_28_02_12:54:11"
"IM_JO_270","JO",270,"T_JO_945",0,,,,,0,,"jhm","10_09_01_11:56:33","LEM","10_28_02_13:02:08"
"IM_JO_271","JO",271,"T_JO_946",0,,,,,0,,"jhm","10_09_01_12:00:15","LEM","10_28_02_13:01:52"
"IM_JO_272","JO",272,"T_JO_947",0,,,,,0,,"jhm","10_09_01_12:06:32","jhm","10_18_02_11:42:34"
"IM_JO_273","JO",273,"T_JO_951",0,,,,"Lauder",0,,"jhm","10_09_01_13:03:55","LEM","10_28_02_13:04:29"
"IM_JO_274","JO",274,"T_JO_952",0,,,,"Lauder",0,,"jhm","10_09_01_13:15:05","LEM","10_28_02_13:04:55"
"IM_JO_275","JO",275,"T_JO_953",0,,,,"Lauder",0,,"jhm","10_09_01_13:28:09","LEM","10_28_02_13:04:43"
"IM_JO_276","JO",276,"T_JO_957",1,,,,"Edinburgh",0,,"jhm","10_09_01_15:32:34","LEM","10_28_02_13:04:13"
"IM_JO_277","JO",277,"T_JO_957",0,,,"Tolbooth","Auchtermuchty",1,"Moved","jhm","10_09_01_15:32:49","LEM","10_28_02_13:04:10"
"IM_JO_278","JO",278,"T_JO_958",0,,,"Tolbooth","Jedburgh",0,,"jhm","10_09_01_15:45:00","jhm","10_11_02_16:56:32"
"IM_JO_279","JO",279,"T_JO_969",0,"10_1_1662","01_10_62_00:00:00",,"Montrose",1,"Moved","jhm","10_11_01_09:18:01","jhm","10_11_01_09:18:41"
"IM_JO_28","JO",28,"T_JO_109",0,,,,"Haddington",0,,"jhm","06_15_01_09:52:51","jhm","10_11_02_16:41:52"
"IM_JO_280","JO",280,"T_JO_969",0,"16_9_1662","09_16_62_00:00:00",,"Forfar",0,"Released","jhm","10_11_01_09:18:41","jhm","10_11_01_09:19:21"
"IM_JO_281","JO",281,"T_JO_970",0,"10_1_1662","01_10_62_00:00:00",,"Montrose",1,"Moved","jhm","10_11_01_09:30:04","jhm","10_11_01_09:30:18"
"IM_JO_282","JO",282,"T_JO_970",0,"16_9_1662","09_16_62_00:00:00",,"Forfar",0,"Released","jhm","10_11_01_09:30:18","jhm","10_11_01_09:30:30"
"IM_JO_283","JO",283,"T_JO_984",0,"7_1662","07_01_62_00:00:00","Tolbooth","Inverness",0,,"jhm","10_11_01_12:59:44","jhm","10_11_01_13:00:01"
"IM_JO_284","JO",284,"T_JO_986",0,,,"House","Comer",0,,"jhm","10_11_01_13:19:36","jhm","10_18_02_11:00:53"
"IM_JO_285","JO",285,"T_JO_987",0,,,"House","Comer",0,,"jhm","10_11_01_13:35:38","jhm","10_18_02_11:00:48"
"IM_JO_286","JO",286,"T_JO_988",0,"6_1662","06_01_62_00:00:00",,,0,,"jhm","10_11_01_14:41:21","jhm","10_11_01_14:41:26"
"IM_JO_287","JO",287,"T_JO_989",0,,,"House","Comer",0,,"jhm","10_11_01_14:48:41","jhm","10_18_02_11:00:09"
"IM_JO_288","JO",288,"T_JO_990",0,,,"House","Comer",0,,"jhm","10_11_01_14:56:15","jhm","10_18_02_11:00:26"
"IM_JO_289","JO",289,"T_JO_991",0,,,"House","Comer",0,,"jhm","10_11_01_15:05:18","jhm","10_18_02_10:59:52"
"IM_JO_29","JO",29,"T_JO_111",0,,,,"Haddington",0,,"jhm","06_15_01_10:00:49","jhm","10_11_02_16:42:09"
"IM_JO_290","JO",290,"T_JO_992",0,,,"House","Comer",0,,"jhm","10_11_01_15:12:39","jhm","10_18_02_10:59:33"
"IM_JO_291","JO",291,"T_JO_993",0,,,"House","Comer",0,,"jhm","10_11_01_15:19:36","jhm","10_18_02_10:58:55"
"IM_JO_292","JO",292,"T_JO_994",0,,,"House","Comer",0,,"jhm","10_11_01_15:27:01","jhm","10_18_02_10:58:17"
"IM_JO_293","JO",293,"T_JO_996",0,,,"House","Comer",0,,"jhm","10_11_01_15:39:19","jhm","10_18_02_10:57:52"
"IM_JO_294","JO",294,"T_JO_998",0,,,"House","Comer",0,,"jhm","10_11_01_15:53:50","jhm","10_18_02_10:56:54"
"IM_JO_295","JO",295,"T_JO_999",0,,,"House","Comer",0,,"jhm","10_11_01_16:01:10","jhm","10_11_02_16:56:41"
"IM_JO_296","JO",296,"T_JO_1007",0,"8_1662","08_01_62_00:00:00",,,0,,"jhm","10_18_01_15:03:43","jhm","10_18_01_15:03:48"
"IM_JO_297","JO",297,"T_JO_1008",0,"8_1662","08_01_62_00:00:00",,,0,,"jhm","10_18_01_15:08:05","jhm","10_18_01_15:08:08"
"IM_JO_298","JO",298,"T_JO_1009",0,"8_1662","08_01_62_00:00:00",,,0,,"jhm","10_18_01_15:11:24","jhm","10_18_01_15:11:28"
"IM_JO_299","JO",299,"T_JO_1010",0,"8_1662","08_01_62_00:00:00",,,0,,"jhm","10_18_01_15:15:00","jhm","10_18_01_15:15:03"
"IM_JO_30","JO",30,"T_JO_112",0,,,,"Haddington",0,,"jhm","06_15_01_10:06:17","jhm","10_11_02_16:42:14"
"IM_JO_300","JO",300,"T_JO_1011",0,"8_1662","08_01_62_00:00:00",,,0,,"jhm","10_18_01_15:18:35","jhm","10_18_01_15:18:39"
"IM_JO_301","JO",301,"T_JO_1012",0,"8_1662","08_01_62_00:00:00",,,0,,"jhm","10_18_01_15:21:47","jhm","10_18_01_15:21:51"
"IM_JO_302","JO",302,"T_JO_1017",0,,,"Wardhouse","Forfar",0,"Released","jhm","10_18_01_16:25:18","jhm","11_13_02_12:23:03"
"IM_JO_303","JO",303,"T_JO_769",0,"1664","06_01_64_00:00:00",,"Stirling",0,"Moved","jhm","10_19_01_09:20:41","jhm","10_19_01_09:21:01"
"IM_JO_304","JO",304,"T_JO_1019",0,,,"Tolbooth","Paisley",0,,"jhm","10_19_01_09:43:00","jhm","10_21_02_16:49:51"
"IM_JO_305","JO",305,"T_JO_1020",0,,,,"Lauder",0,"Released","jhm","10_19_01_09:55:44","jhm","10_11_02_16:57:19"
"IM_JO_308","JO",308,"T_JO_1073",0,,,"Tolbooth","Canongate",0,,"jhm","10_22_01_13:29:07","jhm","10_11_02_16:57:24"
"IM_JO_309","JO",309,"T_JO_1075",0,"8_1661","08_01_61_00:00:00","Tolbooth","Forfar",0,,"jhm","10_22_01_15:01:11","jhm","10_22_01_15:01:20"
"IM_JO_31","JO",31,"T_JO_113",0,,,,"Haddington",0,,"jhm","06_15_01_10:10:57","jhm","10_11_02_16:42:43"
"IM_JO_310","JO",310,"T_JO_1076",0,"8_1661","08_01_61_00:00:00","Tolbooth","Forfar",0,,"jhm","10_22_01_15:05:48","jhm","10_22_01_15:05:59"
"IM_JO_311","JO",311,"T_JO_1077",0,"29_1_1706","01_29_06_00:00:00","Tolbooth","Wigtown",0,"Escaped","jhm","10_23_01_10:45:05","jhm","10_23_01_10:45:26"
"IM_JO_318","JO",318,"T_JO_1111",0,"8_1646","08_01_46_00:00:00",,,0,"Released","jhm","11_27_01_09:59:08","jhm","11_27_01_10:01:09"
"IM_JO_319","JO",319,"T_JO_1113",0,"22_11_1649","11_22_49_00:00:00","Tolbooth","Lanark",0,"Released","jhm","11_27_01_12:24:27","jhm","10_18_02_11:50:00"
"IM_JO_32","JO",32,"T_JO_114",0,,,,"Haddington",0,,"jhm","06_15_01_10:15:41","jhm","10_11_02_16:42:47"
"IM_JO_320","JO",320,"T_JO_1114",0,,,"Tolbooth","Lanark",0,"Released","jhm","11_27_01_12:46:27","LEM","10_28_02_13:09:27"
"IM_JO_321","JO",321,"T_JO_1115",0,"22_11_1649","11_22_49_00:00:00","Tolbooth","Lanark",0,,"jhm","11_27_01_13:14:08","jhm","10_18_02_11:50:48"
"IM_JO_322","JO",322,"T_JO_1116",0,"22_11_1649","11_22_49_00:00:00","Tolbooth","Lanark",0,"Released","jhm","11_27_01_13:23:53","jhm","10_18_02_11:50:32"
"IM_JO_323","JO",323,"T_JO_1117",0,"22_11_1649","11_22_49_00:00:00","Tolbooth","Lanark",0,"Released","jhm","11_27_01_13:36:23","jhm","10_18_02_11:50:15"
"IM_JO_324","JO",324,"T_JO_1118",0,"22_11_1649","11_22_49_00:00:00","Tolbooth","Lanark",0,"Released","jhm","11_27_01_14:00:52","jhm","10_18_02_11:49:36"
"IM_JO_325","JO",325,"T_JO_1119",0,,,"Tolbooth","Lanark",0,"Released","jhm","11_27_01_15:11:05","jhm","10_21_02_13:29:55"
"IM_JO_326","JO",326,"T_JO_1120",0,,,"Tolbooth","Lanark",0,,"jhm","11_27_01_15:24:06","LEM","10_28_02_13:10:35"
"IM_JO_327","JO",327,"T_JO_1121",0,"22_11_1649","11_22_49_00:00:00","Tolbooth","Lanark",0,"Released","jhm","11_27_01_15:32:17","jhm","10_18_02_10:53:27"
"IM_JO_328","JO",328,"T_JO_1122",0,"22_11_1649","11_22_49_00:00:00","Tolbooth","Lanark",0,"Released","jhm","11_27_01_15:41:25","jhm","10_18_02_10:53:41"
"IM_JO_329","JO",329,"T_JO_1123",0,"22_11_1649","11_22_49_00:00:00","Tolbooth","Lanark",0,"Released","jhm","11_27_01_15:50:59","jhm","10_18_02_10:54:01"
"IM_JO_33","JO",33,"T_JO_115",0,,,,"Haddington",0,,"jhm","06_15_01_10:22:15","jhm","10_11_02_16:43:04"
"IM_JO_330","JO",330,"T_JO_1125",0,"9_1649","09_01_49_00:00:00",,"Renfrew",0,,"jhm","12_04_01_09:34:06","jhm","12_04_01_09:34:15"
"IM_JO_331","JO",331,"T_JO_1126",0,"9_1649","09_01_49_00:00:00",,"Renfrew",0,,"jhm","12_04_01_09:42:26","jhm","12_04_01_09:43:24"
"IM_JO_332","JO",332,"T_JO_1127",0,"9_1649","09_01_49_00:00:00",,"Renfrew",0,,"jhm","12_04_01_09:45:01","jhm","12_04_01_09:45:40"
"IM_JO_333","JO",333,"T_JO_1128",0,"9_1649","09_01_49_00:00:00",,"Renfrew",0,,"jhm","12_04_01_09:47:49","jhm","12_04_01_09:51:40"
"IM_JO_334","JO",334,"T_JO_1132",0,"2_1697","02_01_97_00:00:00","House",,1,,"jhm","12_04_01_14:45:11","jhm","12_04_01_14:45:25"
"IM_JO_335","JO",335,"T_JO_1133",0,"2_1697","02_01_97_00:00:00","House",,1,,"jhm","12_04_01_15:00:57","jhm","12_04_01_15:01:07"
"IM_JO_336","JO",336,"T_JO_1134",0,,,"House",,1,,"jhm","12_04_01_15:09:13","jhm","10_18_02_10:51:08"
"IM_JO_337","JO",337,"T_JO_1168",0,"2_1696","02_01_96_00:00:00",,"Greenock",0,,"jhm","12_06_01_14:40:08","jhm","12_06_01_14:41:44"
"IM_JO_338","JO",338,"T_JO_1169",0,,,,"Balliemore",0,,"jhm","01_14_02_09:49:17","jhm","10_18_02_10:50:51"
"IM_JO_339","JO",339,"T_JO_1173",0,"4_1649","04_01_49_00:00:00",,"Inverkeithing",0,,"jhm","01_16_02_12:52:41","jhm","01_16_02_12:54:13"
"IM_JO_34","JO",34,"T_JO_116",0,,,,"Haddington",0,,"jhm","06_15_01_10:28:12","jhm","10_11_02_16:43:25"
"IM_JO_340","JO",340,"T_JO_1174",0,"4_1649","04_01_49_00:00:00",,"Inverkeithing",0,,"jhm","01_16_02_13:07:52","jhm","01_16_02_13:08:42"
"IM_JO_341","JO",341,"T_JO_1175",0,"4_1649","04_01_49_00:00:00",,"Inverkeithing",0,,"jhm","01_16_02_13:13:11","jhm","01_16_02_13:13:18"
"IM_JO_342","JO",342,"T_JO_1177",0,"8_1661","08_01_61_00:00:00",,"Aberdour",0,,"jhm","01_16_02_15:18:17","jhm","01_16_02_15:18:31"
"IM_JO_343","JO",343,"T_JO_1178",0,,,,"Aberdour",0,,"jhm","01_16_02_15:36:19","jhm","10_18_02_10:50:35"
"IM_JO_344","JO",344,"T_JO_1179",0,,,,"Aberdour",0,,"jhm","01_16_02_15:41:22","jhm","10_18_02_10:50:31"
"IM_JO_345","JO",345,"T_JO_1185",0,"9_1638","09_01_38_00:00:00","Steeple","Dysart",0,"Released","jhm","01_17_02_15:14:07","jhm","01_17_02_15:17:13"
"IM_JO_346","JO",346,"T_JO_1183",0,"10_1638","10_01_38_00:00:00",,"Dysart",0,,"jhm","01_17_02_15:26:37","jhm","01_17_02_15:26:55"
"IM_JO_347","JO",347,"T_JO_1184",0,"10_1638","10_01_38_00:00:00",,"Dysart",0,,"jhm","01_17_02_15:27:08","jhm","01_17_02_15:27:15"
"IM_JO_348","JO",348,"T_JO_1186",0,"1_1639","01_01_39_00:00:00",,"Wemyss",0,,"jhm","01_17_02_15:40:04","jhm","01_17_02_15:40:10"
"IM_JO_349","JO",349,"T_JO_1188",0,"9_1642","09_01_42_00:00:00","Steeple","Dysart",0,"Released","jhm","01_22_02_10:11:23","jhm","01_22_02_10:11:41"
"IM_JO_35","JO",35,"T_JO_117",0,,,,"Haddington",0,,"jhm","06_15_01_10:32:21","jhm","10_11_02_16:43:41"
"IM_JO_350","JO",350,"T_LA_1077",0,,,,"Dysart",0,"Released","jhm","01_22_02_12:40:08","LEM","10_28_02_12:51:24"
"IM_JO_351","JO",351,"T_JO_1206",0,"12_1649","12_01_49_00:00:00",,"Brechin",0,,"jhm","02_07_02_10:25:39","jhm","02_07_02_10:25:50"
"IM_JO_352","JO",352,"T_JO_1208",0,"4_1650","04_01_50_00:00:00","Steeple","Brechin",0,,"jhm","02_07_02_14:16:10","jhm","02_14_02_10:47:06"
"IM_JO_353","JO",353,"T_JO_1209",0,,,,"Montrose",0,,"jhm","02_07_02_15:10:24","jhm","10_18_02_10:49:59"
"IM_JO_354","JO",354,"T_JO_1212",0,"9_1659","09_01_59_00:00:00",,"Montrose",0,,"jhm","02_14_02_12:09:32","jhm","10_29_02_10:51:33"
"IM_JO_36","JO",36,"T_JO_118",0,,,,"Haddington",0,,"jhm","06_15_01_10:36:49","jhm","10_11_02_16:43:58"
"IM_JO_37","JO",37,"T_JO_126",0,"15_8_1649","08_15_49_00:00:00",,"Humbie",0,,"jhm","06_15_01_12:47:08","jhm","06_15_01_12:47:17"
"IM_JO_38","JO",38,"T_JO_127",0,"15_8_1649","08_15_49_00:00:00",,"Humbie",0,,"jhm","06_15_01_12:51:19","jhm","06_15_01_12:51:31"
"IM_JO_389","JO",389,"T_LA_497",0,,,"Steeple",,0,"Released","jhm","02_19_02_10:11:35","LEM","10_28_02_12:43:38"
"IM_JO_39","JO",39,"T_JO_128",0,"15_8_1649","08_15_49_00:00:00",,"Humbie",0,,"jhm","06_15_01_12:58:10","jhm","06_15_01_12:58:24"
"IM_JO_390","JO",390,"T_LA_497",0,,,"Tolbooth","Perth",0,"Released","jhm","02_19_02_10:14:51","LEM","10_28_02_12:43:40"
"IM_JO_391","JO",391,"T_LA_497",0,,,,,0,,"jhm","02_19_02_10:18:44","LEM","10_28_02_12:43:42"
"IM_JO_392","JO",392,"T_JO_1265",0,"11_1646","11_01_46_00:00:00",,"Elgin",0,"Escaped","jhm","03_27_02_10:44:16","jhm","03_27_02_10:44:29"
"IM_JO_393","JO",393,"T_JO_1266",0,"9_1636","09_01_36_00:00:00",,"Aberdeen",0,"Escaped","jhm","03_28_02_11:04:28","jhm","03_28_02_11:04:41"
"IM_JO_394","JO",394,"T_JO_1271",0,"3_1719","03_01_19_00:00:00",,"Thurso",0,,"jhm","04_17_02_09:22:08","jhm","04_17_02_09:22:23"
"IM_JO_395","JO",395,"T_JO_1272",0,"3_1719","03_01_19_00:00:00",,"Thurso",0,,"jhm","04_17_02_09:32:21","jhm","04_17_02_09:32:31"
"IM_JO_396","JO",396,"T_JO_1273",0,"3_1719","03_01_19_00:00:00",,"Thurso",0,,"jhm","04_17_02_09:37:35","jhm","04_17_02_09:37:42"
"IM_JO_397","JO",397,"T_JO_1274",0,"3_1719","03_01_19_00:00:00",,"Thurso",0,,"jhm","04_17_02_09:41:22","jhm","04_17_02_09:41:29"
"IM_JO_398","JO",398,"T_JO_1275",0,"3_1719","03_01_19_00:00:00",,"Thurso",0,,"jhm","04_17_02_09:44:47","jhm","04_17_02_09:44:52"
"IM_JO_399","JO",399,"T_JO_1276",0,"3_1719","03_01_19_00:00:00",,"Thurso",0,,"jhm","04_17_02_09:48:22","jhm","04_17_02_09:48:30"
"IM_JO_40","JO",40,"T_JO_129",0,"15_8_1649","08_15_49_00:00:00",,"Humbie",0,,"jhm","06_15_01_13:02:06","jhm","06_15_01_13:02:14"
"IM_JO_400","JO",400,"T_JO_1289",0,,,,"Dumfries",0,"Released","jhm","05_01_02_16:19:50","jhm","10_18_02_10:49:40"
"IM_JO_402","JO",402,"T_JO_1298",0,"1_1598","01_01_98_00:00:00",,"Aberdeen",0,,"jhm","05_09_02_12:04:24","jhm","05_09_02_12:06:51"
"IM_JO_403","JO",403,"T_JO_1300",0,"1_1597","01_01_97_00:00:00",,"Slains",0,"Moved","jhm","05_09_02_13:02:29","jhm","05_09_02_13:07:01"
"IM_JO_404","JO",404,"T_JO_1300",0,"4_1597","04_01_97_00:00:00",,"Aberdeen",0,,"jhm","05_09_02_13:07:02","jhm","05_09_02_13:07:33"
"IM_JO_405","JO",405,"T_JO_1306",0,"11_1597","11_01_97_00:00:00",,"Aberdeen",0,"Released","jhm","05_13_02_12:25:59","jhm","05_13_02_12:26:13"
"IM_JO_406","JO",406,"T_JO_1307",0,"1596","06_01_96_00:00:00","Castle","Slains",0,"Released","jhm","05_14_02_11:11:02","jhm","05_14_02_11:11:26"
"IM_JO_409","JO",409,"T_JO_1405",0,,,,"Kirkwall",0,,"jhm","06_17_02_15:13:55","jhm","10_18_02_10:48:53"
"IM_JO_41","JO",41,"T_JO_130",0,,,,"Humbie",0,,"jhm","06_15_01_13:05:46","jhm","10_11_02_16:44:34"
"IM_JO_410","JO",410,"T_JO_1406",0,,,,"Kirwall",0,,"jhm","06_17_02_15:19:26","jhm","10_18_02_10:48:34"
"IM_JO_411","JO",411,"T_JO_1407",0,,,,"Kirkwall",0,,"jhm","06_17_02_15:21:53","jhm","10_18_02_10:48:28"
"IM_JO_412","JO",412,"T_JO_1408",0,,,,"Kirkwall",0,,"jhm","06_17_02_15:24:10","jhm","10_18_02_10:47:53"
"IM_JO_413","JO",413,"T_JO_1411",0,,,,"Kirkwall",0,,"jhm","06_17_02_15:55:42","jhm","10_18_02_10:47:17"
"IM_JO_414","JO",414,"T_JO_1435",0,,,"Tolbooth","Stirling",0,,"jhm","06_27_02_14:56:16","jhm","10_18_02_10:46:59"
"IM_JO_415","JO",415,"T_JO_1446",0,,,,"Dysart",0,,"jhm","07_02_02_09:19:12","LEM","10_28_02_13:10:54"
"IM_JO_416","JO",416,"T_JO_1450",0,,,,"Dysart",0,,"jhm","07_02_02_09:36:21","LEM","10_28_02_13:11:11"
"IM_JO_417","JO",417,"T_JO_1452",0,,,,"Dysart",0,,"jhm","07_02_02_09:46:32","LEM","10_28_02_13:11:35"
"IM_JO_418","JO",418,"T_JO_1456",0,"7_8_1649","08_07_49_00:00:00",,"Dysart",0,,"jhm","07_02_02_10:00:17","jhm","07_02_02_10:00:27"
"IM_JO_419","JO",419,"T_JO_1457",0,,,,"Dysart",0,,"jhm","07_02_02_10:13:15","LEM","10_28_02_13:11:53"
"IM_JO_42","JO",42,"T_JO_132",0,"15_8_1649","08_15_49_00:00:00",,"Humbie",0,,"jhm","06_15_01_13:37:14","jhm","06_15_01_13:37:21"
"IM_JO_420","JO",420,"T_JO_1458",0,,,,"Dysart",0,,"jhm","07_02_02_10:18:12","jhm","10_18_02_10:43:56"
"IM_JO_421","JO",421,"T_JO_1459",0,,,,"Dysart",0,,"jhm","07_02_02_10:23:51","jhm","10_18_02_10:43:37"
"IM_JO_422","JO",422,"T_JO_1461",0,,,,"Lauder",0,,"jhm","07_02_02_15:37:13","jhm","10_18_02_10:43:15"
"IM_JO_424","JO",424,"T_JO_1463",0,,,,"Stirling",0,,"jhm","07_03_02_11:00:44","jhm","10_18_02_10:42:53"
"IM_JO_425","JO",425,"T_JO_1464",0,,,,"Stirling",0,,"jhm","07_03_02_11:04:39","jhm","10_18_02_10:42:35"
"IM_JO_426","JO",426,"T_JO_1471",0,"5_1658","05_01_58_00:00:00",,"Alloa",0,,"jhm","07_04_02_11:21:42","jhm","07_04_02_11:26:25"
"IM_JO_427","JO",427,"T_LA_1296",0,"6_1658","06_01_58_00:00:00",,"Alloa",0,,"jhm","07_04_02_12:25:24","jhm","07_04_02_12:25:36"
"IM_JO_428","JO",428,"T_LA_1295",0,"6_1658","06_01_58_00:00:00",,"Alloa",0,,"jhm","07_04_02_13:43:27","jhm","07_04_02_13:43:37"
"IM_JO_429","JO",429,"T_LA_1294",0,"6_1658","06_01_58_00:00:00",,"Alloa",0,,"jhm","07_04_02_14:04:09","jhm","07_04_02_14:04:18"
"IM_JO_43","JO",43,"T_JO_133",0,,,,"Haddington",0,,"jhm","06_18_01_09:17:24","jhm","10_11_02_16:45:08"
"IM_JO_430","JO",430,"T_JO_1487",0,"6_1658","06_01_58_00:00:00",,"Alloa",0,,"jhm","07_04_02_15:14:05","jhm","07_04_02_15:14:13"
"IM_JO_431","JO",431,"T_JO_1497",0,"4_1597","04_01_97_00:00:00","Tolbooth","Aberdeen",0,,"jhm","07_09_02_12:03:10","jhm","07_09_02_12:03:23"
"IM_JO_432","JO",432,"T_JO_1514",0,,,,"Corstorphine",0,"Died","jhm","07_11_02_10:28:44","LEM","10_28_02_13:07:36"
"IM_JO_433","JO",433,"T_JO_1515",0,"6_1649","06_01_49_00:00:00",,"Corstorphine",0,,"jhm","07_11_02_11:06:41","jhm","07_11_02_11:07:00"
"IM_JO_434","JO",434,"T_JO_1532",0,,,,"Corstorphine",0,,"jhm","07_11_02_13:41:46","LEM","10_28_02_13:05:32"
"IM_JO_435","JO",435,"T_JO_1534",0,"9_1649","09_01_49_00:00:00",,"Corstorphine",0,,"jhm","07_11_02_15:05:27","jhm","07_11_02_15:05:38"
"IM_JO_436","JO",436,"T_JO_1535",0,,,,"Dunfermline",0,,"jhm","07_11_02_16:02:29","LEM","10_28_02_13:07:57"
"IM_JO_437","JO",437,"T_JO_1536",0,"12_1649","12_01_49_00:00:00",,"Dunfermline",0,,"jhm","07_11_02_16:13:15","jhm","07_11_02_16:13:23"
"IM_JO_438","JO",438,"T_JO_1537",0,"1649","06_01_49_00:00:00",,"Dunfermline",0,,"jhm","07_11_02_16:15:57","jhm","07_11_02_16:16:50"
"IM_JO_439","JO",439,"T_JO_1317",0,,,"Tolbooth","Aberdeen",0,,"jhm","07_18_02_12:32:11","jhm","10_18_02_10:49:16"
"IM_JO_44","JO",44,"T_JO_134",0,,,,"Haddington",0,,"jhm","06_18_01_09:23:08","jhm","10_11_02_16:45:27"
"IM_JO_45","JO",45,"T_JO_138",0,"10_1649","10_01_49_00:00:00","Tolbooth","Stenton",0,"Escaped","jhm","06_18_01_10:01:18","jhm","06_18_01_10:01:43"
"IM_JO_451","JO",451,"T_JO_1641",0,,,,,0,"Released","jhm","07_22_02_14:27:13","jhm","10_18_02_10:42:14"
"IM_JO_452","JO",452,"T_JO_1642",0,,,,,0,,"jhm","07_22_02_14:31:53","jhm","10_18_02_10:41:54"
"IM_JO_453","JO",453,"T_JO_1643",0,,,,,0,,"jhm","07_22_02_14:36:25","jhm","10_18_02_10:41:49"
"IM_JO_454","JO",454,"T_JO_1644",0,,,,,0,,"jhm","07_22_02_14:40:53","jhm","10_18_02_10:41:32"
"IM_JO_455","JO",455,"T_JO_1645",0,,,,,0,,"jhm","07_22_02_14:45:49","jhm","10_18_02_10:41:14"
"IM_JO_456","JO",456,"T_JO_1646",0,,,,,0,,"jhm","07_22_02_14:49:09","jhm","10_18_02_10:40:44"
"IM_JO_457","JO",457,"T_JO_1647",0,,,,,0,,"jhm","07_22_02_14:51:44","jhm","10_18_02_10:40:27"
"IM_JO_458","JO",458,"T_JO_1648",0,,,,,0,,"jhm","07_22_02_14:54:54","jhm","10_18_02_10:40:08"
"IM_JO_459","JO",459,"T_JO_1649",0,"12_1649","12_01_49_00:00:00",,,0,,"jhm","07_22_02_14:57:28","jhm","07_22_02_14:57:32"
"IM_JO_46","JO",46,"T_JO_146",0,,,,"Haddington",0,,"jhm","06_18_01_12:11:03","jhm","10_11_02_16:46:35"
"IM_JO_460","JO",460,"T_JO_1650",0,,,,,0,,"jhm","07_22_02_15:01:30","jhm","10_18_02_10:39:25"
"IM_JO_461","JO",461,"T_JO_1651",0,,,,,0,,"jhm","07_22_02_15:07:34","jhm","10_18_02_10:39:08"
"IM_JO_462","JO",462,"T_LA_1028",0,,,,"Burntisland",0,,"jhm","07_23_02_10:31:35","LEM","10_28_02_12:56:05"
"IM_JO_463","JO",463,"T_JO_1661",0,,,"Tolbooth","Inveresk",0,,"jhm","07_23_02_16:12:24","jhm","10_18_02_10:39:03"
"IM_JO_464","JO",464,"T_JO_1662",0,"11_1661","11_01_61_00:00:00","Tolbooth","Inveresk",0,,"jhm","07_23_02_16:18:00","jhm","07_24_02_09:30:44"
"IM_JO_465","JO",465,"T_JO_1663",0,,,,"Newbattle",0,,"jhm","07_24_02_10:53:30","LEM","10_28_02_14:15:05"
"IM_JO_466","JO",466,"T_JO_1666",0,,,,"Newbattle",0,,"jhm","07_24_02_12:02:44","jhm","10_18_02_10:37:57"
"IM_JO_467","JO",467,"T_JO_1667",0,,,,"Newbattle",0,,"jhm","07_24_02_12:05:49","jhm","10_18_02_10:37:34"
"IM_JO_468","JO",468,"T_JO_1674",1,"19_6_1649","06_19_49_00:00:00","Tolbooth","Edinburgh",0,,"jhm","07_30_02_14:18:48","jhm","07_30_02_14:19:01"
"IM_JO_469","JO",469,"T_JO_1688",0,"2_1598","02_01_98_00:00:00","House","Lathetker",0,,"jhm","08_02_02_11:15:10","jhm","08_02_02_11:15:28"
"IM_JO_47","JO",47,"T_JO_147",0,,,,"Haddington",0,,"jhm","06_18_01_12:14:41","jhm","10_11_02_16:46:51"
"IM_JO_470","JO",470,"T_JO_1694",0,"7_1675","07_01_75_00:00:00",,"Crail",0,"Died","jhm","08_02_02_14:11:44","jhm","08_02_02_14:11:58"
"IM_JO_471","JO",471,"T_JO_1695",0,"6_1704","06_01_04_00:00:00",,"Pittenweem",0,,"jhm","08_02_02_15:04:34","jhm","08_02_02_15:04:43"
"IM_JO_472","JO",472,"T_JO_1696",0,"6_1704","06_01_04_00:00:00",,"Pittenweem",0,,"jhm","08_02_02_15:09:26","jhm","08_02_02_15:09:33"
"IM_JO_473","JO",473,"T_JO_1697",0,"6_1704","06_01_04_00:00:00",,"Pittenweem",0,,"jhm","08_02_02_15:14:15","jhm","08_02_02_15:14:21"
"IM_JO_474","JO",474,"T_JO_1698",0,"6_1704","06_01_04_00:00:00",,"Pittenweem",0,,"jhm","08_02_02_15:18:27","jhm","08_02_02_15:18:33"
"IM_JO_475","JO",475,"T_JO_1699",0,,,,"Pittenweem",0,,"jhm","08_02_02_15:27:46","jhm","10_18_02_10:55:04"
"IM_JO_476","JO",476,"T_JO_1712",0,,,"Tolbooth","Haddington",0,,"jhm","08_07_02_15:24:12","LEM","10_28_02_13:06:54"
"IM_JO_477","JO",477,"T_JO_1713",0,,,"Tolbooth","Haddington",0,,"jhm","08_07_02_15:37:56","LEM","10_28_02_13:09:06"
"IM_JO_48","JO",48,"T_JO_148",0,,,,"Haddington",0,"Released","jhm","06_18_01_12:19:06","jhm","10_11_02_16:47:13"
"IM_JO_480","JO",480,"T_JO_1789",0,,,"Tolbooth","Haddington",0,,"jhm","08_07_02_16:09:31","LEM","10_28_02_13:07:07"
"IM_JO_481","JO",481,"T_JO_1790",0,,,"Tolbooth","Haddington",0,,"jhm","08_07_02_16:15:27","LEM","10_28_02_13:07:25"
"IM_JO_482","JO",482,"T_JO_1791",0,,,"Tolbooth","Haddington",0,,"jhm","08_07_02_16:21:17","LEM","10_28_02_13:08:42"
"IM_JO_483","JO",483,"T_JO_1813",0,"5_1661","05_01_61_00:00:00",,"Haddington",0,,"jhm","08_20_02_10:57:50","jhm","08_20_02_10:58:01"
"IM_JO_484","JO",484,"T_JO_1812",0,"5_1661","05_01_61_00:00:00",,"Haddington",0,,"jhm","08_20_02_10:58:54","jhm","08_20_02_10:59:15"
"IM_JO_485","JO",485,"T_JO_1814",0,,,,"Haddington",0,,"jhm","08_20_02_11:08:35","LEM","10_28_02_12:57:13"
"IM_JO_486","JO",486,"T_JO_1815",0,,,,"Haddington",0,,"jhm","08_20_02_11:14:40","LEM","10_28_02_12:56:45"
"IM_JO_487","JO",487,"T_JO_1816",0,,,,"Haddington",0,,"jhm","08_20_02_11:30:19","LEM","10_28_02_12:56:31"
"IM_JO_488","JO",488,"T_JO_1817",0,,,,"Haddington",0,,"jhm","08_20_02_11:37:54","LEM","10_28_02_12:57:26"
"IM_JO_489","JO",489,"T_JO_1838",0,"5_1650","05_01_50_00:00:00",,,0,,"jhm","08_21_02_09:53:22","jhm","08_21_02_09:54:31"
"IM_JO_49","JO",49,"T_JO_149",0,,,,"Haddington",0,,"jhm","06_18_01_12:22:07","jhm","10_11_02_16:47:33"
"IM_JO_490","JO",490,"T_LA_784",0,,,"Tolbooth","Glasgow",0,,"jhm","08_26_02_14:53:00","LEM","10_28_02_12:47:30"
"IM_JO_491","JO",491,"T_JO_1876",0,"13_6_1649","06_13_49_00:00:00","Castle","Dirleton",0,,"jhm","08_26_02_15:24:54","jhm","08_26_02_15:25:05"
"IM_JO_492","JO",492,"T_JO_1879",0,,,,"Rothesay",0,,"jhm","08_27_02_09:12:00","LEM","10_28_02_13:03:52"
"IM_JO_493","JO",493,"T_JO_1880",0,,,,"Bute",0,,"jhm","08_27_02_10:25:42","LEM","10_28_02_13:03:39"
"IM_JO_494","JO",494,"T_JO_1884",0,"18_1_1662","01_18_62_00:00:00","Tolbooth","Rothesay",0,,"jhm","08_28_02_09:49:19","jhm","08_28_02_09:49:55"
"IM_JO_50","JO",50,"T_JO_150",0,,,,"Aberlady",0,,"jhm","06_18_01_13:13:01","jhm","10_11_02_16:47:39"
"IM_JO_503","JO",503,"T_JO_81",0,"1630","06_01_30_00:00:00","Tolbooth","Haddington",0,,"jhm","10_02_02_12:13:23","jhm","10_02_02_12:13:43"
"IM_JO_504","JO",504,"T_LA_99",0,"1_7_1630","07_01_30_00:00:00",,"Edinburgh",0,"Released","jhm","10_03_02_09:59:42","jhm","10_03_02_10:00:08"
"IM_JO_505","JO",505,"T_LA_172",0,"14_4_1591","04_14_91_00:00:00","Castle","Edinburgh",0,"Escaped","jhm","10_03_02_10:22:54","jhm","10_03_02_10:23:05"
"IM_JO_506","JO",506,"T_LA_799",1,"2_11_1630","11_02_30_00:00:00",,"Edinburgh",0,,"jhm","10_03_02_10:54:25","jhm","10_03_02_10:54:36"
"IM_JO_507","JO",507,"T_LA_810",0,,,,"Leith",0,"Released","jhm","10_03_02_11:22:15","LEM","10_28_02_12:49:00"
"IM_JO_508","JO",508,"T_LA_1076",0,,,"Tolbooth","Canongate",0,"Released","jhm","10_03_02_12:36:15","LEM","10_28_02_12:51:04"
"IM_JO_509","JO",509,"T_LA_1015",0,"2_7_1649","07_02_49_00:00:00","Tolbooth","Eyemouth",0,,"jhm","10_03_02_14:56:30","jhm","10_03_02_14:56:53"
"IM_JO_51","JO",51,"T_JO_191",0,,,,"North_Berwick",0,,"jhm","06_19_01_11:58:30","jhm","10_11_02_16:47:59"
"IM_JO_510","JO",510,"T_LA_1023",0,"13_7_1649","07_13_49_00:00:00","Tolbooth","Haddington",0,,"jhm","10_03_02_15:22:46","jhm","10_03_02_15:22:55"
"IM_JO_511","JO",511,"T_LA_1250",0,,,,,0,"Released","jhm","10_11_02_16:14:27","jhm","10_11_02_16:14:41"
"IM_JO_512","JO",512,"T_JO_995",0,,,"House","Comer",0,,"jhm","10_21_02_15:57:43","jhm","10_21_02_15:57:48"
"IM_JO_52","JO",52,"T_JO_192",0,,,,"North_Berwick",0,,"jhm","06_19_01_12:02:39","jhm","10_11_02_16:48:15"
"IM_JO_53","JO",53,"T_JO_205",0,"1662","06_01_62_00:00:00","Tolbooth","Rothesay",0,"Escaped","jhm","06_27_01_12:16:37","jhm","06_27_01_12:17:05"
"IM_JO_8","JO",8,"T_JO_3",0,,,"Tolbooth","Aberdeen",0,,"jhm","06_05_01_12:17:38","jhm","06_05_01_12:18:02"
"IM_JO_89","JO",89,"T_JO_308",1,,,"Tolbooth","Edinburgh",1,"Moved","jhm","07_03_01_10:41:19","jhm","10_11_02_16:49:29"
"IM_JO_9","JO",9,"T_JO_77",0,"12_11_1628","11_12_28_00:00:00","Tolbooth","Dalkeith",0,,"jhm","06_07_01_14:43:52","jhm","06_07_01_14:44:12"
"IM_JO_90","JO",90,"T_JO_333",0,"29_4_1630","04_29_30_00:00:00",,"Crichton",0,,"jhm","07_04_01_10:19:51","jhm","07_04_01_10:20:20"
"IM_JO_91","JO",91,"T_JO_342",0,,,,"Dalkeith",0,,"jhm","07_04_01_13:32:56","jhm","10_11_02_16:49:40"
"IM_JO_92","JO",92,"T_JO_343",0,,,,"Dalkeith",0,"Released","jhm","07_04_01_13:43:16","jhm","10_11_02_16:50:52"
"IM_LA_1","LA",1,"T_LA_1",1,"13_2_1629","02_13_29_00:00:00","Tolbooth","Edinburgh",0,,"LEM","05_17_01_10:10:47","LEM","06_12_01_10:45:40"
"IM_LA_100","LA",100,"T_LA_352",0,,,,"Glasgow",0,,"LEM","07_05_01_12:41:40","jhm","10_11_02_16:28:18"
"IM_LA_101","LA",101,"T_LA_354",0,,,"Tolbooth","Linlithgow",0,,"LEM","07_05_01_12:49:59","jhm","10_11_02_16:28:44"
"IM_LA_102","LA",102,"T_LA_355",0,,,,"St._Colme",0,,"LEM","07_05_01_13:08:53","jhm","10_11_02_16:29:13"
"IM_LA_103","LA",103,"T_LA_356",0,,,,"St._Colme",0,,"LEM","07_05_01_13:20:00","jhm","10_11_02_16:29:30"
"IM_LA_104","LA",104,"T_LA_357",0,,,,"St._Colme",0,,"LEM","07_05_01_13:22:09","jhm","10_11_02_16:29:44"
"IM_LA_105","LA",105,"T_LA_358",0,,,,"St._Colme",0,,"LEM","07_05_01_13:24:49","jhm","10_11_02_16:30:18"
"IM_LA_106","LA",106,"T_LA_359",0,,,,"St._Colme",0,,"LEM","07_05_01_13:26:11","jhm","10_11_02_16:30:33"
"IM_LA_107","LA",107,"T_LA_362",0,,,,"Inverkeithing",0,,"LEM","07_05_01_15:10:29","jhm","10_11_02_16:30:48"
"IM_LA_108","LA",108,"T_LA_363",0,,,,"Inverkeithing",0,,"LEM","07_05_01_15:16:38","jhm","10_11_02_16:33:03"
"IM_LA_109","LA",109,"T_LA_364",0,,,,"Inverkeithing",0,,"LEM","07_05_01_15:19:22","jhm","10_11_02_16:33:22"
"IM_LA_110","LA",110,"T_LA_69",0,,,,"Inverkeithing",0,,"LEM","07_05_01_15:34:16","jhm","10_11_02_16:32:41"
"IM_LA_111","LA",111,"T_LA_65",0,"3_1623","03_01_23_00:00:00",,"Inverkeithing",0,,"LEM","07_05_01_15:36:21","jhm","10_11_02_15:07:06"
"IM_LA_112","LA",112,"T_LA_66",0,,,,"Inverkeithing",0,,"LEM","07_05_01_15:40:07","jhm","10_11_02_16:31:51"
"IM_LA_113","LA",113,"T_LA_67",0,,,,"Inverkeithing",0,,"LEM","07_05_01_15:43:50","jhm","10_11_02_16:30:57"
"IM_LA_114","LA",114,"T_LA_365",0,,,,"Inverkeithing",0,,"LEM","07_05_01_15:46:34","jhm","10_11_02_16:34:59"
"IM_LA_115","LA",115,"T_LA_366",0,,,,"Inverkeithing",0,,"LEM","07_05_01_15:49:47","jhm","10_11_02_16:34:31"
"IM_LA_116","LA",116,"T_LA_64",0,"5_1623","05_01_23_00:00:00",,"Inverkeithing",0,,"LEM","07_05_01_15:55:45","jhm","10_11_02_15:02:20"
"IM_LA_117","LA",117,"T_LA_68",0,"5_1623","05_01_23_00:00:00",,"Inverkeithing",0,,"LEM","07_05_01_16:01:10","jhm","10_11_02_14:59:37"
"IM_LA_118","LA",118,"T_LA_371",0,,,"Tolbooth","Perth",0,,"LEM","07_05_01_16:14:17","jhm","10_11_02_16:35:36"
"IM_LA_119","LA",119,"T_LA_370",0,,,"Tolbooth","Perth",0,,"LEM","07_05_01_16:14:35","jhm","10_11_02_16:35:20"
"IM_LA_120","LA",120,"T_LA_375",0,,,"Tolbooth","Musselburgh",0,,"LEM","07_09_01_10:48:06","jhm","10_18_02_10:33:18"
"IM_LA_121","LA",121,"T_LA_374",0,"1661","06_01_61_00:00:00","Tolbooth","Musselburgh",0,"Released","LEM","07_09_01_10:51:06","jhm","09_24_01_13:54:44"
"IM_LA_122","LA",122,"T_LA_377",0,,,"Tolbooth","Musselburgh",0,,"LEM","07_09_01_10:55:10","LEM","07_09_01_10:55:18"
"IM_LA_123","LA",123,"T_LA_378",0,,,"Tolbooth","Musselburgh",0,,"LEM","07_09_01_11:28:20","LEM","07_09_01_11:28:26"
"IM_LA_124","LA",124,"T_LA_379",0,,,"Tolbooth","musselburgh",0,,"LEM","07_09_01_12:55:02","jhm","10_11_02_16:08:40"
"IM_LA_125","LA",125,"T_LA_264",0,,,,"Edmestoun",0,"Moved","LEM","07_09_01_13:14:55","jhm","11_05_02_14:42:31"
"IM_LA_126","LA",126,"T_LA_265",0,,,,"Edmestoun",0,,"LEM","07_09_01_13:27:53","LEM","07_09_01_13:27:58"
"IM_LA_127","LA",127,"T_LA_416",0,"2_1624","02_01_24_00:00:00","Tolbooth","Culross",0,,"LEM","07_17_01_16:22:37","jhm","10_11_02_16:36:00"
"IM_LA_128","LA",128,"T_LA_429",0,,,,"Culross",0,,"LEM","07_18_01_09:39:39","jhm","10_11_02_16:36:58"
"IM_LA_129","LA",129,"T_LA_430",0,,,,"Culross",0,,"LEM","07_18_01_09:46:36","jhm","10_11_02_16:37:17"
"IM_LA_130","LA",130,"T_LA_434",0,,,"Tolbooth","Crail",0,,"LEM","07_18_01_11:52:53","jhm","10_11_02_16:38:25"
"IM_LA_131","LA",131,"T_LA_435",0,,,"Tolbooth","Dysart",0,,"LEM","07_18_01_11:58:22","jhm","10_11_02_16:38:50"
"IM_LA_132","LA",132,"T_LA_437",0,,,"Tolbooth","Dysart",0,,"LEM","07_18_01_12:09:00","jhm","10_11_02_16:39:23"
"IM_LA_133","LA",133,"T_LA_438",0,,,"Tolbooth","Dysart",0,,"LEM","07_18_01_12:12:05","jhm","10_11_02_16:39:43"
"IM_LA_134","LA",134,"T_LA_439",0,,,"Tolbooth","Dysart",0,,"LEM","07_18_01_12:14:13","jhm","10_11_02_16:39:48"
"IM_LA_135","LA",135,"T_LA_440",0,,,"Tolbooth","Dysart",0,,"LEM","07_18_01_12:17:39","jhm","10_11_02_16:40:14"
"IM_LA_136","LA",136,"T_LA_479",0,,,"Tolbooth","Dysart",0,"Released","LEM","07_18_01_15:53:50","LEM","10_28_02_12:42:16"
"IM_LA_137","LA",137,"T_LA_480",0,,,"Tolbooth","Dunfermline",0,,"LEM","07_18_01_15:57:42","LEM","07_18_01_15:57:48"
"IM_LA_138","LA",138,"T_LA_487",0,,,"Tolbooth","Stirling",0,,"LEM","07_19_01_09:22:29","LEM","07_19_01_09:22:35"
"IM_LA_139","LA",139,"T_LA_489",0,"5_7_1628","07_05_28_00:00:00","Tolbooth","Leith",0,"Released","LEM","07_19_01_09:35:55","LEM","07_19_01_09:36:07"
"IM_LA_140","LA",140,"T_LA_509",0,"11_8_1628","08_11_28_00:00:00","Tolbooth","Musselburgh",0,,"LEM","07_19_01_12:44:57","LEM","07_19_01_12:49:45"
"IM_LA_15","LA",15,"T_LA_83",1,"13_2_1629","02_13_29_00:00:00","Tolbooth","Edinburgh",0,,"LEM","06_12_01_10:48:53","LEM","06_12_01_10:49:10"
"IM_LA_16","LA",16,"T_LA_15",0,,,,"Haddington",1,,"LEM","06_13_01_09:18:30","LEM","06_13_01_09:19:55"
"IM_LA_168","LA",168,"T_LA_83",0,"11_1628","11_01_28_00:00:00","Tolbooth","Stirling",0,"Moved","LEM","08_14_01_12:24:21","LEM","08_14_01_12:25:33"
"IM_LA_169","LA",169,"T_LA_83",0,"19_12_1628","12_19_28_00:00:00",,"Linlithgow",0,"Moved","LEM","08_14_01_12:25:46","LEM","08_14_01_12:26:32"
"IM_LA_17","LA",17,"T_LA_24",1,"2_2_1630","02_02_30_00:00:00","Tolbooth","Edinburgh",0,,"LEM","06_13_01_10:33:44","LEM","06_13_01_10:34:01"
"IM_LA_170","LA",170,"T_LA_83",0,"20_12_1628","12_20_28_00:00:00","Tolbooth","Edinburgh",0,,"LEM","08_14_01_12:26:25","LEM","08_14_01_12:26:51"
"IM_LA_171","LA",171,"T_LA_83",1,"8_1_1629","01_08_29_00:00:00","Tolbooth","Edinburgh",0,,"LEM","08_14_01_13:33:54","LEM","08_14_01_13:34:06"
"IM_LA_173","LA",173,"T_LA_618",0,,,"Tolbooth","Dysart",0,"Released","LEM","08_15_01_13:07:07","LEM","10_28_02_12:42:23"
"IM_LA_174","LA",174,"T_LA_618",0,"15_8_1630","08_15_30_00:00:00","Tolbooth","Dysart",0,,"LEM","08_15_01_13:19:19","LEM","08_15_01_13:20:01"
"IM_LA_175","LA",175,"T_LA_628",0,"4_1630","04_01_30_00:00:00","Tolbooth","Dysart",0,,"LEM","08_16_01_12:49:05","jhm","10_02_02_15:36:15"
"IM_LA_177","LA",177,"T_LA_626",0,"1_1629","01_01_29_00:00:00","Pit","Eyemouth",0,,"LEM","08_17_01_09:12:33","jhm","10_01_02_15:21:19"
"IM_LA_178","LA",178,"T_LA_720",0,,,"Tolbooth","Duns",0,"Released","LEM","08_17_01_14:48:37","jhm","10_02_02_13:00:17"
"IM_LA_179","LA",179,"T_LA_721",0,,,"Tolbooth","Duns",0,"Released","LEM","08_17_01_15:00:28","jhm","10_02_02_13:01:33"
"IM_LA_18","LA",18,"T_LA_86",1,"12_11_1629","11_12_29_00:00:00",,"Edinburgh",0,"Released","LEM","06_13_01_11:00:00","LEM","06_13_01_11:57:17"
"IM_LA_180","LA",180,"T_LA_726",0,"6_1629","06_01_29_00:00:00","Tolbooth","Musselburgh",0,,"LEM","08_29_01_12:27:32","jhm","10_11_02_15:47:32"
"IM_LA_181","LA",181,"T_LA_727",0,"6_1629","06_01_29_00:00:00","Tolbooth","Musselburgh",0,,"LEM","08_29_01_12:32:05","jhm","10_11_02_15:47:09"
"IM_LA_182","LA",182,"T_LA_754",0,,,"Tolbooth","Causland",0,,"LEM","08_30_01_09:36:25","LEM","08_30_01_09:36:38"
"IM_LA_183","LA",183,"T_LA_755",0,,,"Tolbooth","Cowsland",0,,"LEM","08_30_01_09:37:49","jhm","10_02_02_15:29:47"
"IM_LA_184","LA",184,"T_LA_756",0,,,"Tolbooth","Causland",0,,"LEM","08_30_01_09:41:49","jhm","10_18_02_10:31:36"
"IM_LA_19","LA",19,"T_LA_87",1,"12_11_1629","11_12_29_00:00:00",,"Edinburgh",0,"Released","LEM","06_13_01_11:50:56","jhm","10_18_02_10:36:10"
"IM_LA_2","LA",2,"T_LA_10",1,,,"Tolbooth","Edinburgh",0,,"LEM","05_18_01_12:47:04","LEM","05_18_01_12:47:13"
"IM_LA_21","LA",21,"T_LA_88",1,"17_12_1629","12_17_29_00:00:00","Tolbooth","Edinburgh",0,,"LEM","06_13_01_12:10:58","LEM","06_13_01_12:11:22"
"IM_LA_216","LA",216,"T_LA_771",0,,,"Tolbooth","Jedburgh",0,"Released","LEM","09_05_01_12:04:51","LEM","09_05_01_12:05:05"
"IM_LA_217","LA",217,"T_LA_772",0,,,"Tolbooth","Jedburgh",0,"Released","LEM","09_05_01_12:09:38","LEM","09_05_01_12:09:48"
"IM_LA_218","LA",218,"T_LA_773",0,,,"Tolbooth","Jedburgh",0,"Released","LEM","09_05_01_12:15:29","LEM","09_05_01_12:16:51"
"IM_LA_219","LA",219,"T_LA_774",0,,,"Tolbooth","Edinburgh",0,,"LEM","09_05_01_12:32:03","LEM","09_05_01_12:32:07"
"IM_LA_22","LA",22,"T_LA_88",0,"10_1629","10_01_29_00:00:00","House","Newbattle_Kirk",1,"Moved","LEM","06_13_01_12:13:08","jhm","10_21_02_15:47:11"
"IM_LA_220","LA",220,"T_LA_776",0,"4_1671","04_01_71_00:00:00","Dungeon","Kirkudbrigh",0,"Released","LEM","09_05_01_13:04:19","LEM","09_05_01_13:04:50"
"IM_LA_221","LA",221,"T_LA_777",0,"4_1671","04_01_71_00:00:00","Dungeon","Kirkudbrigh",0,"Released","LEM","09_05_01_13:08:31","LEM","09_05_01_13:08:44"
"IM_LA_222","LA",222,"T_LA_778",0,"4_1671","04_01_71_00:00:00","Dungeon","Kirkudbright",0,"Released","LEM","09_05_01_13:10:06","LEM","09_05_01_13:10:20"
"IM_LA_223","LA",223,"T_LA_25",1,"7_1630","07_01_30_00:00:00",,"Edinburgh",0,,"LEM","09_06_01_12:26:05","LEM","09_06_01_12:26:19"
"IM_LA_224","LA",224,"T_LA_804",0,,,"Tolbooth","Culross",0,,"LEM","09_07_01_13:11:14","LEM","09_07_01_13:11:21"
"IM_LA_225","LA",225,"T_LA_803",0,,,"Tolbooth","Culross",0,,"LEM","09_07_01_13:12:00","LEM","09_07_01_13:12:05"
"IM_LA_226","LA",226,"T_LA_805",0,,,"Tolbooth","Culross",0,,"LEM","09_07_01_13:14:19","LEM","09_07_01_13:14:24"
"IM_LA_227","LA",227,"T_LA_806",0,,,"Tolbooth","Culross",0,,"LEM","09_07_01_13:16:45","LEM","09_07_01_13:16:50"
"IM_LA_228","LA",228,"T_LA_808",0,,,"Tolbooth","Leith",0,,"LEM","09_07_01_15:30:38","LEM","10_28_02_12:48:10"
"IM_LA_229","LA",229,"T_LA_813",0,,,,"Renfrew",1,"Released","LEM","09_07_01_16:20:35","LEM","10_28_02_12:49:26"
"IM_LA_23","LA",23,"T_LA_24",1,"5_2_1630","02_05_30_00:00:00",,"Edinburgh",0,,"LEM","06_14_01_14:01:00","LEM","06_14_01_14:01:28"
"IM_LA_230","LA",230,"T_LA_813",0,,,,"Innerkip",0,,"LEM","09_07_01_16:20:39","LEM","10_28_02_12:49:17"
"IM_LA_231","LA",231,"T_JO_609",0,,,,"Edinburgh",0,,"LEM","09_11_01_11:50:44","LEM","09_11_01_11:51:03"
"IM_LA_232","LA",232,"T_JO_612",1,"9_1678","09_01_78_00:00:00",,"Edinburgh",0,,"LEM","09_11_01_12:04:49","jhm","10_11_02_15:45:53"
"IM_LA_233","LA",233,"T_JO_610",1,"9_1678","09_01_78_00:00:00",,"Edinburgh",0,,"LEM","09_11_01_12:07:36","jhm","10_11_02_15:44:42"
"IM_LA_234","LA",234,"T_JO_611",1,"9_1678","09_01_78_00:00:00",,"Edinburgh",0,,"LEM","09_11_01_12:58:12","jhm","10_11_02_15:45:06"
"IM_LA_235","LA",235,"T_LA_822",1,"9_1678","09_01_78_00:00:00",,"Edinburgh",0,,"LEM","09_11_01_13:13:31","jhm","10_11_02_15:48:58"
"IM_LA_236","LA",236,"T_LA_823",1,,,,"Edinburgh",0,,"LEM","09_11_01_13:22:41","LEM","09_11_01_13:22:45"
"IM_LA_237","LA",237,"T_LA_824",1,,,,"Edinburgh",0,,"LEM","09_11_01_13:27:18","LEM","09_11_01_13:27:21"
"IM_LA_238","LA",238,"T_LA_829",1,"9_1678","09_01_78_00:00:00",,"Edinburgh",0,,"LEM","09_21_01_09:51:35","jhm","10_11_02_15:49:36"
"IM_LA_239","LA",239,"T_JO_609",1,"9_1678","09_01_78_00:00:00",,"Edinburgh",0,,"LEM","09_21_01_10:01:04","jhm","10_11_02_15:46:17"
"IM_LA_24","LA",24,"T_LA_24",0,"7_1_1630","01_07_30_00:00:00",,,0,"Moved","LEM","06_14_01_14:02:37","LEM","06_14_01_14:02:59"
"IM_LA_240","LA",240,"T_LA_828",1,,,,"Edinburgh",0,,"LEM","09_21_01_10:10:55","LEM","09_21_01_10:10:58"
"IM_LA_241","LA",241,"T_LA_830",1,,,,"Edinburgh",0,,"LEM","09_21_01_10:14:09","LEM","09_21_01_10:14:12"
"IM_LA_242","LA",242,"T_JO_436",1,"8_9_1679","09_08_79_00:00:00","Tolbooth","Edinburgh",0,"Released","LEM","09_21_01_15:00:32","LEM","11_07_02_12:31:35"
"IM_LA_243","LA",243,"T_LA_849",0,"1_1680","01_01_80_00:00:00",,"Bo'ness",0,,"LEM","09_21_01_15:19:19","jhm","10_11_02_15:44:12"
"IM_LA_244","LA",244,"T_LA_851",1,,,"Tolbooth","Edinburgh",0,"Released","LEM","09_21_01_15:53:28","jhm","10_11_02_15:43:33"
"IM_LA_25","LA",25,"T_LA_24",1,"23_5_1630","05_23_30_00:00:00","Tolbooth","Edinburgh",0,,"LEM","06_14_01_14:18:29","LEM","06_14_01_14:18:39"
"IM_LA_250","LA",250,"T_LA_47",1,,,"Tolbooth","Edinburgh",0,,"LEM","10_03_01_10:47:38","LEM","10_28_02_12:57:38"
"IM_LA_26","LA",26,"T_LA_25",1,"12_1630","12_01_30_00:00:00","Tolbooth","Edinburgh",0,,"LEM","06_15_01_09:57:06","LEM","06_15_01_09:57:38"
"IM_LA_264","LA",264,"T_LA_999",0,"2_1632","02_01_32_00:00:00","House","Nobelstoun,_Refrewshire",0,,"LEM","10_16_01_11:51:23","jhm","10_18_02_11:26:33"
"IM_LA_27","LA",27,"T_LA_104",1,"11_2_1634","02_11_34_00:00:00","Tolbooth","Edinburgh",0,"Free_on_bail","LEM","06_15_01_10:42:26","LEM","06_15_01_10:56:25"
"IM_LA_28","LA",28,"T_LA_104",1,"11_3_1634","03_11_34_00:00:00","Tolbooth","Edinburgh",0,,"LEM","06_15_01_11:00:31","LEM","06_15_01_11:44:40"
"IM_LA_29","LA",29,"T_LA_104",0,"9_1_1634","01_09_34_00:00:00","Tolbooth","Duns",1,,"LEM","06_15_01_11:51:44","jhm","10_22_02_08:27:15"
"IM_LA_3","LA",3,"T_LA_15",1,"8_1629","08_01_29_00:00:00",,"Edinburgh",0,,"LEM","05_18_01_16:41:23","jhm","10_21_02_14:55:19"
"IM_LA_307","LA",307,"T_LA_1071",0,,,"Tolbooth","Perth",0,,"LEM","10_22_01_12:21:16","LEM","10_28_02_12:50:08"
"IM_LA_308","LA",308,"T_LA_1072",0,,,"Tolbooth","Perth",0,,"LEM","10_22_01_12:24:26","LEM","10_28_02_12:50:27"
"IM_LA_309","LA",309,"T_LA_1073",0,,,"Tolbooth","Perth",0,,"LEM","10_22_01_12:25:46","LEM","10_28_02_12:49:39"
"IM_LA_310","LA",310,"T_LA_1074",0,,,"Vestry_of_the_Kirk","Calder",0,"Released","LEM","10_22_01_12:57:38","jhm","10_18_02_10:54:31"
"IM_LA_311","LA",311,"T_LA_1075",0,,,"Tolbooth","Culross",0,,"LEM","10_22_01_13:14:12","LEM","10_22_01_13:14:20"
"IM_LA_312","LA",312,"T_LA_1075",0,"12_12_1644","12_12_44_00:00:00","Tolbooth","Canongate",0,,"LEM","10_22_01_13:14:20","jhm","10_03_02_12:32:58"
"IM_LA_313","LA",313,"T_LA_1076",0,,,"Tolbooth","Culross",0,"Moved","LEM","10_22_01_14:47:08","LEM","10_28_02_12:51:02"
"IM_LA_314","LA",314,"T_LA_1089",0,,,"Tolbooth","Lanark",0,,"LEM","10_23_01_10:34:21","LEM","10_28_02_12:53:23"
"IM_LA_315","LA",315,"T_LA_1090",0,,,"Tolbooth","Lanark",0,,"LEM","10_23_01_10:40:43","LEM","10_28_02_12:52:15"
"IM_LA_316","LA",316,"T_LA_83",0,"1_1629","01_01_29_00:00:00","Tolbooth","Stirling",0,,"LEM","10_23_01_15:56:10","LEM","10_23_01_15:56:23"
"IM_LA_317","LA",317,"T_LA_1106",0,,,"Steeple","Dysart",0,,"LEM","10_23_01_16:20:21","jhm","10_18_02_10:34:10"
"IM_LA_318","LA",318,"T_LA_1108",0,,,,"Berwick,_England",0,,"LEM","11_21_01_13:54:49","jhm","10_18_02_10:31:11"
"IM_LA_319","LA",319,"T_LA_1119",1,"7_10_1651","10_07_51_00:00:00",,"Ayr",0,,"LEM","11_29_01_11:11:34","jhm","10_11_02_15:41:16"
"IM_LA_320","LA",320,"T_LA_1161",0,,,"Tolbooth","Dumfries",0,,"LEM","12_03_01_12:21:37","LEM","12_03_01_12:21:43"
"IM_LA_321","LA",321,"T_LA_1162",0,,,"Tolbooth","dumfries",0,,"LEM","12_03_01_12:21:54","LEM","12_03_01_12:22:01"
"IM_LA_337","LA",337,"T_JO_614",1,"12_1676","12_01_76_00:00:00","Tolbooth","Paisley",0,,"LEM","01_16_02_10:42:22","LEM","01_16_02_10:42:40"
"IM_LA_351","LA",351,"T_LA_1189",0,,,"Tolbooth","Renfrew",0,"Moved","LEM","01_30_02_13:24:52","LEM","01_30_02_13:25:02"
"IM_LA_352","LA",352,"T_LA_1189",0,"15_4_1697","04_15_97_00:00:00","Tolbooth","Glasgow",0,"Moved","LEM","01_30_02_13:25:03","LEM","01_30_02_13:25:19"
"IM_LA_353","LA",353,"T_LA_1189",0,"12_5_1697","05_12_97_00:00:00","Tolbooth","Renfrew",0,,"LEM","01_30_02_13:25:20","LEM","01_30_02_13:25:47"
"IM_LA_354","LA",354,"T_LA_1191",0,"15_4_1697","04_15_97_00:00:00","Tolbooth","Renfrew",0,"Moved","LEM","01_30_02_13:43:17","LEM","01_30_02_13:43:52"
"IM_LA_355","LA",355,"T_LA_1191",0,"12_5_1697","05_12_97_00:00:00","Tolbooth","Glasgow",0,"Moved","LEM","01_30_02_13:43:27","LEM","01_30_02_13:44:04"
"IM_LA_356","LA",356,"T_LA_1191",0,,,"Tolbooth","Renfrew",0,,"LEM","01_30_02_13:44:04","LEM","01_30_02_13:44:17"
"IM_LA_357","LA",357,"T_JO_1131",0,"15_4_1697","04_15_97_00:00:00","Tolbooth","Paisley",0,,"LEM","01_30_02_15:05:39","LEM","01_31_02_10:09:05"
"IM_LA_359","LA",359,"T_JO_1133",0,"15_4_1697","04_15_97_00:00:00","Tolbooth","Renfrew",0,"Moved","LEM","01_30_02_15:16:03","jhm","10_22_02_10:48:51"
"IM_LA_360","LA",360,"T_LA_1190",0,"15_4_1697","04_15_97_00:00:00","Tolbooth","Paisley",0,,"LEM","01_30_02_15:20:22","LEM","01_30_02_15:20:37"
"IM_LA_361","LA",361,"T_LA_1199",0,"13_4_1697","04_13_97_00:00:00","Tolbooth","Paisley",0,"Moved","LEM","01_30_02_15:28:36","LEM","01_30_02_15:29:16"
"IM_LA_362","LA",362,"T_LA_1199",0,"15_4_1697","04_15_97_00:00:00","Tolbooth","Glasgow",0,"Moved","LEM","01_30_02_15:29:16","LEM","01_30_02_15:29:29"
"IM_LA_363","LA",363,"T_LA_1199",0,"12_5_1697","05_12_97_00:00:00","Tolbooth","Paisley",0,"Moved","LEM","01_30_02_15:29:30","LEM","01_30_02_15:32:50"
"IM_LA_364","LA",364,"T_LA_1201",0,"15_4_1697","04_15_97_00:00:00","Tolbooth","Renfrew",0,"Moved","LEM","01_30_02_16:09:35","LEM","01_30_02_16:10:35"
"IM_LA_365","LA",365,"T_LA_1201",0,"13_4_1697","04_13_97_00:00:00","Tolbooth","paisley",0,"Moved","LEM","01_30_02_16:10:01","LEM","01_30_02_16:10:38"
"IM_LA_366","LA",366,"T_LA_1201",0,"12_5_1697","05_12_97_00:00:00","Tolbooth","Paisley",0,,"LEM","01_30_02_16:10:16","LEM","01_30_02_16:10:33"
"IM_LA_367","LA",367,"T_LA_1202",0,"7_7_1644","07_07_44_00:00:00",,"Dunbar",0,,"LEM","01_30_02_17:31:21","LEM","01_30_02_17:31:34"
"IM_LA_368","LA",368,"T_LA_1203",0,"7_7_1644","07_07_44_00:00:00",,"Dunbar",0,,"LEM","01_30_02_17:33:57","LEM","01_30_02_17:34:03"
"IM_LA_369","LA",369,"T_LA_1204",0,"7_7_1644","07_07_44_00:00:00",,"Dunbar",0,,"LEM","01_30_02_17:37:04","LEM","01_30_02_17:37:10"
"IM_LA_370","LA",370,"T_LA_1205",0,"7_7_1644","07_07_44_00:00:00",,"Dunbar",0,,"LEM","01_30_02_17:39:41","LEM","01_30_02_17:39:48"
"IM_LA_371","LA",371,"T_JO_1133",0,"12_5_1697","05_12_97_00:00:00","Tolbooth","Paisley",0,,"LEM","01_31_02_10:26:47","LEM","01_31_02_10:27:34"
"IM_LA_372","LA",372,"T_LA_1208",0,"15_4_1697","04_15_97_00:00:00",,,0,,"LEM","01_31_02_13:05:39","LEM","01_31_02_13:05:45"
"IM_LA_373","LA",373,"T_LA_1209",0,"15_4_1697","04_15_97_00:00:00","Tolbooth","Renfrew",0,"Released","LEM","01_31_02_13:16:56","LEM","01_31_02_13:17:19"
"IM_LA_374","LA",374,"T_LA_1210",0,"15_4_1697","04_15_97_00:00:00","Tolbooth","Renfrew",0,"Released","LEM","01_31_02_13:24:48","LEM","01_31_02_13:24:59"
"IM_LA_375","LA",375,"T_LA_1211",0,"15_4_1697","04_15_97_00:00:00",,"Renfrew",0,,"LEM","01_31_02_14:57:24","LEM","01_31_02_14:57:39"
"IM_LA_376","LA",376,"T_LA_1212",0,,,,"Refrew",0,"Released","LEM","01_31_02_15:08:34","jhm","10_18_02_10:22:36"
"IM_LA_377","LA",377,"T_LA_1213",0,"15_4_1697","04_15_97_00:00:00",,"Renfrew",0,,"LEM","01_31_02_20:51:23","LEM","01_31_02_20:51:51"
"IM_LA_378","LA",378,"T_LA_1214",0,"15_4_1697","04_15_97_00:00:00",,"Renfrew",0,"Moved","LEM","01_31_02_21:04:40","LEM","01_31_02_21:04:56"
"IM_LA_379","LA",379,"T_LA_1214",0,"12_5_1697","05_12_97_00:00:00",,"Paisley",0,,"LEM","01_31_02_21:04:58","LEM","01_31_02_21:05:10"
"IM_LA_380","LA",380,"T_LA_1215",0,"15_4_1697","04_15_97_00:00:00",,"Renfrew",0,,"LEM","01_31_02_21:19:39","LEM","01_31_02_21:19:47"
"IM_LA_381","LA",381,"T_LA_1216",0,"15_4_1697","04_15_97_00:00:00",,"Renfrew",0,,"LEM","01_31_02_21:32:35","LEM","01_31_02_21:32:49"
"IM_LA_382","LA",382,"T_LA_1217",0,"15_4_1697","04_15_97_00:00:00",,"Paisley",0,,"LEM","02_01_02_11:19:46","LEM","02_01_02_11:19:58"
"IM_LA_383","LA",383,"T_LA_1218",0,"15_4_1697","04_15_97_00:00:00",,"Paisley",0,,"LEM","02_01_02_11:42:21","LEM","02_01_02_11:42:45"
"IM_LA_384","LA",384,"T_LA_1219",0,"15_4_1697","04_15_97_00:00:00",,"Renfrew",0,,"LEM","02_01_02_11:54:36","LEM","02_01_02_11:54:44"
"IM_LA_385","LA",385,"T_LA_1220",0,"15_4_1697","04_15_97_00:00:00",,"Renfrew",0,,"LEM","02_01_02_12:16:46","LEM","02_01_02_12:17:07"
"IM_LA_386","LA",386,"T_LA_1221",0,"15_4_1697","04_15_97_00:00:00",,"Renfrew",0,,"LEM","02_01_02_12:26:11","LEM","02_01_02_12:26:19"
"IM_LA_387","LA",387,"T_LA_1222",0,"15_4_1697","04_15_97_00:00:00",,"Renfrew",0,,"LEM","02_01_02_12:37:17","LEM","02_01_02_12:37:24"
"IM_LA_388","LA",388,"T_LA_1224",1,"1700","06_01_00_00:00:00",,"Edinburgh",0,,"LEM","02_07_02_10:03:27","jhm","10_11_02_16:04:09"
"IM_LA_394","LA",394,"T_JO_419",0,"9_1658","09_01_58_00:00:00","Tolbooth","Alloa",0,"Released","LEM","05_07_02_16:40:23","jhm","11_04_02_09:22:15"
"IM_LA_395","LA",395,"T_JO_421",0,"28_12_1658","12_28_58_00:00:00","Tolbooth","Alloa",0,"Released","LEM","05_08_02_11:04:11","LEM","05_08_02_11:04:28"
"IM_LA_396","LA",396,"T_LA_1137",0,,,,"Stirling",0,,"LEM","05_09_02_12:24:06","jhm","11_04_02_12:50:39"
"IM_LA_397","LA",397,"T_JO_421",0,"16_3_1669","03_16_69_00:00:00",,,0,"Released","LEM","05_09_02_12:33:22","LEM","05_09_02_12:33:51"
"IM_LA_4","LA",4,"T_LA_15",0,,,,"Berwick",1,"Moved","LEM","05_18_01_16:41:45","LEM","05_18_01_16:41:55"
"IM_LA_407","LA",407,"T_LA_1313",0,,,"Tolbooth","Haddington",0,"Moved","LEM","06_06_02_12:36:33","LEM","06_06_02_12:36:42"
"IM_LA_408","LA",408,"T_LA_1313",0,"16_1_1662","01_16_62_00:00:00","Tolbooth","Edinburgh",0,,"LEM","06_06_02_12:36:42","LEM","06_06_02_12:36:54"
"IM_LA_409","LA",409,"T_JO_628",0,"3_12_1677","12_03_77_00:00:00","Tolbooth","Edinburgh",0,"Released","LEM","06_13_02_11:34:47","LEM","06_13_02_11:35:19"
"IM_LA_410","LA",410,"T_JO_627",0,"3_12_1677","12_03_77_00:00:00","Tolbooth","Edinbrugh",0,"Released","LEM","06_13_02_11:39:42","LEM","06_13_02_11:39:55"
"IM_LA_411","LA",411,"T_JO_629",0,"3_12_1677","12_03_77_00:00:00","Tolbooth","Edinburgh",0,"Released","LEM","06_13_02_11:41:25","LEM","06_13_02_11:41:38"
"IM_LA_412","LA",412,"T_LA_1395",0,,,"Tolbooth","Edinburgh",0,"Released","LEM","06_13_02_11:46:16","jhm","10_18_02_10:18:15"
"IM_LA_413","LA",413,"T_LA_1104",0,"6_1624","06_01_24_00:00:00",,"Orkney",0,,"LEM","06_17_02_11:05:21","jhm","10_11_02_14:51:11"
"IM_LA_43","LA",43,"T_LA_137",0,"4_6_1634","06_04_34_00:00:00",,"Ayton",0,,"LEM","06_18_01_10:09:01","LEM","06_18_01_10:14:07"
"IM_LA_431","LA",431,"T_LA_1164",0,"11_1662","11_01_62_00:00:00",,"Lauder",0,"Released","LEM","07_09_02_16:24:25","jhm","10_11_02_16:05:54"
"IM_LA_432","LA",432,"T_JO_510",0,,,"Tolbooth","Linlithgow",0,"Released","LEM","07_10_02_08:47:00","jhm","10_11_02_16:51:17"
"IM_LA_433","LA",433,"T_LA_873",0,,,,"Edinburgh",0,,"LEM","07_10_02_09:25:57","LEM","10_28_02_12:49:52"
"IM_LA_434","LA",434,"T_LA_1503",0,"12_1_1650","01_12_50_00:00:00",,"Dumfries",0,,"LEM","07_10_02_10:49:01","LEM","07_10_02_10:49:10"
"IM_LA_435","LA",435,"T_LA_29",0,,,"Tolbooth","Edinburgh",0,,"LEM","07_10_02_14:11:08","LEM","07_10_02_14:11:13"
"IM_LA_437","LA",437,"T_LA_1566",0,,,"Tolbooth","Galloway",0,,"LEM","07_15_02_10:27:55","jhm","10_18_02_10:17:09"
"IM_LA_438","LA",438,"T_LA_1585",0,"8_1651","08_01_51_00:00:00",,,0,,"LEM","07_15_02_15:36:43","LEM","07_15_02_15:36:49"
"IM_LA_439","LA",439,"T_LA_1130",0,,,"Prison","Stirling",0,,"LEM","07_18_02_12:53:26","LEM","07_18_02_12:53:39"
"IM_LA_44","LA",44,"T_LA_146",0,"3_1624","03_01_24_00:00:00",,"Eyemouth",0,,"LEM","06_18_01_12:24:10","jhm","10_11_02_14:52:57"
"IM_LA_440","LA",440,"T_JO_204",0,,,"Tolbooth","Dunbar",0,,"LEM","07_18_02_17:15:58","LEM","07_18_02_17:16:12"
"IM_LA_441","LA",441,"T_LA_1620",0,,,"Tolbooth","Dunbar",0,"Moved","LEM","07_18_02_17:45:47","LEM","07_18_02_17:45:55"
"IM_LA_442","LA",442,"T_LA_1620",0,"1_3_1659","03_01_59_00:00:00","Tolbooth","Edinburgh",0,,"LEM","07_18_02_17:45:56","jhm","11_04_02_13:15:01"
"IM_LA_443","LA",443,"T_LA_1626",0,,,"Tolbooth","Dunbar",0,"Moved","LEM","07_18_02_17:55:21","LEM","07_18_02_17:55:29"
"IM_LA_444","LA",444,"T_LA_1626",0,,,"Tolbooth","Edinburgh",0,,"LEM","07_18_02_17:55:29","LEM","07_18_02_17:55:35"
"IM_LA_445","LA",445,"T_LA_1624",0,,,"Tolbooth","Dunbar",0,"Moved","LEM","07_18_02_18:08:44","LEM","07_18_02_18:08:52"
"IM_LA_446","LA",446,"T_LA_1624",0,"1_3_1659","03_01_59_00:00:00","Tolbooth","Edinburgh",0,,"LEM","07_18_02_18:08:52","LEM","07_18_02_18:09:24"
"IM_LA_447","LA",447,"T_LA_1622",0,,,"Tolbooth","Dunbar",0,"Moved","LEM","07_18_02_18:14:15","LEM","07_18_02_18:14:19"
"IM_LA_448","LA",448,"T_LA_1622",0,"1_3_1659","03_01_59_00:00:00","Tolbooth","Edinburgh",0,,"LEM","07_18_02_18:14:19","LEM","07_18_02_18:14:35"
"IM_LA_449","LA",449,"T_LA_1144",0,,,,"Kircudbright",0,,"LEM","07_19_02_11:55:07","LEM","07_19_02_11:55:12"
"IM_LA_45","LA",45,"T_LA_156",0,"14_12_1633","12_14_33_00:00:00",,"Eyemouth",0,"Released","LEM","06_18_01_15:20:19","LEM","06_18_01_15:20:57"
"IM_LA_450","LA",450,"T_LA_1141",0,"1659","06_01_59_00:00:00",,"Kirkcudbright",0,,"LEM","07_19_02_12:03:57","jhm","10_11_02_16:04:49"
"IM_LA_451","LA",451,"T_LA_1257",0,"1590","06_01_90_00:00:00","Tolbooth","Aberdeen",0,,"LEM","07_24_02_15:29:22","jhm","10_11_02_16:06:22"
"IM_LA_452","LA",452,"T_LA_1647",0,"4_7_1591","07_04_91_00:00:00","House","Tranent",0,,"LEM","07_24_02_15:39:51","LEM","07_24_02_15:40:01"
"IM_LA_453","LA",453,"T_LA_1647",0,,,"Tolbooth","Edinburgh",0,,"LEM","07_24_02_15:42:00","LEM","07_24_02_15:43:03"
"IM_LA_46","LA",46,"T_LA_156",0,"1_1634","01_01_34_00:00:00",,"Eyemouth",0,,"LEM","06_18_01_15:24:34","jhm","10_03_02_11:40:01"
"IM_LA_468","LA",468,"T_LA_1651",0,"1591","06_01_91_00:00:00","Pit","Seaton",0,,"LEM","07_26_02_09:31:34","jhm","10_01_02_15:01:17"
"IM_LA_469","LA",469,"T_LA_1647",0,,,"Pit","Seaton",0,,"LEM","07_26_02_09:35:24","LEM","07_26_02_09:35:29"
"IM_LA_47","LA",47,"T_LA_156",0,"28_3_1634","03_28_34_00:00:00",,"Eyemouth",0,"Released","LEM","06_18_01_15:24:52","LEM","06_18_01_15:25:50"
"IM_LA_470","LA",470,"T_LA_1674",0,,,"Tolbooth","Edinburgh",0,,"LEM","07_26_02_09:54:10","LEM","10_28_02_12:47:01"
"IM_LA_471","LA",471,"T_LA_1649",0,,,"Tolbooth","Haddington",0,,"LEM","07_26_02_10:37:06","LEM","10_28_02_12:45:31"
"IM_LA_472","LA",472,"T_LA_1651",0,"1591","06_01_91_00:00:00","Castle","Seaton",0,,"LEM","07_26_02_12:04:39","jhm","10_01_02_15:01:13"
"IM_LA_473","LA",473,"T_LA_1683",0,,,"Tolbooth","Tranent",0,,"LEM","08_01_02_10:24:50","LEM","08_01_02_10:25:12"
"IM_LA_474","LA",474,"T_LA_1727",0,,,"Tolbooth","Tranent",0,,"LEM","08_01_02_10:28:42","LEM","08_01_02_10:28:44"
"IM_LA_475","LA",475,"T_LA_1727",0,,,"Tolbooth","Edinburgh",0,,"LEM","08_01_02_10:29:17","LEM","08_01_02_10:29:22"
"IM_LA_476","LA",476,"T_LA_1683",0,,,"Tolbooth","Edinburgh",0,,"LEM","08_01_02_10:29:27","LEM","08_01_02_10:29:30"
"IM_LA_477","LA",477,"T_LA_1120",0,,,"Tolbooth","Ayr",0,,"LEM","08_01_02_10:36:20","LEM","08_01_02_10:36:29"
"IM_LA_478","LA",478,"T_LA_1748",0,,,"Tolbooth","Ayr",0,,"LEM","08_02_02_10:30:24","jhm","10_18_02_10:16:27"
"IM_LA_479","LA",479,"T_LA_1750",0,,,"Tolbooth","Irvine",0,,"LEM","08_02_02_11:47:54","LEM","08_02_02_11:48:00"
"IM_LA_48","LA",48,"T_LA_157",1,"12_1_1644","01_12_44_00:00:00","Tolbooth","Edinburgh",0,,"LEM","06_19_01_11:02:18","LEM","06_19_01_11:02:37"
"IM_LA_480","LA",480,"T_LA_1800",0,,,"Tolbooth","Kirkend_of_Kircudbright",0,,"LEM","08_14_02_11:10:52","jhm","10_18_02_10:16:08"
"IM_LA_481","LA",481,"T_LA_1799",0,,,"Tolbooth","Kirkend_of_Kircudbright",0,,"LEM","08_14_02_11:12:33","LEM","08_14_02_11:13:43"
"IM_LA_482","LA",482,"T_LA_1805",0,,,,"Fortrose",0,,"LEM","08_14_02_12:22:39","LEM","08_14_02_12:22:49"
"IM_LA_483","LA",483,"T_LA_1803",0,,,,"Fortrose",0,,"LEM","08_14_02_12:24:03","LEM","08_14_02_12:24:07"
"IM_LA_484","LA",484,"T_JO_1699",0,,,"Thieves'_Hole","Pittenweem",0,,"LEM","08_14_02_15:52:46","LEM","11_11_02_11:34:19"
"IM_LA_485","LA",485,"T_JO_1699",0,,,"Dungeon","Pittemweem",0,,"LEM","08_14_02_15:52:57","LEM","08_14_02_15:53:04"
"IM_LA_49","LA",49,"T_LA_90",1,"28_10_1598","10_28_98_00:00:00","Tolbooth","Edinburgh",0,,"LEM","06_20_01_12:45:06","LEM","06_20_01_12:45:21"
"IM_LA_490","LA",490,"T_LA_1872",0,,,"Tolbooth","Dumfries",0,,"LEM","08_26_02_10:14:24","jhm","10_18_02_10:15:51"
"IM_LA_491","LA",491,"T_LA_801",0,,,"Tolbooth","Haddington",0,,"LEM","08_26_02_10:14:41","LEM","10_28_02_12:47:43"
"IM_LA_492","LA",492,"T_LA_1900",0,"6_1632","06_01_32_00:00:00","Steeple","Lasswade",0,,"LEM","08_26_02_18:27:29","jhm","10_11_02_13:59:48"
"IM_LA_493","LA",493,"T_LA_1247",0,"3_1698","03_01_98_00:00:00","Priory","Bewlie_(in_Ross)",0,"Released","LEM","08_28_02_10:47:21","LEM","08_28_02_10:48:05"
"IM_LA_494","LA",494,"T_LA_776",0,,,"Tolbooth","Dumfries",0,,"LEM","08_28_02_11:21:15","LEM","08_28_02_11:21:21"
"IM_LA_495","LA",495,"T_LA_1937",0,"18_12_1634","12_18_34_00:00:00","Tolbooth","Haddington",0,,"LEM","08_28_02_17:36:33","LEM","10_07_02_12:52:59"
"IM_LA_496","LA",496,"T_JO_1174",0,"28_8_1649","08_28_49_00:00:00","Steeple","Inverkeithing",0,"Moved","LEM","09_02_02_11:52:24","LEM","09_02_02_11:52:50"
"IM_LA_497","LA",497,"T_JO_1174",0,,,,"Burntisland",0,,"LEM","09_02_02_12:57:48","LEM","09_02_02_12:57:54"
"IM_LA_498","LA",498,"T_LA_1977",0,,,"Steeple","Dunfermline",0,"Moved","LEM","09_02_02_13:03:52","LEM","09_02_02_13:04:01"
"IM_LA_499","LA",499,"T_LA_1977",0,"4_1649","04_01_49_00:00:00","Tolbooth","Dunfermline",0,,"LEM","09_02_02_13:04:01","jhm","10_11_02_14:00:48"
"IM_LA_5","LA",5,"T_LA_15",0,"13_7_1629","07_13_29_00:00:00","Tolbooth","Duns",1,"Moved","LEM","05_18_01_16:41:57","jhm","10_21_02_14:55:42"
"IM_LA_500","LA",500,"T_JO_575",0,,,"Tolbooth","Peebles",0,,"LEM","09_04_02_15:59:12","LEM","09_04_02_15:59:34"
"IM_LA_501","LA",501,"T_LA_2135",0,"1642","06_01_42_00:00:00","Tolbooth","Duns",0,,"LEM","09_09_02_12:38:50","jhm","10_11_02_13:56:33"
"IM_LA_502","LA",502,"T_LA_2138",0,"11_1649","11_01_49_00:00:00","Old_Exchequer_House","Edinburgh",0,,"LEM","09_10_02_15:06:51","LEM","10_07_02_10:29:56"
"IM_LA_503","LA",503,"T_LA_1115",1,,,,"Edinburgh",0,,"LEM","10_09_02_11:36:55","jhm","10_18_02_10:31:16"
"IM_LA_513","LA",513,"T_LA_852",0,,,,,0,"Released","LEM","11_06_02_14:52:27","LEM","11_06_02_14:52:28"
"IM_LA_514","LA",514,"T_LA_853",0,,,,,0,"Released","LEM","11_06_02_14:52:31","LEM","11_06_02_14:52:34"
"IM_LA_515","LA",515,"T_LA_854",0,,,,,0,"Released","LEM","11_06_02_14:52:40","LEM","11_06_02_14:52:43"
"IM_LA_516","LA",516,"T_LA_850",0,,,,,0,"Released","LEM","11_06_02_14:55:47","LEM","11_06_02_14:55:48"
"IM_LA_53","LA",53,"T_LA_175",0,,,,"Perth",0,,"LEM","06_25_01_10:30:25","jhm","10_11_02_16:15:34"
"IM_LA_54","LA",54,"T_LA_204",0,,,,"Dunkeld",0,,"LEM","06_25_01_10:41:40","jhm","10_11_02_16:15:16"
"IM_LA_55","LA",55,"T_LA_205",0,,,,"Dunkeld",0,,"LEM","06_25_01_10:44:11","jhm","10_11_02_16:14:50"
"IM_LA_56","LA",56,"T_LA_207",0,"6_7_1609","07_06_09_00:00:00",,"Crichton",0,"Rescued","LEM","06_25_01_14:31:51","LEM","06_25_01_14:34:31"
"IM_LA_57","LA",57,"T_LA_207",1,,,"Tolbooth","Edinburgh",0,,"LEM","06_25_01_14:34:11","LEM","06_25_01_14:34:17"
"IM_LA_58","LA",58,"T_LA_207",0,"7_1609","07_01_09_00:00:00","Tolbooth","Musselburgh",1,,"LEM","06_25_01_14:34:23","jhm","10_11_02_15:37:24"
"IM_LA_59","LA",59,"T_LA_220",0,,,"Tolbooth","Perth",0,,"LEM","06_26_01_10:28:25","jhm","10_11_02_16:17:21"
"IM_LA_6","LA",6,"T_LA_37",0,,,"Tolbooth","Edinburgh",0,,"LEM","05_22_01_12:15:08","jhm","10_18_02_10:35:05"
"IM_LA_60","LA",60,"T_LA_221",0,,,"Tolbooth","Perth",0,,"LEM","06_26_01_10:36:48","jhm","10_11_02_16:18:06"
"IM_LA_61","LA",61,"T_LA_231",0,,,"Tolbooth","Dunblane",0,,"LEM","06_26_01_12:52:22","jhm","10_11_02_16:19:33"
"IM_LA_62","LA",62,"T_LA_232",0,,,"Tolbooth","Dunblane",0,,"LEM","06_26_01_15:21:34","jhm","10_11_02_16:20:02"
"IM_LA_63","LA",63,"T_LA_241",0,,,"Tolbooth","Linlithgow",0,,"LEM","06_26_01_16:17:12","jhm","10_11_02_16:23:35"
"IM_LA_64","LA",64,"T_LA_242",0,,,"Tolbooth","Linlithgow",0,,"LEM","06_26_01_16:25:07","jhm","10_11_02_16:25:18"
"IM_LA_65","LA",65,"T_LA_244",0,,,,"Irvine",0,,"LEM","06_27_01_09:47:07","jhm","10_11_02_16:24:09"
"IM_LA_66","LA",66,"T_LA_243",0,,,,"Irvine",0,,"LEM","06_27_01_09:47:20","jhm","10_11_02_16:24:14"
"IM_LA_67","LA",67,"T_LA_245",0,"8_1617","08_01_17_00:00:00","Tolbooth","Stirling",0,,"LEM","06_27_01_09:53:48","jhm","10_11_02_15:36:08"
"IM_LA_68","LA",68,"T_LA_247",0,,,,"Irvine",0,,"LEM","06_27_01_10:03:02","jhm","10_11_02_16:25:35"
"IM_LA_69","LA",69,"T_LA_248",0,,,,"Ayr",0,,"LEM","06_27_01_10:10:58","jhm","10_11_02_16:24:44"
"IM_LA_7","LA",7,"T_LA_40",1,"7_1644","07_01_44_00:00:00","Tolbooth","Edinburgh",0,,"LEM","05_22_01_14:41:08","LEM","10_18_01_13:22:11"
"IM_LA_70","LA",70,"T_LA_249",0,,,,"Ayr",0,,"LEM","06_27_01_10:17:14","jhm","10_11_02_16:25:00"
"IM_LA_71","LA",71,"T_LA_250",0,,,,"Brechin",0,,"LEM","06_27_01_10:28:27","jhm","10_18_02_10:34:44"
"IM_LA_72","LA",72,"T_LA_251",0,,,,"Inverkeithing",0,,"LEM","06_27_01_10:39:10","jhm","10_18_02_10:34:27"
"IM_LA_73","LA",73,"T_LA_252",0,,,,"Crail",0,,"LEM","06_27_01_10:41:05","jhm","10_11_02_16:25:52"
"IM_LA_74","LA",74,"T_LA_253",0,,,,"Inverkeithing",0,,"LEM","06_27_01_11:43:53","LEM","06_27_01_11:43:57"
"IM_LA_75","LA",75,"T_LA_254",0,,,,"Inverkeithing",0,,"LEM","06_27_01_11:46:57","jhm","10_18_02_10:33:52"
"IM_LA_76","LA",76,"T_LA_255",0,,,,"Inverkeithing",0,,"LEM","06_27_01_11:49:34","jhm","10_11_02_16:26:09"
"IM_LA_77","LA",77,"T_LA_256",0,,,,"Inverkeithing",0,,"LEM","06_27_01_11:51:35","jhm","10_11_02_16:26:15"
"IM_LA_78","LA",78,"T_LA_258",0,,,,"Inverkeithing",0,,"LEM","06_27_01_11:56:34","jhm","10_11_02_15:23:24"
"IM_LA_79","LA",79,"T_LA_260",1,,,"Tolbooth","Edinburgh",0,"Released","LEM","06_27_01_12:46:27","jhm","10_18_02_10:33:23"
"IM_LA_80","LA",80,"T_LA_261",1,,,"Tolbooth","Edinburgh",0,,"LEM","06_27_01_14:37:06","LEM","06_27_01_14:37:19"
"IM_LA_81","LA",81,"T_LA_263",0,,,,"Musselburgh",0,,"LEM","06_27_01_16:15:12","jhm","11_05_02_14:19:51"
"IM_LA_82","LA",82,"T_LA_264",0,,,"Tolbooth","Musselburgh",0,,"LEM","06_27_01_16:23:51","jhm","11_05_02_14:42:25"
"IM_LA_83","LA",83,"T_LA_265",0,,,"Tolbooth","Musselburgh",0,,"LEM","06_28_01_09:18:35","jhm","11_05_02_14:26:38"
"IM_LA_84","LA",84,"T_LA_266",0,,,,"Musselburgh",0,,"LEM","06_28_01_09:28:45","jhm","11_05_02_14:16:43"
"IM_LA_85","LA",85,"T_LA_286",1,,,"Tolbooth","Edinburgh",0,"Released","LEM","06_28_01_15:50:30","LEM","06_28_01_15:50:50"
"IM_LA_86","LA",86,"T_LA_287",1,,,"Tolbooth","Edinburgh",0,"Released","LEM","06_28_01_15:53:20","LEM","06_28_01_15:53:26"
"IM_LA_87","LA",87,"T_LA_288",0,"14_6_1661","06_14_61_00:00:00","Tolbooth","Dalkeith",0,,"LEM","06_29_01_13:37:34","LEM","07_16_01_10:54:53"
"IM_LA_88","LA",88,"T_LA_302",1,"9_8_1661","08_09_61_00:00:00","Tolbooth","Edinburgh",0,,"LEM","06_29_01_13:49:41","LEM","06_29_01_13:49:49"
"IM_LA_89","LA",89,"T_LA_322",0,,,,,0,,"LEM","07_03_01_10:34:16","LEM","07_03_01_10:34:21"
"IM_LA_90","LA",90,"T_LA_322",1,,,,"Edinburgh",0,"Released","LEM","07_03_01_10:34:28","LEM","07_03_01_10:34:37"
"IM_LA_91","LA",91,"T_LA_323",1,,,,"Edinburgh",0,"Released","LEM","07_03_01_10:36:23","LEM","07_03_01_10:36:27"
"IM_LA_92","LA",92,"T_LA_325",1,,,"Tolbooth","Edinburgh",0,,"LEM","07_03_01_12:24:24","LEM","07_03_01_12:24:35"
"IM_LA_93","LA",93,"T_LA_326",0,,,,"Haddington",1,,"LEM","07_03_01_15:44:15","LEM","10_28_02_13:08:24"
"IM_LA_94","LA",94,"T_LA_326",1,,,"Tolbooth","Edinburgh",0,,"LEM","07_03_01_15:44:41","LEM","10_28_02_13:08:27"
"IM_LA_96","LA",96,"T_LA_288",0,,,,"Niddry",1,"Moved","LEM","07_04_01_13:17:28","LEM","07_04_01_13:17:47"
"IM_LA_97","LA",97,"T_LA_345",0,,,,"Culross",0,,"LEM","07_05_01_11:48:25","jhm","10_11_02_16:26:57"
"IM_LA_98","LA",98,"T_LA_346",0,,,"Tolbooth","Kirkcaldy",0,,"LEM","07_05_01_12:00:12","jhm","10_11_02_16:27:47"
"IM_LA_99","LA",99,"T_LA_348",0,,,"Castle","Glasgow",0,,"LEM","07_05_01_12:21:07","jhm","10_11_02_16:28:00"
