AppealRef,AppealSystemId,AppealID,Trialref,PersonRef,Centralauth,Reason,Appealexists,Appealdate,Appealdate_as_date,Createdby,Createdate,Lastupdatedby,Lastupdatedon
"AP_JO_10","JO",10,"T_JO_89",,"Privy_Council","request_for_permission_to_arrest.",1,"1_4_1630","04_01_30_00:00:00","jhm","06_12_01_10:40:05","jhm","06_12_01_10:40:28"
"AP_JO_100","JO",100,"T_JO_1137",,"Privy_Council",,1,"29_1_1650","01_29_50_00:00:00","jhm","12_05_01_13:31:19","jhm","12_05_01_13:31:32"
"AP_JO_101","JO",101,"T_JO_1173",,"Parliament",,1,"13_6_1649","06_13_49_00:00:00","jhm","01_16_02_12:54:13","jhm","01_16_02_12:55:54"
"AP_JO_102","JO",102,"T_JO_1175",,"Parliament",,1,"13_6_1649","06_13_49_00:00:00","jhm","01_16_02_13:13:18","jhm","01_16_02_13:13:27"
"AP_JO_103","JO",103,"T_JO_1174",,"Parliament",,1,"13_6_1649","06_13_49_00:00:00","jhm","01_16_02_13:15:21","jhm","01_16_02_13:15:32"
"AP_JO_104","JO",104,"T_LA_1071",,"Privy_Council","presbytery_want_commission",1,"3_5_1643","05_03_43_00:00:00","jhm","02_19_02_12:26:01","jhm","02_19_02_12:26:23"
"AP_JO_105","JO",105,"T_LA_1073",,"Privy_Council",,1,"3_5_1643","05_03_43_00:00:00","jhm","02_19_02_12:29:56","jhm","02_19_02_12:30:07"
"AP_JO_106","JO",106,"T_LA_1072",,"Privy_Council",,1,"3_5_1643","05_03_43_00:00:00","jhm","02_19_02_12:37:22","jhm","02_19_02_12:37:31"
"AP_JO_107","JO",107,"T_JO_1411",,"Privy_Council","a_request_to_purchase_a_commission_for_torture",1,"10_11_1643","11_10_43_00:00:00","jhm","06_17_02_16:01:14","jhm","06_17_02_16:02:27"
"AP_JO_108","JO",108,"T_JO_1446",,,"kirk_session_to_ask_for_assize,_but_?from_whom",1,"13_7_1649","07_13_49_00:00:00","jhm","07_02_02_09:19:31","jhm","09_26_02_12:41:53"
"AP_JO_109","JO",109,"T_LA_1296",,,"letter_to_be_sent_to_civil_authorities",1,"6_1658","06_01_58_00:00:00","jhm","07_04_02_14:43:47","jhm","07_04_02_14:44:25"
"AP_JO_11","JO",11,"T_JO_90",,,"presbytery_request_commission_to_try_and_judge_her",1,"11_4_1649","04_11_49_00:00:00","jhm","06_13_01_09:25:25","LEM","06_22_01_14:44:41"
"AP_JO_110","JO",110,"T_JO_1538",,,"Dundee_magistrates_to_write_for_trial_commission",1,"29_6_1670","06_29_70_00:00:00","jhm","07_16_02_10:03:52","jhm","07_16_02_10:04:27"
"AP_JO_12","JO",12,"T_JO_91",,"Privy_Council","request_for_commission_of_justiciary",1,"20_6_1649","06_20_49_00:00:00","jhm","06_13_01_10:24:32","jhm","06_13_01_10:26:02"
"AP_JO_13","JO",13,"T_JO_92",,"Privy_Council","request_for_commission_of_justiciary",1,"20_6_1649","06_20_49_00:00:00","jhm","06_13_01_10:47:04","jhm","06_13_01_10:47:37"
"AP_JO_14","JO",14,"T_JO_93",,"Privy_Council","request_commission_of_justiciary",1,"20_6_1649","06_20_49_00:00:00","jhm","06_13_01_11:57:44","jhm","06_13_01_12:00:05"
"AP_JO_15","JO",15,"T_JO_96",,,"request_for_a_commission_for_trying_and_judging.",1,"11_7_1649","07_11_49_00:00:00","jhm","06_14_01_13:38:03","jhm","06_14_01_13:40:11"
"AP_JO_16","JO",16,"T_JO_97",,,"requested_to_try_and_judge_but_no_details",1,"11_7_1649","07_11_49_00:00:00","jhm","06_14_01_13:48:19","jhm","06_14_01_13:49:55"
"AP_JO_17","JO",17,"T_JO_98",,,"request_to_be_made_for_a_commission.",1,"11_7_1649","07_11_49_00:00:00","jhm","06_14_01_14:13:53","jhm","06_14_01_14:14:26"
"AP_JO_172","JO",172,"T_JO_1789",,"Parliament","From_the_Earl_of_Haddington.",1,"3_4_1661","04_03_61_00:00:00","jhm","09_26_02_15:28:15","jhm","09_26_02_15:29:29"
"AP_JO_173","JO",173,"T_JO_1713",,"Parliament","From_the_Earl_of_Haddington.",1,"3_4_1661","04_03_61_00:00:00","jhm","09_26_02_15:31:23","jhm","09_26_02_15:31:37"
"AP_JO_174","JO",174,"T_JO_1712",,"Parliament","From_the_Earl_of_Haddington.",1,"3_4_1661","04_03_61_00:00:00","jhm","09_26_02_15:51:15","jhm","09_26_02_15:51:30"
"AP_JO_175","JO",175,"T_JO_1790",,"Parliament","From_the_Earl_of_Haddington",1,"3_4_1661","04_03_61_00:00:00","jhm","09_26_02_15:58:25","jhm","09_26_02_15:58:36"
"AP_JO_176","JO",176,"T_JO_1791",,"Parliament","From_the_Earl_of_Haddington",1,"3_4_1661","04_03_61_00:00:00","jhm","09_26_02_16:06:38","jhm","09_26_02_16:06:54"
"AP_JO_177","JO",177,"T_LA_326",,"Parliament","From_the_Earl_of_Haddington",1,"3_4_1661","04_03_61_00:00:00","jhm","09_26_02_16:09:16","jhm","09_26_02_16:09:28"
"AP_JO_178","JO",178,"T_JO_1792",,"Parliament","From_the_Earl_of_Haddington.",1,"3_4_1661","04_03_61_00:00:00","jhm","09_26_02_16:17:19","jhm","09_26_02_16:17:35"
"AP_JO_179","JO",179,"T_JO_1632",,"Parliament","From_the_Earl_of_Haddington",1,"3_4_1661","04_03_61_00:00:00","jhm","09_26_02_16:22:09","jhm","09_26_02_16:22:24"
"AP_JO_18","JO",18,"T_JO_99",,,"no_info_about_which_body_the_commission_requested",1,"11_7_1649","07_11_49_00:00:00","jhm","06_14_01_14:22:48","jhm","06_14_01_14:23:49"
"AP_JO_180","JO",180,"T_JO_1793",,"Parliament","From_the_Earl_of_Haddington",1,"3_4_1661","04_03_61_00:00:00","jhm","09_26_02_16:25:22","jhm","09_26_02_16:25:39"
"AP_JO_181","JO",181,"T_JO_1794",,"Parliament","From_the_Earl_of_Haddington.",1,"3_4_1661","04_03_61_00:00:00","jhm","09_26_02_16:27:55","jhm","09_26_02_16:28:09"
"AP_JO_182","JO",182,"T_JO_1795",,"Parliament","From_the_Earl_of_Haddington.",1,"3_4_1661","04_03_61_00:00:00","jhm","09_26_02_16:31:50","jhm","09_26_02_16:32:02"
"AP_JO_183","JO",183,"T_JO_1796",,"Parliament","From_the_Earl_of_Haddington.",1,"3_4_1661","04_03_61_00:00:00","jhm","09_26_02_16:34:18","jhm","09_26_02_16:34:30"
"AP_JO_184","JO",184,"T_JO_1797",,"Parliament","From_the_Earl_of_Haddington",1,"3_4_1661","04_03_61_00:00:00","jhm","09_26_02_16:38:02","jhm","09_26_02_16:38:17"
"AP_JO_185","JO",185,"T_JO_1798",,"Parliament","From_the_Earl_of_Haddington.",1,"3_4_1661","04_03_61_00:00:00","jhm","09_26_02_16:40:23","jhm","09_26_02_16:40:41"
"AP_JO_186","JO",186,"T_JO_1799",,"Parliament","From_the_Earl_of_Haddington",1,"3_4_1661","04_03_61_00:00:00","jhm","09_26_02_16:42:33","jhm","09_26_02_16:42:49"
"AP_JO_187","JO",187,"T_JO_1129",,"Privy_Council",,1,"16_7_1650","07_16_50_00:00:00","jhm","10_22_02_13:59:38","jhm","10_22_02_13:59:51"
"AP_JO_19","JO",19,"T_JO_100",,,"no_details_about_which_authority",1,"11_7_1649","07_11_49_00:00:00","jhm","06_14_01_14:29:54","jhm","06_14_01_14:30:36"
"AP_JO_2","JO",2,"T_JO_81",,"Privy_Council","supplication_from_presbytery_to_ward_suspect.",1,"26_5_1630","05_26_30_00:00:00","jhm","06_08_01_10:29:25","jhm","06_08_01_10:30:53"
"AP_JO_20","JO",20,"T_JO_102",,,"no_reference_to_which_authority.",1,"11_7_1649","07_11_49_00:00:00","jhm","06_14_01_14:43:06","jhm","06_14_01_14:43:30"
"AP_JO_21","JO",21,"T_JO_104",,,"no_details_about_which_authority",1,"11_7_1649","07_11_49_00:00:00","jhm","06_14_01_15:01:02","jhm","06_14_01_15:01:21"
"AP_JO_22","JO",22,"T_JO_105",,,"no_detail_about_which_authority.",1,"11_7_1649","07_11_49_00:00:00","jhm","06_14_01_15:14:02","jhm","06_14_01_15:14:21"
"AP_JO_23","JO",23,"T_JO_107",,,"commission_for_trial_and_judge_requested",1,"25_7_1649","07_25_49_00:00:00","jhm","06_15_01_09:21:44","jhm","06_15_01_09:23:24"
"AP_JO_24","JO",24,"T_JO_108",,,"deposition_attested",1,"25_7_1649","07_25_49_00:00:00","jhm","06_15_01_09:38:48","jhm","06_15_01_09:39:23"
"AP_JO_25","JO",25,"T_JO_109",,,"deposition_attested",1,"25_7_1649","07_25_49_00:00:00","jhm","06_15_01_09:49:48","jhm","06_15_01_09:50:13"
"AP_JO_26","JO",26,"T_JO_111",,,"deposition_attested",1,"25_7_1649","07_25_49_00:00:00","jhm","06_15_01_10:00:13","jhm","06_15_01_10:00:29"
"AP_JO_27","JO",27,"T_JO_112",,,"deposition_attested.",1,"25_7_1649","07_25_49_00:00:00","jhm","06_15_01_10:05:43","jhm","06_15_01_10:05:56"
"AP_JO_28","JO",28,"T_JO_113",,,"deposition_attested",1,"25_7_1649","07_25_49_00:00:00","jhm","06_15_01_10:10:40","jhm","06_15_01_10:10:57"
"AP_JO_29","JO",29,"T_JO_114",,,"deposition_attested",1,"25_7_1649","07_25_49_00:00:00","jhm","06_15_01_10:15:05","jhm","06_15_01_10:15:21"
"AP_JO_3","JO",3,"T_JO_78",,"Privy_Council","church_applied_for_permission_to_arrest_suspect.",1,"1_4_1630","04_01_30_00:00:00","jhm","06_08_01_11:57:54","jhm","10_02_02_12:15:12"
"AP_JO_30","JO",30,"T_JO_115",,,"deposition_attested",1,"25_7_1649","07_25_49_00:00:00","jhm","06_15_01_10:21:34","jhm","06_15_01_10:21:45"
"AP_JO_31","JO",31,"T_JO_116",,,"deposition_attested",1,"25_7_1649","07_25_49_00:00:00","jhm","06_15_01_10:28:00","jhm","06_15_01_10:28:11"
"AP_JO_32","JO",32,"T_JO_117",,,"depostion_attested",1,"25_7_1649","07_25_49_00:00:00","jhm","06_15_01_10:32:04","jhm","06_15_01_10:32:20"
"AP_JO_33","JO",33,"T_JO_118",,,"deposition_attested",1,"25_7_1649","07_25_49_00:00:00","jhm","06_15_01_10:36:12","jhm","06_15_01_10:36:23"
"AP_JO_34","JO",34,"T_JO_120",,,"deposition_attested",1,"8_8_1649","08_08_49_00:00:00","jhm","06_15_01_11:53:28","jhm","06_15_01_11:53:40"
"AP_JO_35","JO",35,"T_JO_121",,,"deposition_attested",1,"8_8_1649","08_08_49_00:00:00","jhm","06_15_01_11:58:48","jhm","06_15_01_11:58:59"
"AP_JO_36","JO",36,"T_JO_122",,,"deposition_attested",1,"8_8_1649","08_08_49_00:00:00","jhm","06_15_01_12:02:42","jhm","06_15_01_12:02:56"
"AP_JO_37","JO",37,"T_JO_123",,,"deposition_attested.",1,"8_8_1649","08_08_49_00:00:00","jhm","06_15_01_12:06:11","jhm","06_15_01_12:06:23"
"AP_JO_38","JO",38,"T_JO_124",,,"deposition_attested",1,"8_8_1649","08_08_49_00:00:00","jhm","06_15_01_12:09:38","jhm","06_15_01_12:09:52"
"AP_JO_39","JO",39,"T_JO_125",,,"depostion_attested",1,"8_8_1649","08_08_49_00:00:00","jhm","06_15_01_12:13:47","jhm","06_15_01_12:13:57"
"AP_JO_4","JO",4,"T_JO_80",,"Privy_Council","request_for_permission_to_arrest_and_ward.",1,"1_4_1630","04_01_30_00:00:00","jhm","06_08_01_12:09:31","jhm","06_08_01_12:10:00"
"AP_JO_40","JO",40,"T_JO_133",,,"request_to_try_and_judge",1,"25_7_1649","07_25_49_00:00:00","jhm","06_18_01_09:15:52","jhm","06_18_01_09:16:23"
"AP_JO_41","JO",41,"T_JO_134",,,"request_to_try_and_judge",1,"25_7_1649","07_25_49_00:00:00","jhm","06_18_01_09:22:47","jhm","06_18_01_09:23:02"
"AP_JO_42","JO",42,"T_JO_135",,,"request_to_be_sent_to_council.",1,"26_9_1649","09_26_49_00:00:00","jhm","06_18_01_09:34:15","jhm","06_18_01_09:34:44"
"AP_JO_44","JO",44,"T_JO_307",,"Privy_Council","from_James_Borthwick_regarding_death_of_his_family",1,"28_8_1628","08_28_28_00:00:00","jhm","07_03_01_10:05:24","jhm","07_03_01_10:07:34"
"AP_JO_45","JO",45,"T_JO_307",,"Privy_Council","from_family_of_deceased_Earl_of_Lothian",1,"31_7_1628","07_31_28_00:00:00","jhm","07_03_01_10:16:53","jhm","07_03_01_10:17:35"
"AP_JO_46","JO",46,"T_JO_308",,"Privy_Council","to_try_for_murder_from_Earl_of_Lothian's_family",1,"27_7_1628","07_27_28_00:00:00","jhm","07_03_01_10:43:35","jhm","07_03_01_10:44:21"
"AP_JO_47","JO",47,"T_JO_329",,"Privy_Council","for_arrest.",1,"10_1629","10_01_29_00:00:00","jhm","07_04_01_09:23:28","jhm","07_04_01_09:23:43"
"AP_JO_48","JO",48,"T_JO_344",,,"for_practising_of_sorcery_and_witchcraft",1,"4_2_1641","02_04_41_00:00:00","jhm","07_05_01_10:09:23","jhm","07_05_01_10:09:49"
"AP_JO_49","JO",49,"T_JO_345",,,"for_sorcery_and_witchcraft",1,"4_2_1641","02_04_41_00:00:00","jhm","07_05_01_10:17:20","jhm","07_05_01_10:17:36"
"AP_JO_5","JO",5,"T_JO_79",,"Privy_Council","presybtery_request_permission_to_arrest_and_ward.",1,"1_4_1630","04_01_30_00:00:00","jhm","06_08_01_12:21:29","jhm","06_08_01_12:23:43"
"AP_JO_50","JO",50,"T_JO_346",,"Privy_Council","confessed_demonic_pact",1,"20_7_1643","07_20_43_00:00:00","jhm","07_05_01_10:41:33","jhm","07_05_01_10:42:25"
"AP_JO_51","JO",51,"T_JO_347",,"Privy_Council","confessed_demonic_pact",1,"27_7_1643","07_27_43_00:00:00","jhm","07_05_01_10:52:27","jhm","07_05_01_15:08:02"
"AP_JO_52","JO",52,"T_JO_348",,,"confessed_witchcraft,_trial_wanted",1,"2_8_1649","08_02_49_00:00:00","jhm","07_05_01_13:02:52","jhm","07_05_01_15:06:41"
"AP_JO_53","JO",53,"T_JO_349",,"Committee_of_Estates","confessed_witchcraft",1,"9_8_1649","08_09_49_00:00:00","jhm","07_05_01_13:28:33","jhm","07_05_01_15:06:35"
"AP_JO_54","JO",54,"T_JO_350",,"Committee_of_Estates","confessed_witchcraft,_trial_to_be_requested",1,"9_8_1649","08_09_49_00:00:00","jhm","07_05_01_14:47:40","jhm","07_05_01_15:06:16"
"AP_JO_55","JO",55,"T_JO_351",,"Committee_of_Estates","witchcraft_confessed,_commission_to_be_requested",1,"13_9_1649","09_13_49_00:00:00","jhm","07_05_01_15:02:03","jhm","07_05_01_15:05:59"
"AP_JO_56","JO",56,"T_JO_352",,"Committee_of_Estates","confessed_witchcraft,_trial_requested",1,"13_9_1649","09_13_49_00:00:00","jhm","07_05_01_15:11:38","jhm","07_05_01_15:12:07"
"AP_JO_57","JO",57,"T_JO_353",,,"confessed_witchcraft",1,"27_9_1649","09_27_49_00:00:00","jhm","07_05_01_15:31:48","jhm","07_05_01_15:32:15"
"AP_JO_58","JO",58,"T_JO_354",,,"witchcraft_confessed",1,"17_9_1649","09_17_49_00:00:00","jhm","07_05_01_15:37:34","jhm","07_05_01_15:37:45"
"AP_JO_59","JO",59,"T_JO_355",,,"witchcraft_confessed",1,"27_9_1649","09_27_49_00:00:00","jhm","07_05_01_15:43:06","jhm","07_05_01_15:43:20"
"AP_JO_6","JO",6,"T_JO_82",,"Privy_Council","presbytery_request_arrest_and_warding",1,"1_4_1630","04_01_30_00:00:00","jhm","06_08_01_14:23:47","jhm","06_08_01_14:24:13"
"AP_JO_60","JO",60,"T_JO_356",,,"confessed_witchcraft",1,"27_9_1649","09_27_49_00:00:00","jhm","07_05_01_15:46:42","jhm","07_05_01_15:46:52"
"AP_JO_63","JO",63,"T_JO_359",,"Committee_of_Estates","confessed_witchcraft",1,"11_10_1649","10_11_49_00:00:00","jhm","07_09_01_09:09:42","jhm","07_09_01_09:10:11"
"AP_JO_64","JO",64,"T_JO_360",,"Committee_of_Estates","confessed_witchcraft",1,"11_10_1649","10_11_49_00:00:00","jhm","07_09_01_09:17:50","jhm","07_09_01_09:18:04"
"AP_JO_65","JO",65,"T_JO_361",,"Committee_of_Estates","confessed_witchcraft",1,"11_10_1649","10_11_49_00:00:00","jhm","07_09_01_09:25:00","jhm","07_09_01_09:25:17"
"AP_JO_66","JO",66,"T_JO_362",,"Committee_of_Estates","confessed_witchcraft",1,"11_10_1649","10_11_49_00:00:00","jhm","07_09_01_09:30:01","jhm","07_09_01_09:30:20"
"AP_JO_67","JO",67,"T_JO_363",,"Committee_of_Estates","confessed_witchcraft",1,"11_10_1649","10_11_49_00:00:00","jhm","07_09_01_09:44:11","jhm","07_09_01_09:44:29"
"AP_JO_68","JO",68,"T_JO_364",,"Committee_of_Estates","confessed_witchcraft",1,"11_10_1649","10_11_49_00:00:00","jhm","07_09_01_09:51:33","jhm","07_09_01_09:51:45"
"AP_JO_69","JO",69,"T_JO_366",,"Committee_of_Estates","confessed_witchcraft",1,"18_10_1649","10_18_49_00:00:00","jhm","07_09_01_10:22:03","jhm","07_09_01_10:22:18"
"AP_JO_7","JO",7,"T_JO_86",,"Privy_Council","request_from_presbytery_to_arrest_suspect.",1,"1_4_1630","04_01_30_00:00:00","jhm","06_12_01_09:45:01","jhm","06_12_01_09:45:28"
"AP_JO_70","JO",70,"T_JO_367",,"Committee_of_Estates","confessed_witchcraft",1,"18_10_1649","10_18_49_00:00:00","jhm","07_09_01_10:25:32","jhm","07_09_01_10:25:45"
"AP_JO_71","JO",71,"T_JO_368",,"Committee_of_Estates","confessed_witchcraft",1,"18_10_1649","10_18_49_00:00:00","jhm","07_09_01_10:31:40","jhm","07_09_01_10:31:50"
"AP_JO_73","JO",73,"T_JO_575",,"General_Assembly","Peebles_presbytery_want_further_advice",1,"28_6_1649","06_28_49_00:00:00","jhm","07_31_01_12:39:38","jhm","08_02_01_15:28:18"
"AP_JO_74","JO",74,"T_JO_574",,"General_Assembly","presbytery_request_advice",1,"28_6_1649","06_28_49_00:00:00","jhm","07_31_01_12:44:56","jhm","07_31_01_12:45:14"
"AP_JO_75","JO",75,"T_JO_575",,"Committee_of_Estates","Biggar_presbytery_want_her_brought_from_Peebles",1,"12_12_1649","12_12_49_00:00:00","jhm","08_02_01_15:26:02","jhm","08_02_01_15:26:36"
"AP_JO_8","JO",8,"T_JO_87",,"Privy_Council","request_from_presbytery_for_permission_to_arrest.",1,"1_4_1630","04_01_30_00:00:00","jhm","06_12_01_10:03:23","jhm","06_12_01_10:03:52"
"AP_JO_82","JO",82,"T_LA_1089",,"Privy_Council",,1,"22_8_1644","08_22_44_00:00:00","jhm","11_27_01_09:34:09","jhm","11_27_01_09:36:12"
"AP_JO_83","JO",83,"T_LA_1090",,"Privy_Council",,1,"22_8_1644","08_22_44_00:00:00","jhm","11_27_01_09:36:22","jhm","11_27_01_09:36:32"
"AP_JO_84","JO",84,"T_JO_1113",,"Committee_of_Estates","for_trying,_confronting_and_imprisoning",1,"10_1_1650","01_10_50_00:00:00","jhm","11_27_01_12:23:38","jhm","11_27_01_12:28:48"
"AP_JO_85","JO",85,"T_JO_1114",,"Committee_of_Estates","for_trying,_confronting_and_imprisoning_accused",1,"10_1_1650","01_10_50_00:00:00","jhm","11_27_01_12:45:36","jhm","11_27_01_12:46:18"
"AP_JO_86","JO",86,"T_JO_1115",,"Committee_of_Estates","for_trying,_confronting_and_imprisoning",1,"28_1_1650","01_28_50_00:00:00","jhm","11_27_01_13:13:44","jhm","11_27_01_13:14:08"
"AP_JO_87","JO",87,"T_JO_1116",,"Committee_of_Estates",,1,"10_1_1650","01_10_50_00:00:00","jhm","11_27_01_13:23:23","jhm","11_27_01_13:23:52"
"AP_JO_88","JO",88,"T_JO_1117",,"Committee_of_Estates","for_trying,_confronting_and_imprisoning",1,"10_1_1650","01_10_50_00:00:00","jhm","11_27_01_13:35:49","jhm","11_27_01_13:36:17"
"AP_JO_89","JO",89,"T_JO_1118",,"Committee_of_Estates","trying,_confronting_and_imprisoning",1,"10_1_1650","01_10_50_00:00:00","jhm","11_27_01_14:00:06","jhm","11_27_01_14:00:43"
"AP_JO_9","JO",9,"T_JO_88",,"Privy_Council","presbytery_requested_permission_to_arrest_suspect.",1,"1_4_1630","04_01_30_00:00:00","jhm","06_12_01_10:18:52","jhm","10_02_02_12:05:58"
"AP_JO_90","JO",90,"T_JO_1119",,"Committee_of_Estates","trying,_confronting_and_imprisoning",1,"10_1_1650","01_10_50_00:00:00","jhm","11_27_01_15:10:27","jhm","11_27_01_15:11:05"
"AP_JO_91","JO",91,"T_JO_1120",,"Committee_of_Estates","trying,_confronting_and_imprisoning",1,"10_1_1650","01_10_50_00:00:00","jhm","11_27_01_15:23:41","jhm","11_27_01_15:24:05"
"AP_JO_92","JO",92,"T_JO_1121",,"Committee_of_Estates","trying,_confronting_and_imprisoning",1,"10_1_1650","01_10_50_00:00:00","jhm","11_27_01_15:31:49","jhm","11_27_01_15:32:17"
"AP_JO_93","JO",93,"T_JO_1122",,"Committee_of_Estates","trying,_confronting_and_imprisoning",1,"10_1_1650","01_10_50_00:00:00","jhm","11_27_01_15:41:03","jhm","11_27_01_15:41:24"
"AP_JO_94","JO",94,"T_JO_1123",,"Committee_of_Estates","trying,_confronting_and_imprisoning",1,"10_1_1650","01_10_50_00:00:00","jhm","11_27_01_15:50:37","jhm","11_27_01_15:50:58"
"AP_JO_95","JO",95,"T_JO_1131",,"Privy_Council","Presbytery_report_it_was_granted",1,"30_12_1696","12_30_96_00:00:00","jhm","12_04_01_14:21:50","jhm","12_04_01_14:22:31"
"AP_JO_96","JO",96,"T_JO_1132",,"Privy_Council","presbytery_request_commission",1,"18_2_1697","02_18_97_00:00:00","jhm","12_04_01_14:44:13","jhm","12_04_01_14:44:37"
"AP_JO_97","JO",97,"T_JO_1133",,"Privy_Council","presbytery_request_commission",1,"18_2_1697","02_18_97_00:00:00","jhm","12_04_01_15:01:49","jhm","12_04_01_15:02:09"
"AP_JO_98","JO",98,"T_JO_1134",,"Privy_Council","presbytery_request_commission",1,"18_2_1697","02_18_97_00:00:00","jhm","12_04_01_15:08:13","jhm","12_04_01_15:08:30"
"AP_JO_99","JO",99,"T_JO_1135",,"Privy_Council",,1,,,"jhm","12_04_01_15:45:07","jhm","12_04_01_15:45:51"
"AP_LA_1","LA",1,"T_LA_40",,,,1,,,"LEM","05_22_01_15:42:51","LEM","05_22_01_15:43:07"
"AP_LA_110","LA",110,"T_LA_1501",,"Privy_Council",,1,"21_1_1650","01_21_50_00:00:00","LEM","07_10_02_16:28:07","LEM","07_10_02_16:28:16"
"AP_LA_111","LA",111,"T_LA_1501",,"Committee_of_Estates",,1,"21_1_1650","01_21_50_00:00:00","LEM","07_10_02_16:28:16","LEM","07_10_02_16:28:24"
"AP_LA_112","LA",112,"T_JO_872",,"Privy_Council",,1,"21_1_1650","01_21_50_00:00:00","LEM","07_10_02_16:28:35","LEM","07_10_02_16:28:43"
"AP_LA_113","LA",113,"T_JO_872",,"Committee_of_Estates",,1,"21_1_1650","01_21_50_00:00:00","LEM","07_10_02_16:28:36","LEM","07_10_02_16:28:48"
"AP_LA_114","LA",114,"T_LA_1502",,"Privy_Council",,1,"21_1_1650","01_21_50_00:00:00","LEM","07_10_02_16:28:56","LEM","07_10_02_16:29:03"
"AP_LA_115","LA",115,"T_LA_1502",,"Committee_of_Estates",,1,"21_1_1650","01_21_50_00:00:00","LEM","07_10_02_16:29:03","LEM","07_10_02_16:29:09"
"AP_LA_116","LA",116,"T_LA_1503",,"Privy_Council",,1,"21_1_1650","01_21_50_00:00:00","LEM","07_10_02_16:29:15","LEM","07_10_02_16:29:21"
"AP_LA_117","LA",117,"T_LA_1503",,"Committee_of_Estates",,1,"21_1_1650","01_21_50_00:00:00","LEM","07_10_02_16:29:21","LEM","07_10_02_16:29:27"
"AP_LA_118","LA",118,"T_LA_1504",,"Privy_Council",,1,"21_1_1650","01_21_50_00:00:00","LEM","07_10_02_16:29:36","LEM","07_10_02_16:29:41"
"AP_LA_119","LA",119,"T_LA_1504",,"Committee_of_Estates",,1,"21_1_1650","01_21_50_00:00:00","LEM","07_10_02_16:29:42","LEM","07_10_02_16:29:47"
"AP_LA_120","LA",120,"T_LA_1505",,"Privy_Council",,1,"21_1_1650","01_21_50_00:00:00","LEM","07_10_02_16:29:56","LEM","07_10_02_16:30:02"
"AP_LA_121","LA",121,"T_LA_1505",,"Committee_of_Estates",,1,"21_1_1650","01_21_50_00:00:00","LEM","07_10_02_16:30:02","LEM","07_10_02_16:30:06"
"AP_LA_122","LA",122,"T_LA_1506",,"Privy_Council",,1,"21_1_1650","01_21_50_00:00:00","LEM","07_10_02_16:30:16","LEM","07_10_02_16:30:23"
"AP_LA_123","LA",123,"T_LA_1506",,"Committee_of_Estates",,1,"21_1_1650","01_21_50_00:00:00","LEM","07_10_02_16:30:24","LEM","07_10_02_16:36:09"
"AP_LA_124","LA",124,"T_LA_1749",,"Privy_Council","the_Presbytery_had_'pregnant_presumptions'",1,"22_3_1643","03_22_43_00:00:00","LEM","08_02_02_10:57:58","LEM","08_02_02_10:58:23"
"AP_LA_125","LA",125,"T_LA_1750",,"Committee_of_Estates","for_trial",1,"24_9_1649","09_24_49_00:00:00","LEM","08_02_02_11:46:40","LEM","08_02_02_11:46:58"
"AP_LA_126","LA",126,"T_LA_1751",,"Privy_Council","confession",1,"22_4_1659","04_22_59_00:00:00","LEM","08_02_02_15:08:16","LEM","08_02_02_15:08:26"
"AP_LA_127","LA",127,"T_LA_1752",,"Privy_Council",,1,"22_4_1650","04_22_50_00:00:00","LEM","08_02_02_15:11:38","LEM","08_02_02_15:11:44"
"AP_LA_128","LA",128,"T_LA_1753",,"Privy_Council","confession",1,"22_4_1650","04_22_50_00:00:00","LEM","08_02_02_15:15:50","LEM","08_02_02_15:15:59"
"AP_LA_129","LA",129,"T_LA_1754",,"Privy_Council","confession",1,"22_4_1650","04_22_50_00:00:00","LEM","08_02_02_15:17:14","LEM","08_02_02_15:17:22"
"AP_LA_130","LA",130,"T_LA_1755",,"Privy_Council","confession",1,"22_4_1650","04_22_50_00:00:00","LEM","08_02_02_15:19:12","LEM","08_02_02_15:19:20"
"AP_LA_131","LA",131,"T_LA_1756",,"Privy_Council","confession",1,"22_4_1650","04_22_50_00:00:00","LEM","08_02_02_15:28:36","LEM","08_02_02_15:28:43"
"AP_LA_132","LA",132,"T_LA_1757",,"Privy_Council","confession",1,"22_4_1650","04_22_50_00:00:00","LEM","08_02_02_15:30:00","LEM","08_02_02_15:30:13"
"AP_LA_133","LA",133,"T_LA_1758",,"Privy_Council","confession",1,"22_April_1650","04_22_50_00:00:00","LEM","08_02_02_15:31:20","LEM","08_02_02_15:31:27"
"AP_LA_134","LA",134,"T_LA_1759",,"Privy_Council","confession",1,"22_April_1650","04_22_50_00:00:00","LEM","08_02_02_15:34:00","LEM","08_02_02_15:34:06"
"AP_LA_135","LA",135,"T_LA_1760",,"Privy_Council","confession",1,"22_April_1650","04_22_50_00:00:00","LEM","08_02_02_15:36:26","LEM","08_02_02_15:36:31"
"AP_LA_136","LA",136,"T_LA_1761",,"Privy_Council","confession",1,"22_April_1650","04_22_50_00:00:00","LEM","08_02_02_15:37:38","LEM","08_02_02_15:37:43"
"AP_LA_137","LA",137,"T_LA_1762",,"Privy_Council","confession",1,"22_April_1650","04_22_50_00:00:00","LEM","08_02_02_15:38:44","LEM","08_02_02_15:38:49"
"AP_LA_138","LA",138,"T_LA_1763",,"Privy_Council","confession",1,"22_April_1650","04_22_50_00:00:00","LEM","08_02_02_15:55:13","LEM","08_02_02_15:55:19"
"AP_LA_139","LA",139,"T_LA_1764",,"Privy_Council","confession",1,"22_April_1650","04_22_50_00:00:00","LEM","08_02_02_15:59:51","LEM","08_02_02_15:59:56"
"AP_LA_140","LA",140,"T_LA_1765",,,"confessions",1,"30_4_1650","04_30_50_00:00:00","LEM","08_05_02_11:23:35","LEM","08_05_02_11:23:59"
"AP_LA_141","LA",141,"T_LA_1766",,,"confession",1,"30_4_1650","04_30_50_00:00:00","LEM","08_05_02_11:31:27","LEM","08_05_02_11:31:33"
"AP_LA_142","LA",142,"T_LA_1767",,,"confession",1,"30_4_1650","04_30_50_00:00:00","LEM","08_05_02_11:35:04","LEM","08_05_02_11:35:09"
"AP_LA_143","LA",143,"T_LA_1768",,,"confession",1,"30_4_1650","04_30_50_00:00:00","LEM","08_05_02_11:37:55","LEM","08_05_02_11:38:00"
"AP_LA_144","LA",144,"T_LA_1769",,"Privy_Council","dittay_and_confession",1,"1_5_1650","05_01_50_00:00:00","LEM","08_05_02_11:48:19","LEM","08_05_02_11:48:35"
"AP_LA_145","LA",145,"T_LA_1770",,"Privy_Council","confession_and_dittay",1,"1_5_1650","05_01_50_00:00:00","LEM","08_05_02_11:52:43","LEM","08_05_02_11:52:56"
"AP_LA_146","LA",146,"T_LA_1771",,"Privy_Council","confession_and_dittay",1,"1_5_1650","05_01_50_00:00:00","LEM","08_05_02_11:56:29","LEM","08_05_02_11:56:37"
"AP_LA_147","LA",147,"T_LA_1772",,"Privy_Council","confession_and_dittay",1,"1_5_1650","05_01_50_00:00:00","LEM","08_05_02_12:00:46","LEM","08_05_02_12:01:02"
"AP_LA_148","LA",148,"T_LA_1774",,"Privy_Council","confession",1,"7_5_1650","05_07_50_00:00:00","LEM","08_05_02_12:10:55","LEM","08_05_02_12:11:01"
"AP_LA_149","LA",149,"T_LA_1775",,"Privy_Council","confession",1,"7_5_1650","05_07_50_00:00:00","LEM","08_05_02_12:13:33","LEM","08_05_02_12:13:46"
"AP_LA_150","LA",150,"T_LA_1776",,,"dittay",1,"15_5_1650","05_15_50_00:00:00","LEM","08_05_02_12:24:02","LEM","08_05_02_12:24:25"
"AP_LA_151","LA",151,"T_LA_1777",,"Committee_of_Estates","confession",1,"28_5_1650","05_28_50_00:00:00","LEM","08_05_02_12:29:46","LEM","08_05_02_12:29:59"
"AP_LA_152","LA",152,"T_LA_1778",,"Committee_of_Estates","confession",1,"28_5_1650","05_28_50_00:00:00","LEM","08_05_02_12:31:51","LEM","08_05_02_12:31:59"
"AP_LA_153","LA",153,"T_LA_1779",,"Committee_of_Estates","confession",1,"16_6_1650","06_16_50_00:00:00","LEM","08_05_02_14:12:10","LEM","08_05_02_14:12:18"
"AP_LA_154","LA",154,"T_LA_1780",,"Committee_of_Estates","confession",1,"16_6_1650","06_16_50_00:00:00","LEM","08_05_02_14:13:42","LEM","08_05_02_14:13:49"
"AP_LA_155","LA",155,"T_LA_1781",,"Committee_of_Estates","confession",1,"16_7_1650","07_16_50_00:00:00","LEM","08_05_02_14:15:01","LEM","08_05_02_14:15:11"
"AP_LA_157","LA",157,"T_LA_1783",,"Committee_of_Estates","confession",1,"16_6_1650","06_16_50_00:00:00","LEM","08_05_02_14:18:25","LEM","08_05_02_14:18:33"
"AP_LA_158","LA",158,"T_LA_1785",,"Committee_of_Estates","confession",1,"2_7_1650","07_02_50_00:00:00","LEM","08_07_02_08:38:45","LEM","08_07_02_08:38:54"
"AP_LA_159","LA",159,"T_LA_1786",,"Committee_of_Estates","confession",1,"2_7_1650","07_02_50_00:00:00","LEM","08_07_02_08:40:57","LEM","08_07_02_08:41:12"
"AP_LA_160","LA",160,"T_LA_1787",,"Committee_of_Estates","confession",1,"2_7_1650","07_02_50_00:00:00","LEM","08_07_02_08:43:01","LEM","08_07_02_08:43:08"
"AP_LA_161","LA",161,"T_LA_1788",,,,1,"13_7_1650","07_13_50_00:00:00","LEM","08_07_02_08:56:13","LEM","08_07_02_08:56:22"
"AP_LA_162","LA",162,"T_JO_592",,"Privy_Council","tormenting_of_a_boy",1,"13_6_1704","06_13_04_00:00:00","LEM","08_14_02_14:44:26","LEM","08_14_02_14:58:51"
"AP_LA_163","LA",163,"T_JO_1696",,"Privy_Council","tormenting_of_a_boy",1,"13_6_1704","06_13_04_00:00:00","LEM","08_14_02_14:49:57","LEM","08_14_02_14:59:15"
"AP_LA_164","LA",164,"T_JO_1699",,"Privy_Council","tormenting_of_a_boy",1,"13_6_1704","06_13_04_00:00:00","LEM","08_14_02_14:54:34","LEM","08_14_02_14:58:35"
"AP_LA_165","LA",165,"T_JO_1697",,"Privy_Council","tormenting_of_a_boy.",1,"13_6_1704","06_13_04_00:00:00","LEM","08_14_02_14:56:57","LEM","08_14_02_14:58:20"
"AP_LA_166","LA",166,"T_LA_1813",,"Privy_Council","tormenting_a_boy",1,"13_6_1704","06_13_04_00:00:00","LEM","08_14_02_15:00:01","LEM","08_14_02_15:00:11"
"AP_LA_167","LA",167,"T_LA_1814",,"Privy_Council","tormenting_a_boy",1,"13_6_1704","06_13_04_00:00:00","LEM","08_14_02_15:04:25","LEM","08_14_02_15:04:35"
"AP_LA_168","LA",168,"T_LA_1815",,"Privy_Council","tormenting_a_boy",1,"13_6_1704","06_13_04_00:00:00","LEM","08_14_02_15:05:56","LEM","08_14_02_15:06:06"
"AP_LA_169","LA",169,"T_LA_1756",,"Committee_of_Estates","confession",1,"16_6_1650","06_16_50_00:00:00","LEM","09_12_02_11:58:53","LEM","09_12_02_11:59:04"
"AP_LA_170","LA",170,"T_LA_2013",,,,1,"4_10_1649","10_04_49_00:00:00","LEM","09_17_02_11:32:13","LEM","09_17_02_11:32:34"
"AP_LA_171","LA",171,"T_LA_2009",,"Committee_of_Estates",,1,"4_10_1649","10_04_49_00:00:00","LEM","09_17_02_11:36:28","jhm","10_23_02_12:42:10"
"AP_LA_188","LA",188,"T_JO_1288",,,,1,,,"LEM","10_31_02_15:36:54","LEM","10_31_02_15:36:57"
"AP_LA_189","LA",189,"T_JO_1287",,,,1,,,"LEM","10_31_02_15:38:05","LEM","10_31_02_15:38:10"
"AP_LA_190","LA",190,"T_JO_1286",,,,1,,,"LEM","10_31_02_15:39:00","LEM","10_31_02_15:39:01"
"AP_LA_191","LA",191,"T_JO_1285",,,,1,,,"LEM","10_31_02_15:39:21","LEM","10_31_02_15:39:22"
"AP_LA_192","LA",192,"T_JO_1284",,,,1,,,"LEM","10_31_02_15:41:52","LEM","10_31_02_15:41:54"
"AP_LA_193","LA",193,"T_JO_1283",,,,1,,,"LEM","10_31_02_15:42:48","LEM","10_31_02_15:42:49"
"AP_LA_194","LA",194,"T_JO_1138",,,,1,,,"LEM","10_31_02_17:07:10","LEM","10_31_02_17:07:11"
"AP_LA_43","LA",43,"T_LA_206",,"Privy_Council","Presbytery_wanted_a_trial",1,"12_2_1601","02_12_01_00:00:00","LEM","06_25_01_12:20:44","LEM","06_25_01_12:23:45"
"AP_LA_72","LA",72,"T_LA_497",,"Privy_Council","request_for_commission_of_Justiciary",1,"30_7_1628","07_30_28_00:00:00","LEM","07_19_01_10:31:38","LEM","07_19_01_10:32:04"
"AP_LA_76","LA",76,"T_LA_83",,"Privy_Council","Presbytery_of_Muthill_could_not_get_him_to_confess",1,,,"LEM","08_14_01_13:38:47","LEM","05_02_02_15:39:13"
"AP_LA_77","LA",77,"T_LA_643",,"Privy_Council","remove_commissioners",1,"31_3_1629","03_31_29_00:00:00","LEM","08_16_01_13:56:14","LEM","08_16_01_13:56:30"
"AP_LA_78","LA",78,"T_LA_642",,"Privy_Council","removal_of_commissioners",1,"31_3_1629","03_31_29_00:00:00","LEM","08_16_01_14:02:40","LEM","08_16_01_14:02:55"
"AP_LA_79","LA",79,"T_LA_1025",,"Committee_of_Estates","for_trial",1,"27_9_1649","09_27_49_00:00:00","LEM","10_19_01_12:12:17","LEM","10_19_01_12:13:05"
"AP_LA_80","LA",80,"T_LA_1037",,"Privy_Council","trial",1,"1649","06_01_49_00:00:00","LEM","10_19_01_13:05:13","LEM","10_19_01_13:05:24"
"AP_LA_81","LA",81,"T_LA_1096",,"Privy_Council","trial",1,"21_3_1650","03_21_50_00:00:00","LEM","10_23_01_13:07:39","LEM","10_23_01_13:08:22"
