Trial_personRef,Trial_personID,Trial_personSystemId,TrialRef,PersonRef,CaseRef,Involvement,WitchPricker,Createdby,Createdate,Lastupdatedby,Lastupdatedon
"TP_JO_1",1,"JO","T_JO_1","JO_1","C_EGD_2120","Sheriff-depute",0,"jhm","05_16_01_15:34:10","jhm","05_16_01_15:34:31"
"TP_JO_127",127,"JO","T_JO_205","JO_190","C_EGD_604","Prosecutor",0,"jhm","06_27_01_12:22:22","jhm","06_27_01_12:22:35"
"TP_JO_128",128,"JO","T_JO_205","JO_191","C_EGD_604","Prosecutor",0,"jhm","06_27_01_12:22:37","jhm","06_27_01_12:22:40"
"TP_JO_129",129,"JO","T_JO_205","JO_189","C_EGD_604","Prosecutor",0,"jhm","06_27_01_12:22:44","jhm","06_27_01_12:22:48"
"TP_JO_130",130,"JO","T_JO_205",,"C_EGD_604",,0,"jhm","06_27_01_12:28:15","jhm","06_27_01_12:28:51"
"TP_JO_143",143,"JO","T_JO_304",,"C_EGD_1036",,0,"jhm","07_02_01_12:50:08","jhm","07_03_01_11:58:43"
"TP_JO_145",145,"JO","T_JO_304",,"C_EGD_1036",,0,"jhm","07_02_01_12:50:28","jhm","07_03_01_11:58:56"
"TP_JO_169",169,"JO","T_JO_309","JO_79","C_EGD_1049",,0,"jhm","07_02_01_15:47:37","jhm","07_02_01_15:48:04"
"TP_JO_170",170,"JO","T_JO_317","LA_206","C_JO_2787","Minister",0,"jhm","07_03_01_12:47:33","jhm","07_03_01_12:47:43"
"TP_JO_171",171,"JO","T_JO_318","JO_295","C_EGD_1117","Minister",0,"jhm","07_03_01_12:55:06","jhm","07_03_01_12:55:11"
"TP_JO_172",172,"JO","T_JO_319","JO_295","C_EGD_1116","Minister",0,"jhm","07_03_01_13:01:26","jhm","07_03_01_13:01:28"
"TP_JO_173",173,"JO","T_JO_320","JO_295","C_EGD_1115","Minister",0,"jhm","07_03_01_13:06:42","jhm","07_03_01_13:06:45"
"TP_JO_174",174,"JO","T_JO_321","JO_301","C_EGD_1128","Minister",0,"jhm","07_03_01_13:33:43","jhm","07_03_01_15:12:32"
"TP_JO_175",175,"JO","T_JO_322","JO_301","C_EGD_1130","Minister",0,"jhm","07_03_01_13:40:42","jhm","07_03_01_15:12:04"
"TP_JO_176",176,"JO","T_JO_323","JO_301","C_EGD_1129","Minister",0,"jhm","07_03_01_13:45:56","jhm","07_03_01_15:11:22"
"TP_JO_177",177,"JO","T_JO_323","JO_302","C_EGD_1129","Minister",0,"jhm","07_03_01_15:11:32","jhm","07_03_01_15:11:37"
"TP_JO_178",178,"JO","T_JO_323","JO_303","C_EGD_1129","Minister",0,"jhm","07_03_01_15:11:44","jhm","07_03_01_15:11:48"
"TP_JO_179",179,"JO","T_JO_322","JO_302","C_EGD_1130","Minister",0,"jhm","07_03_01_15:12:05","jhm","07_03_01_15:12:08"
"TP_JO_180",180,"JO","T_JO_322","JO_303","C_EGD_1130","Minister",0,"jhm","07_03_01_15:12:09","jhm","07_03_01_15:12:18"
"TP_JO_181",181,"JO","T_JO_321","JO_302","C_EGD_1128","Minister",0,"jhm","07_03_01_15:12:33","jhm","07_03_01_15:12:35"
"TP_JO_182",182,"JO","T_JO_321","JO_303","C_EGD_1128","Minister",0,"jhm","07_03_01_15:12:36","jhm","07_03_01_15:12:40"
"TP_JO_183",183,"JO","T_JO_327","LA_206","C_JO_2789","Minister",0,"jhm","07_03_01_16:18:26","jhm","07_03_01_16:18:28"
"TP_JO_184",184,"JO","T_JO_327","LA_36","C_JO_2789","Minister",0,"jhm","07_03_01_16:18:29","jhm","07_03_01_16:18:33"
"TP_JO_185",185,"JO","T_JO_326","JO_75","C_JO_2788","Commissioner",0,"jhm","07_04_01_12:07:34","jhm","07_04_01_12:08:58"
"TP_JO_186",186,"JO","T_JO_203","JO_1","C_EGD_2150","Prosecutor",0,"jhm","07_06_01_14:34:25","jhm","07_06_01_14:34:29"
"TP_JO_187",187,"JO","T_JO_203","JO_72","C_EGD_2150","Prosecutor",0,"jhm","07_06_01_14:34:32","jhm","07_06_01_14:34:36"
"TP_JO_188",188,"JO","T_JO_203","JO_312","C_EGD_2150","Prosecutor",0,"jhm","07_06_01_14:34:37","jhm","07_06_01_14:34:48"
"TP_JO_189",189,"JO","T_LA_319",,"C_EGD_402",,0,"jhm","07_11_01_10:02:56","jhm","07_11_01_10:03:41"
"TP_JO_193",193,"JO","T_JO_572","JO_460","C_EGD_2277","Minister",0,"jhm","07_30_01_11:18:06","jhm","07_30_01_11:18:15"
"TP_JO_194",194,"JO","T_JO_574",,"C_EGD_1861",,0,"jhm","07_31_01_12:19:32","jhm","07_31_01_12:44:28"
"TP_JO_195",195,"JO","T_JO_595","JO_516","C_EGD_1770","Prosecutor",0,"jhm","08_16_01_10:28:30","jhm","08_16_01_10:28:42"
"TP_JO_196",196,"JO","T_JO_595","JO_519","C_EGD_1770","Chancellor",0,"jhm","08_16_01_15:20:22","jhm","08_16_01_15:20:35"
"TP_JO_2",2,"JO","T_JO_1","JO_2","C_EGD_2120","Chancellor",0,"jhm","05_16_01_15:34:35","jhm","05_16_01_15:35:03"
"TP_JO_229",229,"JO","T_JO_870","JO_804","C_JO_2887","Complainer",0,"jhm","09_25_01_12:28:38","jhm","09_25_01_12:28:51"
"TP_JO_230",230,"JO","T_JO_882","JO_837","C_EGD_126","Prosecutor",0,"jhm","10_03_01_13:19:53","jhm","10_03_01_13:20:29"
"TP_JO_231",231,"JO","T_JO_882","JO_838","C_EGD_126","Defence",0,"jhm","10_03_01_13:20:34","jhm","10_03_01_13:20:56"
"TP_JO_232",232,"JO","T_JO_882","JO_839","C_EGD_126","Defence",0,"jhm","10_03_01_13:21:06","jhm","10_03_01_13:21:22"
"TP_JO_233",233,"JO","T_JO_882","JO_840","C_EGD_126","Defence",0,"jhm","10_03_01_13:21:26","jhm","10_03_01_13:21:42"
"TP_JO_234",234,"JO","T_JO_882","JO_841","C_EGD_126","Defence",0,"jhm","10_03_01_13:21:46","jhm","10_03_01_13:22:18"
"TP_JO_331",331,"JO","T_JO_1132","JO_1098","C_EGD_1935","Complainer",0,"jhm","12_04_01_14:53:09","jhm","12_04_01_14:54:09"
"TP_JO_332",332,"JO","T_JO_1131","JO_1098","C_EGD_1778","Complainer",0,"jhm","12_04_01_14:55:17","jhm","12_04_01_14:55:29"
"TP_JO_333",333,"JO","T_JO_1133","JO_1098","C_EGD_1780","Complainer",0,"jhm","12_04_01_15:02:56","jhm","12_04_01_15:03:04"
"TP_JO_334",334,"JO","T_JO_1134","JO_1098","C_JO_2934","Complainer",0,"jhm","12_04_01_15:10:18","jhm","12_04_01_15:10:21"
"TP_JO_453",453,"JO","T_JO_1261","JO_1","C_EGD_2153","Sheriff-depute",0,"jhm","03_07_02_16:40:41","jhm","06_03_02_14:57:28"
"TP_JO_454",454,"JO","T_JO_1261","JO_71","C_EGD_2153",,0,"jhm","03_07_02_16:45:41","jhm","03_07_02_16:46:16"
"TP_JO_455",455,"JO","T_JO_1261","JO_1179","C_EGD_2153",,0,"jhm","03_07_02_16:46:39","jhm","03_07_02_16:48:36"
"TP_JO_456",456,"JO","T_JO_1293","JO_2","C_EGD_2119","Chancellor",0,"jhm","05_02_02_12:25:56","jhm","05_02_02_12:26:59"
"TP_JO_457",457,"JO","T_JO_1293","JO_71","C_EGD_2119","Prosecutor",0,"jhm","05_02_02_13:55:15","jhm","05_02_02_13:55:23"
"TP_JO_458",458,"JO","T_JO_1293","JO_1211","C_EGD_2119","Prosecutor",0,"jhm","05_02_02_13:55:27","jhm","05_02_02_13:55:32"
"TP_JO_459",459,"JO","T_JO_1298","JO_1212","C_EGD_2172","Prosecutor",0,"jhm","05_09_02_12:12:20","jhm","05_09_02_12:12:26"
"TP_JO_460",460,"JO","T_JO_1298","JO_1213","C_EGD_2172","Prosecutor",0,"jhm","05_09_02_12:12:29","jhm","05_09_02_12:12:39"
"TP_JO_461",461,"JO","T_JO_1298","LA_1171","C_EGD_2172","Prosecutor",0,"jhm","05_09_02_12:12:51","jhm","05_09_02_12:13:09"
"TP_JO_462",462,"JO","T_JO_1298","JO_1214","C_EGD_2172","Prosecutor",0,"jhm","05_09_02_12:12:57","jhm","05_09_02_12:13:07"
"TP_JO_463",463,"JO","T_JO_1298","JO_2","C_EGD_2172","Chancellor",0,"jhm","05_09_02_12:13:21","jhm","05_09_02_12:13:37"
"TP_JO_464",464,"JO","T_JO_1298","LA_1746","C_EGD_2172","Clerk",0,"jhm","05_09_02_12:13:41","jhm","12_12_03_12:08:46"
"TP_JO_465",465,"JO","T_JO_1300","JO_71","C_EGD_2159","Prosecutor",0,"jhm","05_09_02_12:57:36","jhm","05_09_02_12:57:49"
"TP_JO_466",466,"JO","T_JO_1300","JO_1","C_EGD_2159","Sheriff-depute",0,"jhm","05_09_02_12:57:53","jhm","05_09_02_12:58:02"
"TP_JO_467",467,"JO","T_JO_1300","JO_1235","C_EGD_2159","Chancellor",0,"jhm","05_09_02_12:58:10","jhm","05_09_02_12:58:35"
"TP_JO_468",468,"JO","T_JO_1303","JO_1","C_EGD_2160","Sheriff-depute",0,"jhm","05_09_02_16:41:41","jhm","05_09_02_16:41:52"
"TP_JO_469",469,"JO","T_JO_1303","JO_72","C_EGD_2160","Prosecutor",0,"jhm","05_09_02_16:41:57","jhm","05_09_02_16:42:00"
"TP_JO_470",470,"JO","T_JO_1303","JO_1237","C_EGD_2160","Chancellor",0,"jhm","05_09_02_16:42:03","jhm","05_09_02_16:42:37"
"TP_JO_471",471,"JO","T_JO_1306","JO_1212","C_EGD_2174","Prosecutor",0,"jhm","05_13_02_12:29:01","jhm","05_13_02_12:29:04"
"TP_JO_472",472,"JO","T_JO_1306","JO_1","C_EGD_2174","Sheriff-depute",0,"jhm","05_13_02_12:29:07","jhm","05_13_02_12:29:13"
"TP_JO_473",473,"JO","T_JO_1306","JO_1241","C_EGD_2174","Complainer",0,"jhm","05_13_02_12:29:21","jhm","05_13_02_12:29:25"
"TP_JO_474",474,"JO","T_JO_1306","JO_1240","C_EGD_2174","Complainer",0,"jhm","05_13_02_12:29:26","jhm","05_13_02_12:29:32"
"TP_JO_475",475,"JO","T_JO_1306","JO_1244","C_EGD_2174","Chancellor",0,"jhm","05_13_02_12:29:34","jhm","05_13_02_12:30:09"
"TP_JO_476",476,"JO","T_JO_1306","JO_1242","C_EGD_2174","Defence",0,"jhm","05_13_02_12:30:15","jhm","05_13_02_12:30:20"
"TP_JO_477",477,"JO","T_JO_1306","JO_1243","C_EGD_2174","Defence",0,"jhm","05_13_02_12:30:21","jhm","05_13_02_12:30:28"
"TP_JO_478",478,"JO","T_JO_1305","JO_1244","C_EGD_2168","Chancellor",0,"jhm","05_14_02_10:42:58","jhm","05_14_02_10:43:10"
"TP_JO_479",479,"JO","T_JO_1307","JO_1244","C_EGD_2173","Chancellor",0,"jhm","05_14_02_11:09:09","jhm","05_14_02_11:09:17"
"TP_JO_480",480,"JO","T_JO_1307","JO_1241","C_EGD_2173","Complainer",0,"jhm","05_14_02_11:21:37","jhm","05_14_02_11:22:30"
"TP_JO_481",481,"JO","T_JO_1307","JO_1240","C_EGD_2173","Complainer",0,"jhm","05_14_02_11:22:31","jhm","05_14_02_11:22:41"
"TP_JO_482",482,"JO","T_JO_1305","JO_1241","C_EGD_2168","Complainer",0,"jhm","05_14_02_11:27:57","jhm","05_14_02_11:28:00"
"TP_JO_483",483,"JO","T_JO_1305","JO_1240","C_EGD_2168","Complainer",0,"jhm","05_14_02_11:28:01","jhm","05_14_02_11:28:07"
"TP_JO_484",484,"JO","T_JO_1305","JO_1242","C_EGD_2168","Defence",0,"jhm","05_14_02_11:28:35","jhm","05_14_02_11:28:40"
"TP_JO_485",485,"JO","T_JO_1305","JO_1243","C_EGD_2168","Defence",0,"jhm","05_14_02_11:28:41","jhm","05_14_02_11:28:48"
"TP_JO_486",486,"JO","T_JO_1307","JO_1212","C_EGD_2173","Prosecutor",0,"jhm","05_14_02_11:35:40","jhm","05_14_02_11:35:43"
"TP_JO_487",487,"JO","T_JO_1307","JO_1","C_EGD_2173","Sheriff-depute",0,"jhm","05_14_02_11:35:44","jhm","05_14_02_11:38:56"
"TP_JO_488",488,"JO","T_JO_1307","JO_1242","C_EGD_2173","Defence",0,"jhm","05_14_02_11:35:54","jhm","05_14_02_11:35:57"
"TP_JO_489",489,"JO","T_JO_1307","JO_1243","C_EGD_2173","Defence",0,"jhm","05_14_02_11:35:58","jhm","05_14_02_11:36:02"
"TP_JO_490",490,"JO","T_JO_1305","JO_1212","C_EGD_2168","Prosecutor",0,"jhm","05_14_02_11:36:31","jhm","05_14_02_11:36:35"
"TP_JO_491",491,"JO","T_JO_1305","JO_1","C_EGD_2168","Sheriff-depute",0,"jhm","05_14_02_11:36:36","jhm","05_14_02_11:38:07"
"TP_JO_492",492,"JO","T_JO_1308","JO_1179","C_EGD_2163","Sheriff-depute",0,"jhm","05_14_02_16:26:18","jhm","05_14_02_16:26:30"
"TP_JO_493",493,"JO","T_JO_1308","JO_1","C_EGD_2163","Sheriff-depute",0,"jhm","05_14_02_16:26:31","jhm","05_14_02_16:26:41"
"TP_JO_494",494,"JO","T_JO_1308","JO_71","C_EGD_2163","Prosecutor",0,"jhm","05_14_02_16:26:43","jhm","05_14_02_16:26:49"
"TP_JO_495",495,"JO","T_JO_1308","JO_1246","C_EGD_2163","Chancellor",0,"jhm","05_14_02_16:26:51","jhm","05_14_02_16:27:44"
"TP_JO_496",496,"JO","T_JO_1312","JO_1179","C_EGD_2154","Sheriff-depute",0,"jhm","05_16_02_12:00:31","jhm","05_16_02_12:00:42"
"TP_JO_497",497,"JO","T_JO_1312","JO_1","C_EGD_2154","Sheriff-depute",0,"jhm","05_16_02_12:00:44","jhm","05_16_02_12:00:52"
"TP_JO_498",498,"JO","T_JO_1312","JO_71","C_EGD_2154","Prosecutor",0,"jhm","05_16_02_12:00:54","jhm","05_16_02_12:01:10"
"TP_JO_499",499,"JO","T_JO_1312","JO_1246","C_EGD_2154","Chancellor",0,"jhm","05_16_02_12:01:13","jhm","05_16_02_12:01:19"
"TP_JO_500",500,"JO","T_JO_1312","JO_1247","C_EGD_2154","Minister",0,"jhm","05_16_02_12:01:30","jhm","05_16_02_12:02:54"
"TP_JO_501",501,"JO","T_JO_1313","JO_1179","C_JO_3035","Sheriff-depute",0,"jhm","06_03_02_12:00:40","jhm","06_03_02_12:01:04"
"TP_JO_502",502,"JO","T_JO_1313","JO_1","C_JO_3035","Sheriff-depute",0,"jhm","06_03_02_12:01:07","jhm","06_03_02_12:01:20"
"TP_JO_503",503,"JO","T_JO_1313","JO_71","C_JO_3035","Prosecutor",0,"jhm","06_03_02_12:01:23","jhm","06_03_02_12:01:30"
"TP_JO_504",504,"JO","T_JO_1313","JO_1246","C_JO_3035","Chancellor",0,"jhm","06_03_02_12:01:30","jhm","06_03_02_12:01:50"
"TP_JO_505",505,"JO","T_JO_1314","JO_1179","C_EGD_2161","Sheriff-depute",0,"jhm","06_03_02_14:30:24","jhm","06_03_02_14:30:34"
"TP_JO_506",506,"JO","T_JO_1314","JO_1","C_EGD_2161",,0,"jhm","06_03_02_14:30:35","jhm","06_03_02_14:30:41"
"TP_JO_507",507,"JO","T_JO_1314","JO_71","C_EGD_2161","Prosecutor",0,"jhm","06_03_02_14:30:43","jhm","06_03_02_14:30:52"
"TP_JO_508",508,"JO","T_JO_1314","JO_1246","C_EGD_2161","Chancellor",0,"jhm","06_03_02_14:30:53","jhm","06_03_02_14:31:06"
"TP_JO_509",509,"JO","T_JO_1261","JO_1246","C_EGD_2153","Chancellor",0,"jhm","06_03_02_14:57:13","jhm","06_03_02_14:57:22"
"TP_JO_510",510,"JO","T_JO_1315","JO_1179","C_EGD_2162","Sheriff-depute",0,"jhm","06_03_02_15:28:50","jhm","06_03_02_15:29:04"
"TP_JO_511",511,"JO","T_JO_1315","JO_1","C_EGD_2162",,0,"jhm","06_03_02_15:29:05","jhm","06_03_02_15:29:08"
"TP_JO_512",512,"JO","T_JO_1315","JO_71","C_EGD_2162","Prosecutor",0,"jhm","06_03_02_15:29:09","jhm","06_03_02_15:29:15"
"TP_JO_513",513,"JO","T_JO_1315","JO_1246","C_EGD_2162","Chancellor",0,"jhm","06_03_02_15:29:16","jhm","06_03_02_15:29:23"
"TP_JO_514",514,"JO","T_JO_1316","JO_1179","C_JO_3036","Sheriff-depute",0,"jhm","06_03_02_15:54:30","jhm","06_03_02_15:54:37"
"TP_JO_515",515,"JO","T_JO_1316","JO_1","C_JO_3036",,0,"jhm","06_03_02_15:54:38","jhm","06_03_02_15:54:42"
"TP_JO_516",516,"JO","T_JO_1316","JO_71","C_JO_3036","Prosecutor",0,"jhm","06_03_02_15:54:43","jhm","06_03_02_15:54:49"
"TP_JO_517",517,"JO","T_JO_1316","JO_1246","C_JO_3036","Chancellor",0,"jhm","06_03_02_15:54:51","jhm","06_03_02_15:54:55"
"TP_JO_518",518,"JO","T_JO_1317","JO_71","C_JO_3033","Prosecutor",0,"jhm","06_03_02_16:17:58","jhm","06_03_02_16:18:05"
"TP_JO_519",519,"JO","T_JO_1317","JO_1","C_JO_3033","Sheriff-depute",0,"jhm","06_03_02_16:18:06","jhm","06_03_02_16:18:16"
"TP_JO_520",520,"JO","T_JO_1317","JO_2","C_JO_3033","Chancellor",0,"jhm","06_03_02_16:18:33","jhm","06_03_02_16:19:00"
"TP_JO_521",521,"JO","T_JO_1318","JO_71","C_EGD_2130","Prosecutor",0,"jhm","06_10_02_18:14:53","jhm","06_10_02_18:15:00"
"TP_JO_522",522,"JO","T_JO_1318","JO_1","C_EGD_2130","Sheriff-depute",0,"jhm","06_10_02_18:15:02","jhm","06_10_02_18:15:10"
"TP_JO_523",523,"JO","T_JO_1318","JO_2","C_EGD_2130","Chancellor",0,"jhm","06_10_02_18:15:12","jhm","06_10_02_18:15:20"
"TP_JO_524",524,"JO","T_JO_1323","JO_71","C_EGD_2122","Prosecutor",0,"jhm","06_10_02_19:49:36","jhm","06_10_02_19:49:46"
"TP_JO_525",525,"JO","T_JO_1323","JO_1","C_EGD_2122","Sheriff-depute",0,"jhm","06_10_02_19:49:47","jhm","06_10_02_19:49:53"
"TP_JO_526",526,"JO","T_JO_1323","JO_2","C_EGD_2122","Chancellor",0,"jhm","06_10_02_19:49:55","jhm","06_10_02_19:50:04"
"TP_JO_527",527,"JO","T_JO_1325","JO_71","C_EGD_2141","Prosecutor",0,"jhm","06_10_02_21:55:02","jhm","06_10_02_21:55:13"
"TP_JO_528",528,"JO","T_JO_1325","JO_1","C_EGD_2141","Sheriff-depute",0,"jhm","06_10_02_21:55:14","jhm","06_10_02_21:55:22"
"TP_JO_542",542,"JO","T_JO_1488","JO_1251","C_EGD_2148","Chancellor",0,"jhm","07_09_02_09:23:38","jhm","07_09_02_09:23:45"
"TP_JO_543",543,"JO","T_JO_1488","JO_1","C_EGD_2148","Sheriff-depute",0,"jhm","07_09_02_09:23:46","jhm","07_09_02_09:23:55"
"TP_JO_544",544,"JO","T_JO_1488","JO_71","C_EGD_2148","Prosecutor",0,"jhm","07_09_02_09:23:57","jhm","07_09_02_09:24:02"
"TP_JO_545",545,"JO","T_JO_1489","JO_71","C_EGD_2149","procurator",0,"jhm","07_09_02_09:45:38","jhm","07_09_02_09:45:46"
"TP_JO_546",546,"JO","T_JO_1489","JO_1","C_EGD_2149","Sheriff-depute",0,"jhm","07_09_02_09:45:47","jhm","07_09_02_09:45:56"
"TP_JO_547",547,"JO","T_JO_1489","JO_1251","C_EGD_2149","Chancellor",0,"jhm","07_09_02_09:45:57","jhm","07_09_02_09:46:10"
"TP_JO_548",548,"JO","T_JO_1490","JO_71","C_EGD_2145","procurator",0,"jhm","07_09_02_10:21:04","jhm","07_09_02_10:21:07"
"TP_JO_549",549,"JO","T_JO_1490","JO_1","C_EGD_2145","Sheriff-depute",0,"jhm","07_09_02_10:21:08","jhm","07_09_02_10:21:14"
"TP_JO_550",550,"JO","T_JO_1490","JO_1251","C_EGD_2145","Chancellor",0,"jhm","07_09_02_10:21:16","jhm","07_09_02_10:21:21"
"TP_JO_551",551,"JO","T_JO_1325","JO_1251","C_EGD_2141","Chancellor",0,"jhm","07_09_02_10:22:57","jhm","07_09_02_10:23:03"
"TP_JO_552",552,"JO","T_JO_1500","JO_71","C_EGD_2157","Prosecutor",0,"jhm","07_09_02_12:17:32","jhm","07_09_02_12:17:41"
"TP_JO_553",553,"JO","T_JO_1500","JO_1","C_EGD_2157","Sheriff-depute",0,"jhm","07_09_02_12:17:41","jhm","07_09_02_12:17:49"
"TP_JO_554",554,"JO","T_JO_1501","JO_71","C_JO_3090","Prosecutor",0,"jhm","07_09_02_12:28:08","jhm","07_09_02_12:28:13"
"TP_JO_555",555,"JO","T_JO_1501","JO_1","C_JO_3090","Sheriff-depute",0,"jhm","07_09_02_12:28:14","jhm","07_09_02_12:28:26"
"TP_JO_556",556,"JO","T_JO_1501","JO_1246","C_JO_3090","Chancellor",0,"jhm","07_09_02_12:28:44","jhm","07_09_02_12:28:57"
"TP_JO_557",557,"JO","T_JO_1500","JO_1246","C_EGD_2157","Chancellor",0,"jhm","07_09_02_12:32:08","jhm","07_09_02_12:32:16"
"TP_JO_558",558,"JO","T_JO_1502","JO_71","C_EGD_2156","Prosecutor",0,"jhm","07_09_02_13:31:31","jhm","07_09_02_13:31:35"
"TP_JO_559",559,"JO","T_JO_1502","JO_1","C_EGD_2156","Sheriff-depute",0,"jhm","07_09_02_13:31:37","jhm","07_09_02_13:31:45"
"TP_JO_560",560,"JO","T_JO_1502","JO_1309","C_EGD_2156","Chancellor",0,"jhm","07_09_02_13:31:48","jhm","07_09_02_13:31:53"
"TP_JO_65",65,"JO","T_JO_3","JO_71","C_EGD_2121","Prosecutor",0,"jhm","06_05_01_14:25:26","jhm","06_06_01_17:03:13"
"TP_JO_66",66,"JO","T_JO_3","JO_1211","C_EGD_2121","Prosecutor",0,"jhm","06_05_01_14:29:33","jhm","12_01_03_13:54:21"
"TP_JO_67",67,"JO","T_JO_3","JO_72","C_EGD_2121","Prosecutor",0,"jhm","06_05_01_14:30:10","jhm","06_05_01_14:31:24"
"TP_JO_68",68,"JO","T_JO_3","JO_2","C_EGD_2121","Chancellor",0,"jhm","06_05_01_14:31:46","jhm","06_05_01_14:32:18"
"TP_JO_69",69,"JO","T_JO_75","JO_71","C_EGD_2124","Prosecutor",0,"jhm","06_06_01_17:15:33","jhm","06_06_01_17:15:41"
"TP_JO_70",70,"JO","T_JO_75","JO_1211","C_EGD_2124","Prosecutor",0,"jhm","06_06_01_17:15:43","jhm","12_01_03_13:54:21"
"TP_JO_71",71,"JO","T_JO_75","JO_74","C_EGD_2124","Chancellor",0,"jhm","06_06_01_17:15:47","jhm","06_06_01_17:42:10"
"TP_JO_72",72,"JO","T_JO_76","JO_71","C_EGD_2127","Prosecutor",0,"jhm","06_06_01_17:36:56","jhm","06_06_01_17:37:10"
"TP_JO_73",73,"JO","T_JO_76","JO_1211","C_EGD_2127","Prosecutor",0,"jhm","06_06_01_17:37:17","jhm","12_01_03_13:54:21"
"TP_JO_74",74,"JO","T_JO_76","JO_74","C_EGD_2127","Chancellor",0,"jhm","06_06_01_17:37:22","jhm","06_06_01_17:41:29"
"TP_JO_75",75,"JO","T_JO_75","JO_73","C_EGD_2124","Prosecutor",0,"jhm","06_06_01_17:42:16","jhm","06_06_01_17:42:20"
"TP_JO_76",76,"JO","T_JO_76","JO_73","C_EGD_2127","Prosecutor",0,"jhm","06_06_01_17:42:39","jhm","06_06_01_17:42:44"
"TP_JO_77",77,"JO","T_JO_81","JO_82","C_EGD_1139","Prosecutor",0,"jhm","06_08_01_11:41:22","jhm","06_08_01_11:41:58"
"TP_JO_78",78,"JO","T_JO_78","JO_82","C_EGD_1140","Prosecutor",0,"jhm","06_08_01_12:00:28","jhm","06_08_01_12:00:54"
"TP_JO_79",79,"JO","T_JO_80","JO_82","C_EGD_1143","Prosecutor",0,"jhm","06_08_01_12:10:22","jhm","06_08_01_12:10:38"
"TP_JO_80",80,"JO","T_JO_79","JO_82","C_EGD_1142","Prosecutor",0,"jhm","06_08_01_12:24:02","jhm","06_08_01_12:24:17"
"TP_JO_85",85,"JO","T_JO_83","JO_71","C_EGD_2125","Prosecutor",0,"jhm","06_11_01_15:56:56","jhm","06_11_01_15:57:02"
"TP_JO_86",86,"JO","T_JO_83","JO_1211","C_EGD_2125","Prosecutor",0,"jhm","06_11_01_15:57:04","jhm","12_01_03_13:54:21"
"TP_JO_87",87,"JO","T_JO_83","JO_74","C_EGD_2125","Chancellor",0,"jhm","06_11_01_15:57:10","jhm","06_11_01_15:58:48"
"TP_JO_88",88,"JO","T_JO_83","JO_73","C_EGD_2125","Prosecutor",0,"jhm","06_11_01_15:58:11","jhm","06_11_01_15:58:44"
"TP_JO_89",89,"JO","T_JO_83","JO_96","C_EGD_2125","Prosecutor",0,"jhm","06_11_01_15:58:53","jhm","06_11_01_15:59:57"
"TP_JO_90",90,"JO","T_JO_75","JO_96","C_EGD_2124","Prosecutor",0,"jhm","06_11_01_16:05:37","jhm","06_11_01_16:05:44"
"TP_JO_91",91,"JO","T_JO_84","JO_71","C_EGD_2126","Prosecutor",0,"jhm","06_11_01_16:37:38","jhm","06_11_01_16:37:42"
"TP_JO_92",92,"JO","T_JO_84","JO_1211","C_EGD_2126","Prosecutor",0,"jhm","06_11_01_16:37:45","jhm","12_01_03_13:54:21"
"TP_JO_93",93,"JO","T_JO_84","JO_73","C_EGD_2126","Prosecutor",0,"jhm","06_11_01_16:37:51","jhm","06_11_01_16:37:54"
"TP_JO_94",94,"JO","T_JO_84","JO_74","C_EGD_2126","Chancellor",0,"jhm","06_11_01_16:37:55","jhm","06_11_01_16:38:01"
"TP_JO_95",95,"JO","T_JO_84","JO_96","C_EGD_2126","Prosecutor",0,"jhm","06_11_01_16:38:03","jhm","06_11_01_16:38:23"
"TP_JO_96",96,"JO","T_JO_90","JO_99","C_EGD_1605","Minister",0,"jhm","06_13_01_09:59:41","jhm","06_13_01_10:00:03"
"TP_LA_1",1,"LA","T_LA_1","LA_7","C_EGD_160","Cited_authority",0,"LEM","05_17_01_10:14:30","LEM","05_17_01_10:15:08"
"TP_LA_10",10,"LA","T_LA_1","LA_16","C_EGD_160","Defence",0,"LEM","05_17_01_10:27:19","LEM","05_17_01_10:30:01"
"TP_LA_100",100,"LA","T_LA_104","LA_28","C_EGD_173","Defence_advocate",0,"LEM","06_15_01_10:44:42","LEM","06_15_01_10:45:08"
"TP_LA_101",101,"LA","T_LA_104","LA_12","C_EGD_173","Prosecutor",0,"LEM","06_15_01_10:44:48","LEM","06_15_01_10:44:51"
"TP_LA_102",102,"LA","T_LA_104","LA_140","C_EGD_173","Prosecutor",0,"LEM","06_15_01_10:45:19","LEM","06_15_01_10:46:38"
"TP_LA_103",103,"LA","T_LA_104","LA_29","C_EGD_173","Prosecutor",0,"LEM","06_15_01_10:46:55","LEM","06_15_01_10:46:57"
"TP_LA_104",104,"LA","T_LA_104","LA_110","C_EGD_173","Prosecutor",0,"LEM","06_15_01_10:49:01","LEM","06_15_01_10:49:04"
"TP_LA_105",105,"LA","T_LA_104","LA_137","C_EGD_173","Prosecutor",0,"LEM","06_15_01_10:49:10","LEM","06_15_01_10:51:32"
"TP_LA_106",106,"LA","T_LA_104","LA_131","C_EGD_173","Prosecutor",0,"LEM","06_15_01_10:51:37","LEM","06_15_01_10:51:49"
"TP_LA_107",107,"LA","T_LA_104","LA_141","C_EGD_173","Chancellor",0,"LEM","06_15_01_11:45:59","LEM","06_15_01_11:46:14"
"TP_LA_108",108,"LA","T_LA_104","LA_96","C_EGD_173","Witchcraft_precedent",0,"LEM","06_15_01_13:03:56","LEM","06_15_01_13:04:03"
"TP_LA_109",109,"LA","T_LA_135","LA_110","C_EGD_1170","Commissioner",0,"LEM","06_18_01_13:39:16","LEM","06_18_01_13:39:20"
"TP_LA_11",11,"LA","T_LA_1","LA_17","C_EGD_160","Defence_advocate",0,"LEM","05_17_01_10:27:49","LEM","05_17_01_10:28:19"
"TP_LA_110",110,"LA","T_LA_135","LA_137","C_EGD_1170","Commissioner",0,"LEM","06_18_01_13:39:23","LEM","06_18_01_13:39:26"
"TP_LA_111",111,"LA","T_LA_135","LA_144","C_EGD_1170","Commissioner",0,"LEM","06_18_01_13:39:29","LEM","06_18_01_13:39:34"
"TP_LA_112",112,"LA","T_LA_135","LA_151","C_EGD_1170","Commissioner",0,"LEM","06_18_01_13:39:36","LEM","06_18_01_13:40:36"
"TP_LA_113",113,"LA","T_LA_154","LA_110","C_EGD_1169","Commissioner",0,"LEM","06_18_01_13:41:47","LEM","06_18_01_13:41:51"
"TP_LA_114",114,"LA","T_LA_154","LA_151","C_EGD_1169","Commissioner",0,"LEM","06_18_01_13:41:51","LEM","06_18_01_13:41:58"
"TP_LA_115",115,"LA","T_LA_154","LA_144","C_EGD_1169","Commissioner",0,"LEM","06_18_01_13:41:59","LEM","06_18_01_13:42:03"
"TP_LA_116",116,"LA","T_LA_154","LA_137","C_EGD_1169","Commissioner",0,"LEM","06_18_01_13:42:06","LEM","06_18_01_13:42:08"
"TP_LA_117",117,"LA","T_LA_104","LA_131","C_EGD_173","Expert_Witness",0,"LEM","06_18_01_15:08:06","LEM","06_18_01_15:08:15"
"TP_LA_118",118,"LA","T_LA_104","LA_152","C_EGD_173","Expert_Witness",0,"LEM","06_18_01_15:08:41","LEM","06_18_01_15:09:37"
"TP_LA_119",119,"LA","T_LA_104","LA_153","C_EGD_173","Expert_Witness",0,"LEM","06_18_01_15:09:42","LEM","06_18_01_15:10:34"
"TP_LA_12",12,"LA","T_LA_1","LA_18","C_EGD_160","Defence_advocate",0,"LEM","05_17_01_10:28:30","LEM","05_17_01_10:28:59"
"TP_LA_120",120,"LA","T_LA_157","LA_12","C_EGD_184","Prosecutor",0,"LEM","06_19_01_10:56:25","LEM","06_19_01_10:56:38"
"TP_LA_121",121,"LA","T_LA_157","LA_155","C_EGD_184","Prosecutor",0,"LEM","06_19_01_10:56:47","LEM","06_19_01_10:59:14"
"TP_LA_122",122,"LA","T_LA_157","LA_156","C_EGD_184","Prosecutor",0,"LEM","06_19_01_10:59:49","LEM","06_19_01_11:00:02"
"TP_LA_123",123,"LA","T_LA_157","LA_157","C_EGD_184","Defence_advocate",0,"LEM","06_19_01_11:00:13","LEM","06_19_01_11:00:32"
"TP_LA_124",124,"LA","T_JO_90","LA_160","C_EGD_1605","Witchcraft_acquired_from",0,"LEM","06_19_01_13:50:00","LEM","06_19_01_14:03:39"
"TP_LA_125",125,"LA","T_JO_90","LA_161","C_EGD_1605","Prosecutor",0,"LEM","06_19_01_14:15:09","LEM","06_19_01_14:18:38"
"TP_LA_126",126,"LA","T_JO_90","LA_162","C_EGD_1605","Chancellor",0,"LEM","06_20_01_09:43:10","LEM","06_20_01_09:43:27"
"TP_LA_127",127,"LA","T_LA_262","LA_278","C_EGD_372","Prosecutor",0,"LEM","06_27_01_16:05:16","LEM","06_27_01_16:05:49"
"TP_LA_128",128,"LA","T_LA_262","LA_279","C_EGD_372","Chancellor",0,"LEM","06_27_01_16:06:04","LEM","06_27_01_16:06:22"
"TP_LA_129",129,"LA","T_LA_264","LA_278","C_EGD_374","Prosecutor",0,"LEM","06_27_01_16:24:51","LEM","06_27_01_16:24:54"
"TP_LA_13",13,"LA","T_LA_10","LA_12","C_EGD_162","Prosecutor",0,"LEM","05_18_01_11:50:00","LEM","05_18_01_11:50:04"
"TP_LA_130",130,"LA","T_LA_264","LA_279","C_EGD_374","Chancellor",0,"LEM","06_27_01_16:24:55","LEM","06_27_01_16:25:11"
"TP_LA_131",131,"LA","T_LA_263","LA_278","C_EGD_371","Prosecutor",0,"LEM","06_27_01_16:26:07","LEM","06_27_01_16:26:10"
"TP_LA_132",132,"LA","T_LA_263","LA_279","C_EGD_371","Chancellor",0,"LEM","06_27_01_16:26:18","LEM","06_27_01_16:26:22"
"TP_LA_133",133,"LA","T_LA_265","LA_278","C_EGD_373","Prosecutor",0,"LEM","06_28_01_09:19:09","LEM","06_28_01_09:19:25"
"TP_LA_134",134,"LA","T_LA_265","LA_279","C_EGD_373","Chancellor",0,"LEM","06_28_01_09:19:34","LEM","06_28_01_09:19:40"
"TP_LA_135",135,"LA","T_LA_266","LA_278","C_EGD_370","Prosecutor",0,"LEM","06_28_01_09:29:15","LEM","06_28_01_09:29:17"
"TP_LA_136",136,"LA","T_LA_266","LA_279","C_EGD_370","Chancellor",0,"LEM","06_28_01_09:29:18","LEM","06_28_01_09:29:27"
"TP_LA_137",137,"LA","T_LA_293","LA_278","C_EGD_380","Prosecutor",0,"LEM","06_29_01_12:03:05","LEM","06_29_01_12:03:17"
"TP_LA_138",138,"LA","T_LA_292","LA_278","C_EGD_385","Prosecutor",0,"LEM","06_29_01_12:09:45","LEM","06_29_01_12:09:56"
"TP_LA_139",139,"LA","T_LA_297","LA_278","C_EGD_384","Prosecutor",0,"LEM","06_29_01_12:10:47","LEM","06_29_01_12:10:53"
"TP_LA_14",14,"LA","T_LA_10","LA_28","C_EGD_162","Prosecutor",0,"LEM","05_18_01_11:50:16","LEM","05_18_01_11:51:02"
"TP_LA_140",140,"LA","T_LA_298","LA_278","C_EGD_381","Prosecutor",0,"LEM","06_29_01_12:12:21","LEM","06_29_01_12:12:25"
"TP_LA_141",141,"LA","T_LA_299","LA_278","C_EGD_382","Prosecutor",0,"LEM","06_29_01_12:14:22","LEM","06_29_01_12:14:27"
"TP_LA_142",142,"LA","T_LA_303","LA_282","C_EGD_390","Prosecutor",0,"LEM","07_02_01_09:35:48","LEM","07_02_01_09:36:21"
"TP_LA_143",143,"LA","T_LA_303","LA_283","C_EGD_390","Chancellor",0,"LEM","07_02_01_09:36:29","LEM","07_02_01_09:37:11"
"TP_LA_144",144,"LA","T_LA_304","LA_282","C_EGD_388","Prosecutor",0,"LEM","07_02_01_09:41:14","LEM","07_02_01_09:41:18"
"TP_LA_145",145,"LA","T_LA_304","LA_283","C_EGD_388","Chancellor",0,"LEM","07_02_01_09:41:30","LEM","07_02_01_09:41:32"
"TP_LA_146",146,"LA","T_LA_306","LA_282","C_EGD_389","Prosecutor",0,"LEM","07_02_01_09:57:36","LEM","07_02_01_09:57:39"
"TP_LA_147",147,"LA","T_LA_306","LA_283","C_EGD_389","Chancellor",0,"LEM","07_02_01_09:57:41","LEM","07_02_01_09:57:51"
"TP_LA_148",148,"LA","T_LA_307","LA_282","C_EGD_391","Prosecutor",0,"LEM","07_02_01_10:09:39","LEM","07_02_01_10:09:42"
"TP_LA_149",149,"LA","T_LA_307","LA_283","C_EGD_391","Chancellor",0,"LEM","07_02_01_10:09:44","LEM","07_02_01_10:09:51"
"TP_LA_15",15,"LA","T_LA_10","LA_29","C_EGD_162","Prosecutor",0,"LEM","05_18_01_11:51:06","LEM","05_18_01_11:51:46"
"TP_LA_150",150,"LA","T_LA_308","LA_282","C_EGD_386","Prosecutor",0,"LEM","07_02_01_10:17:18","LEM","07_02_01_10:17:21"
"TP_LA_151",151,"LA","T_LA_308","LA_283","C_EGD_386","Chancellor",0,"LEM","07_02_01_10:17:21","LEM","07_02_01_10:17:25"
"TP_LA_152",152,"LA","T_LA_309","LA_282","C_EGD_387","Prosecutor",0,"LEM","07_02_01_10:33:36","LEM","07_02_01_10:33:44"
"TP_LA_153",153,"LA","T_LA_309","LA_283","C_EGD_387","Chancellor",0,"LEM","07_02_01_10:33:45","LEM","07_02_01_10:33:49"
"TP_LA_154",154,"LA","T_LA_319","LA_282","C_EGD_402","Prosecutor",0,"LEM","07_02_01_13:33:56","LEM","07_02_01_13:34:04"
"TP_LA_155",155,"LA","T_LA_320","LA_284","C_EGD_401","Defence",0,"LEM","07_02_01_16:00:48","LEM","07_02_01_16:01:05"
"TP_LA_156",156,"LA","T_LA_320","LA_285","C_EGD_401","Defence",0,"LEM","07_02_01_16:01:08","LEM","07_02_01_16:01:19"
"TP_LA_157",157,"LA","T_LA_320","LA_282","C_EGD_401","Prosecutor",0,"LEM","07_02_01_16:01:21","LEM","07_02_01_16:01:29"
"TP_LA_158",158,"LA","T_LA_261","LA_282","C_EGD_400","Prosecutor",0,"LEM","07_02_01_16:01:43","LEM","07_02_01_16:01:47"
"TP_LA_16",16,"LA","T_LA_10","LA_30","C_EGD_162","Defence",0,"LEM","05_18_01_11:51:49","LEM","05_18_01_11:53:27"
"TP_LA_160",160,"LA","T_LA_318","LA_282","C_EGD_1954","Prosecutor",0,"LEM","07_03_01_09:51:00","LEM","07_03_01_09:51:06"
"TP_LA_161",161,"LA","T_LA_318","LA_292","C_EGD_1954","Chancellor",0,"LEM","07_03_01_09:53:05","LEM","07_03_01_09:53:21"
"TP_LA_162",162,"LA","T_LA_319","LA_292","C_EGD_402","Chancellor",0,"LEM","07_03_01_09:53:35","LEM","07_03_01_09:53:41"
"TP_LA_163",163,"LA","T_LA_320","LA_292","C_EGD_401","Chancellor",0,"LEM","07_03_01_09:53:55","LEM","07_03_01_09:54:00"
"TP_LA_164",164,"LA","T_LA_261","LA_292","C_EGD_400","Chancellor",0,"LEM","07_03_01_09:54:12","LEM","07_03_01_09:54:18"
"TP_LA_165",165,"LA","T_LA_312","LA_282","C_EGD_398","Prosecutor",0,"LEM","07_03_01_09:59:56","LEM","07_03_01_09:59:58"
"TP_LA_166",166,"LA","T_LA_312","LA_292","C_EGD_398","Chancellor",0,"LEM","07_03_01_10:00:00","LEM","07_03_01_10:00:08"
"TP_LA_167",167,"LA","T_LA_324","LA_294","C_EGD_401","Defence",0,"LEM","07_03_01_11:09:02","LEM","07_03_01_11:09:39"
"TP_LA_168",168,"LA","T_LA_324","LA_295","C_EGD_401","Prosecutor",0,"LEM","07_03_01_11:09:43","LEM","07_03_01_11:10:33"
"TP_LA_169",169,"LA","T_LA_324","LA_278","C_EGD_401","Prosecutor",0,"LEM","07_03_01_11:10:38","LEM","07_03_01_11:10:46"
"TP_LA_17",17,"LA","T_LA_10","LA_31","C_EGD_162","Defence",0,"LEM","05_18_01_11:53:44","LEM","05_18_01_11:54:13"
"TP_LA_170",170,"LA","T_LA_302","LA_278","C_EGD_409","Prosecutor",0,"LEM","07_03_01_12:09:16","LEM","07_03_01_12:09:18"
"TP_LA_171",171,"LA","T_LA_302","LA_294","C_EGD_409","Defence_advocate",0,"LEM","07_03_01_12:09:25","LEM","07_03_01_12:11:53"
"TP_LA_172",172,"LA","T_LA_325","LA_13","C_EGD_409","Prosecutor",0,"LEM","07_03_01_12:22:57","LEM","07_03_01_12:23:00"
"TP_LA_173",173,"LA","T_LA_325","LA_294","C_EGD_409","Defence_advocate",0,"LEM","07_03_01_12:23:03","LEM","07_03_01_12:23:11"
"TP_LA_174",174,"LA","T_LA_321","LA_296","C_EGD_411","Prosecutor",0,"LEM","07_03_01_12:35:25","LEM","07_03_01_12:36:01"
"TP_LA_175",175,"LA","T_LA_326","LA_294","C_EGD_434","Prosecutor",0,"LEM","07_03_01_13:30:48","LEM","07_03_01_13:30:52"
"TP_LA_176",176,"LA","T_LA_326","LA_284","C_EGD_434","Defence_advocate",0,"LEM","07_03_01_13:31:16","LEM","07_03_01_13:31:32"
"TP_LA_177",177,"LA","T_LA_326","LA_297","C_EGD_434","Chancellor",0,"LEM","07_03_01_15:24:50","LEM","07_03_01_15:25:15"
"TP_LA_178",178,"LA","T_LA_302","LA_299","C_EGD_409","Chancellor",0,"LEM","07_04_01_12:48:56","LEM","07_04_01_12:49:19"
"TP_LA_18",18,"LA","T_LA_10","LA_32","C_EGD_162","Defence",0,"LEM","05_18_01_11:54:16","LEM","05_18_01_11:54:42"
"TP_LA_186",186,"LA","T_LA_325","LA_307","C_EGD_409","Chancellor",0,"LEM","07_05_01_10:29:52","LEM","07_05_01_10:30:11"
"TP_LA_19",19,"LA","T_LA_10","LA_18","C_EGD_162","Defence_advocate",0,"LEM","05_18_01_11:54:47","LEM","05_18_01_11:54:57"
"TP_LA_191",191,"LA","T_LA_288","LA_278","C_EGD_383","Prosecutor",0,"LEM","07_16_01_12:32:02","LEM","07_16_01_12:35:25"
"TP_LA_192",192,"LA","T_LA_292","LA_397","C_EGD_385","Chancellor",0,"LEM","07_17_01_12:56:38","LEM","07_17_01_12:56:55"
"TP_LA_195",195,"LA","T_LA_618","LA_1737","C_EGD_1005","Judge",0,"LEM","08_15_01_12:48:38","jhm","11_27_03_12:25:03"
"TP_LA_196",196,"LA","T_LA_618","LA_534","C_EGD_1005","Judge",0,"LEM","08_15_01_12:49:50","LEM","08_15_01_12:50:06"
"TP_LA_197",197,"LA","T_LA_618","LA_313","C_EGD_1005","Judge",0,"LEM","08_15_01_12:50:10","jhm","12_18_03_15:11:20"
"TP_LA_198",198,"LA","T_LA_618","LA_47","C_EGD_1005","Prosecutor",0,"LEM","08_15_01_13:05:13","LEM","08_15_01_13:05:25"
"TP_LA_199",199,"LA","T_LA_767","LA_418","C_EGD_1187","Judge",0,"LEM","08_30_01_10:59:00","LEM","08_30_01_10:59:03"
"TP_LA_2",2,"LA","T_LA_1","LA_8","C_EGD_160","Cited_authority",0,"LEM","05_17_01_10:15:11","LEM","05_17_01_10:16:01"
"TP_LA_20",20,"LA","T_LA_10","LA_33","C_EGD_162","Defence_advocate",0,"LEM","05_18_01_11:55:01","LEM","05_18_01_11:55:39"
"TP_LA_200",200,"LA","T_LA_769","LA_619","C_EGD_576","Prosecutor",0,"LEM","09_05_01_10:27:31","LEM","09_05_01_10:27:57"
"TP_LA_201",201,"LA","T_LA_770","LA_620","C_EGD_577",,0,"LEM","09_05_01_11:39:53","LEM","09_05_01_11:44:44"
"TP_LA_202",202,"LA","T_LA_802","LA_641","C_EGD_605","Defence",0,"LEM","09_07_01_10:04:51","LEM","09_07_01_10:05:12"
"TP_LA_203",203,"LA","T_LA_803","LA_644","C_EGD_606","Chancellor",0,"LEM","09_07_01_12:55:55","LEM","09_07_01_12:56:30"
"TP_LA_204",204,"LA","T_LA_804","LA_644","C_EGD_607","Chancellor",0,"LEM","09_07_01_13:09:25","LEM","09_07_01_13:09:39"
"TP_LA_205",205,"LA","T_LA_805","LA_644","C_EGD_608","Chancellor",0,"LEM","09_07_01_13:13:56","LEM","09_07_01_13:14:07"
"TP_LA_206",206,"LA","T_LA_806","LA_644","C_EGD_609","Chancellor",0,"LEM","09_07_01_13:15:26","LEM","09_07_01_13:15:31"
"TP_LA_207",207,"LA","T_LA_812","LA_17","C_EGD_1263","Judge",0,"LEM","09_07_01_15:59:03","LEM","09_07_01_15:59:06"
"TP_LA_208",208,"LA","T_LA_812","LA_108","C_EGD_1263","Judge",0,"LEM","09_07_01_15:59:10","LEM","09_07_01_15:59:15"
"TP_LA_209",209,"LA","T_LA_812","LA_648","C_EGD_1263","Judge",0,"LEM","09_07_01_15:59:16","jhm","11_20_03_16:17:33"
"TP_LA_21",21,"LA","T_LA_10","LA_34","C_EGD_162","Expert_Witness",0,"LEM","05_18_01_12:53:30","LEM","05_18_01_12:53:34"
"TP_LA_210",210,"LA","T_LA_810","LA_17","C_EGD_1264","Judge",0,"LEM","09_07_01_16:00:14","LEM","09_07_01_16:00:15"
"TP_LA_211",211,"LA","T_LA_810","LA_108","C_EGD_1264","Judge",0,"LEM","09_07_01_16:00:19","LEM","09_07_01_16:00:22"
"TP_LA_212",212,"LA","T_LA_810","LA_648","C_EGD_1264","Judge",0,"LEM","09_07_01_16:00:25","jhm","11_20_03_16:17:33"
"TP_LA_213",213,"LA","T_LA_828","LA_657","C_EGD_611","Chancellor",0,"LEM","09_21_01_09:41:09","LEM","09_21_01_09:42:07"
"TP_LA_214",214,"LA","T_LA_829","LA_657","C_EGD_621","Chancellor",0,"LEM","09_21_01_09:51:59","LEM","09_21_01_09:52:02"
"TP_LA_215",215,"LA","T_LA_822","LA_657","C_EGD_622","Chancellor",0,"LEM","09_21_01_10:00:05","LEM","09_21_01_10:00:20"
"TP_LA_216",216,"LA","T_JO_609","LA_657","C_EGD_691","Chancellor",0,"LEM","09_21_01_10:00:48","LEM","09_21_01_10:00:53"
"TP_LA_217",217,"LA","T_JO_611","LA_657","C_EGD_693","Chancellor",0,"LEM","09_21_01_10:01:38","LEM","09_21_01_10:01:40"
"TP_LA_218",218,"LA","T_JO_612","LA_657","C_EGD_692","Chancellor",0,"LEM","09_21_01_10:02:04","LEM","09_21_01_10:02:08"
"TP_LA_219",219,"LA","T_LA_823","LA_657","C_EGD_613","Chancellor",0,"LEM","09_21_01_10:08:08","LEM","09_21_01_10:08:12"
"TP_LA_22",22,"LA","T_LA_10","LA_35","C_EGD_162","Expert_Witness",0,"LEM","05_18_01_12:53:37","LEM","05_18_01_12:53:40"
"TP_LA_220",220,"LA","T_LA_824","LA_657","C_EGD_614","Chancellor",0,"LEM","09_21_01_10:12:10","LEM","09_21_01_10:12:18"
"TP_LA_221",221,"LA","T_LA_830","LA_657","C_EGD_610","Chancellor",0,"LEM","09_21_01_10:14:28","LEM","09_21_01_10:14:31"
"TP_LA_222",222,"LA","T_LA_840","LA_347","C_EGD_696","Prosecutor",0,"LEM","09_21_01_12:59:09","LEM","09_21_01_12:59:26"
"TP_LA_223",223,"LA","T_LA_841","LA_347","C_EGD_695","Prosecutor",0,"LEM","09_21_01_13:12:17","LEM","09_21_01_13:12:31"
"TP_LA_224",224,"LA","T_LA_842","LA_347","C_EGD_697","Prosecutor",0,"LEM","09_21_01_13:20:55","LEM","09_21_01_13:21:03"
"TP_LA_225",225,"LA","T_LA_842","LA_664","C_EGD_697","Chancellor",0,"LEM","09_21_01_13:44:27","LEM","09_21_01_13:45:25"
"TP_LA_226",226,"LA","T_LA_840","LA_664","C_EGD_696","Chancellor",0,"LEM","09_21_01_13:45:32","LEM","09_21_01_13:45:39"
"TP_LA_227",227,"LA","T_LA_841","LA_664","C_EGD_695","Chancellor",0,"LEM","09_21_01_13:47:25","LEM","09_21_01_13:47:40"
"TP_LA_228",228,"LA","T_LA_849","LA_666","C_EGD_700","Defence",0,"LEM","09_21_01_15:28:24","LEM","09_21_01_15:28:45"
"TP_LA_229",229,"LA","T_LA_871","JO_837","C_EGD_128","Prosecutor",0,"LEM","09_25_01_14:54:42","jhm","11_27_03_11:46:03"
"TP_LA_23",23,"LA","T_LA_10","LA_36","C_EGD_162","Witch-pricker",0,"LEM","05_18_01_12:53:43","LEM","05_18_01_12:53:48"
"TP_LA_230",230,"LA","T_LA_51","LA_804","C_EGD_147","Prosecutor",0,"LEM","09_26_01_16:01:41","LEM","09_26_01_16:02:29"
"TP_LA_231",231,"LA","T_LA_48","JO_1741","C_EGD_140","Prosecutor",0,"LEM","10_01_01_10:23:12","jhm","11_27_03_12:48:21"
"TP_LA_232",232,"LA","T_LA_48","LA_806","C_EGD_140","Chancellor",0,"LEM","10_01_01_10:26:16","LEM","10_01_01_10:26:43"
"TP_LA_233",233,"LA","T_LA_49","LA_807","C_EGD_141","Prosecutor",0,"LEM","10_01_01_12:34:14","LEM","10_01_01_12:34:32"
"TP_LA_234",234,"LA","T_LA_49","LA_808","C_EGD_141","Prosecutor",0,"LEM","10_01_01_12:34:37","LEM","10_01_01_12:34:49"
"TP_LA_235",235,"LA","T_LA_49","LA_809","C_EGD_141","Prosecutor",0,"LEM","10_01_01_12:34:54","LEM","10_01_01_12:35:13"
"TP_LA_236",236,"LA","T_LA_49","LA_810","C_EGD_141","Prosecutor",0,"LEM","10_01_01_12:35:17","LEM","10_01_01_12:35:31"
"TP_LA_237",237,"LA","T_LA_49","LA_811","C_EGD_141","Prosecutor",0,"LEM","10_01_01_12:35:33","LEM","10_01_01_12:35:48"
"TP_LA_238",238,"LA","T_LA_49","LA_164","C_EGD_141","Defence",0,"LEM","10_01_01_12:35:51","LEM","10_01_01_12:36:15"
"TP_LA_239",239,"LA","T_LA_49","LA_812","C_EGD_141","Defence",0,"LEM","10_01_01_12:36:25","LEM","10_01_01_12:36:41"
"TP_LA_24",24,"LA","T_LA_10","LA_38","C_EGD_162","Cited_authority",0,"LEM","05_18_01_12:53:51","LEM","05_18_01_12:54:10"
"TP_LA_240",240,"LA","T_LA_49","LA_813","C_EGD_141","Chancellor",0,"LEM","10_01_01_13:14:40","LEM","10_01_01_13:15:12"
"TP_LA_241",241,"LA","T_LA_48","LA_814","C_EGD_140","Expert_Witness",0,"LEM","10_01_01_13:20:00","LEM","10_01_01_13:20:27"
"TP_LA_242",242,"LA","T_LA_51","LA_815","C_EGD_147","Prosecutor",0,"LEM","10_01_01_15:10:44","LEM","10_01_01_15:10:55"
"TP_LA_243",243,"LA","T_LA_51","LA_816","C_EGD_147","Prosecutor",0,"LEM","10_01_01_15:10:58","LEM","10_01_01_15:16:11"
"TP_LA_244",244,"LA","T_LA_51","LA_813","C_EGD_147","Chancellor",0,"LEM","10_01_01_15:40:50","LEM","10_01_01_15:41:01"
"TP_LA_245",245,"LA","T_LA_886","LA_817","C_EGD_148","Prosecutor",0,"LEM","10_01_01_15:53:25","LEM","10_01_01_15:53:47"
"TP_LA_246",246,"LA","T_LA_886","LA_115","C_EGD_148","Defence",0,"LEM","10_01_01_15:54:00","LEM","10_01_01_15:55:13"
"TP_LA_247",247,"LA","T_LA_886","LA_818","C_EGD_148","Cautioner",0,"LEM","10_01_01_15:55:28","LEM","10_01_01_15:56:26"
"TP_LA_248",248,"LA","T_LA_52","LA_816","C_EGD_149","Prosecutor",0,"LEM","10_01_01_16:10:18","LEM","10_01_01_16:10:22"
"TP_LA_249",249,"LA","T_LA_52","LA_819","C_EGD_149","procurator",0,"LEM","10_01_01_16:10:46","LEM","10_01_01_16:11:10"
"TP_LA_25",25,"LA","T_LA_10","LA_10","C_EGD_162","Cited_authority",0,"LEM","05_18_01_12:54:14","LEM","05_18_01_12:54:21"
"TP_LA_250",250,"LA","T_LA_52","LA_820","C_EGD_149","Defence",0,"LEM","10_01_01_16:11:29","LEM","10_01_01_16:11:47"
"TP_LA_251",251,"LA","T_LA_876","LA_821","C_EGD_137","Chancellor",0,"LEM","10_03_01_09:43:22","LEM","10_03_01_09:43:43"
"TP_LA_252",252,"LA","T_LA_44","LA_822","C_EGD_131","Chancellor",0,"LEM","10_03_01_10:02:47","LEM","10_03_01_10:03:38"
"TP_LA_253",253,"LA","T_LA_43","LA_822","C_EGD_132","Chancellor",0,"LEM","10_03_01_10:04:25","LEM","10_03_01_10:04:30"
"TP_LA_254",254,"LA","T_LA_874","LA_823","C_EGD_130","Prosecutor",0,"LEM","10_03_01_10:49:53","LEM","10_03_01_10:50:27"
"TP_LA_255",255,"LA","T_LA_874","JO_837","C_EGD_130","Prosecutor",0,"LEM","10_03_01_10:50:52","jhm","11_27_03_11:46:03"
"TP_LA_256",256,"LA","T_LA_873","LA_825","C_EGD_129","Prosecutor",0,"LEM","10_03_01_11:58:00","LEM","10_03_01_11:58:40"
"TP_LA_257",257,"LA","T_LA_873","JO_837","C_EGD_129","Prosecutor",0,"LEM","10_03_01_11:58:42","jhm","11_27_03_11:46:03"
"TP_LA_258",258,"LA","T_LA_873","LA_838","C_EGD_129","Chancellor",0,"LEM","10_03_01_12:09:47","LEM","10_03_01_12:10:27"
"TP_LA_259",259,"LA","T_LA_871","LA_839","C_EGD_128","Defence",0,"LEM","10_03_01_12:22:02","LEM","10_03_01_12:22:22"
"TP_LA_26",26,"LA","T_LA_10","LA_39","C_EGD_162","Cited_authority",0,"LEM","05_18_01_12:54:23","LEM","05_18_01_12:54:41"
"TP_LA_260",260,"LA","T_LA_871","LA_198","C_EGD_128","Chancellor",0,"LEM","10_03_01_12:27:13","LEM","10_03_01_12:28:29"
"TP_LA_261",261,"LA","T_LA_889","LA_842","C_EGD_57","Prosecutor",0,"LEM","10_03_01_13:11:33","LEM","10_03_01_13:11:51"
"TP_LA_262",262,"LA","T_LA_889","LA_843","C_EGD_57","Chancellor",0,"LEM","10_03_01_13:12:22","LEM","10_03_01_13:12:36"
"TP_LA_263",263,"LA","T_LA_90","LA_176","C_EGD_39","Prosecutor",0,"LEM","10_08_01_10:27:56","LEM","10_08_01_10:28:03"
"TP_LA_264",264,"LA","T_LA_90","LA_839","C_EGD_39","Defence",0,"LEM","10_08_01_10:28:07","LEM","10_08_01_10:28:11"
"TP_LA_265",265,"LA","T_LA_893","LA_176","C_EGD_39","Prosecutor",0,"LEM","10_08_01_11:34:22","LEM","10_08_01_11:34:36"
"TP_LA_266",266,"LA","T_LA_893","LA_174","C_EGD_39","Prosecutor",0,"LEM","10_08_01_11:34:37","LEM","10_08_01_11:34:56"
"TP_LA_267",267,"LA","T_LA_893","LA_839","C_EGD_39","Defence",0,"LEM","10_08_01_11:35:01","LEM","10_08_01_11:35:04"
"TP_LA_268",268,"LA","T_LA_893","LA_844","C_EGD_39","Defence",0,"LEM","10_08_01_11:35:07","LEM","10_08_01_11:35:37"
"TP_LA_269",269,"LA","T_LA_893","LA_853","C_EGD_39","Chancellor",0,"LEM","10_08_01_12:38:51","LEM","10_08_01_12:39:17"
"TP_LA_27",27,"LA","T_LA_10","LA_1199","C_EGD_162","Expert_Witness",0,"LEM","05_18_01_12:54:48","jhm","11_12_03_14:09:41"
"TP_LA_270",270,"LA","T_LA_903","LA_176","C_EGD_40","Prosecutor",0,"LEM","10_08_01_12:57:23","LEM","10_08_01_12:58:14"
"TP_LA_271",271,"LA","T_LA_903","LA_854","C_EGD_40","Chancellor",0,"LEM","10_08_01_13:14:10","LEM","10_08_01_13:14:26"
"TP_LA_272",272,"LA","T_LA_908","LA_176","C_EGD_56","Prosecutor",0,"LEM","10_08_01_14:28:00","LEM","10_08_01_14:28:05"
"TP_LA_273",273,"LA","T_LA_908","LA_855","C_EGD_56","Prosecutor",0,"LEM","10_08_01_14:28:11","LEM","10_08_01_14:28:45"
"TP_LA_274",274,"LA","T_LA_908","LA_856","C_EGD_56","Chancellor",0,"LEM","10_08_01_14:28:46","LEM","10_08_01_14:29:15"
"TP_LA_275",275,"LA","T_LA_909","LA_176","C_EGD_53","Prosecutor",0,"LEM","10_08_01_14:35:25","LEM","10_08_01_14:35:28"
"TP_LA_276",276,"LA","T_LA_909","LA_855","C_EGD_53","Prosecutor",0,"LEM","10_08_01_14:35:31","LEM","10_08_01_14:35:40"
"TP_LA_277",277,"LA","T_LA_909","LA_856","C_EGD_53","Chancellor",0,"LEM","10_08_01_14:35:43","LEM","10_08_01_14:35:49"
"TP_LA_278",278,"LA","T_LA_910","LA_857","C_EGD_54","Prosecutor",0,"LEM","10_08_01_14:44:41","LEM","10_08_01_14:45:06"
"TP_LA_279",279,"LA","T_LA_910","LA_855","C_EGD_54","Prosecutor",0,"LEM","10_08_01_14:45:14","LEM","10_08_01_14:45:19"
"TP_LA_28",28,"LA","T_LA_10","LA_103","C_EGD_162","Chancellor",0,"LEM","05_18_01_12:55:47","LEM","06_12_01_15:04:43"
"TP_LA_280",280,"LA","T_LA_910","LA_858","C_EGD_54","Prosecutor",0,"LEM","10_08_01_14:45:21","LEM","10_08_01_14:45:57"
"TP_LA_281",281,"LA","T_LA_910","LA_176","C_EGD_54","Prosecutor",0,"LEM","10_08_01_14:46:00","LEM","10_08_01_14:46:16"
"TP_LA_282",282,"LA","T_LA_916","LA_855","C_EGD_52","Prosecutor",0,"LEM","10_08_01_15:15:27","LEM","10_08_01_15:15:37"
"TP_LA_283",283,"LA","T_LA_916","LA_859","C_EGD_52","Prosecutor",0,"LEM","10_08_01_15:15:48","LEM","10_08_01_15:16:24"
"TP_LA_284",284,"LA","T_LA_916","LA_176","C_EGD_52","Prosecutor",0,"LEM","10_08_01_15:16:27","LEM","10_08_01_15:16:31"
"TP_LA_285",285,"LA","T_LA_917","LA_858","C_EGD_60","Prosecutor",0,"LEM","10_08_01_15:20:03","LEM","10_08_01_15:20:24"
"TP_LA_287",287,"LA","T_LA_917","LA_857","C_EGD_60","Prosecutor",0,"LEM","10_08_01_15:20:39","LEM","10_08_01_15:23:57"
"TP_LA_288",288,"LA","T_LA_917","LA_859","C_EGD_60","Prosecutor",0,"LEM","10_08_01_15:20:44","LEM","10_08_01_15:20:55"
"TP_LA_289",289,"LA","T_LA_916","LA_858","C_EGD_52","Prosecutor",0,"LEM","10_08_01_15:22:11","LEM","10_08_01_15:22:16"
"TP_LA_29",29,"LA","T_LA_15","LA_28","C_EGD_166","Prosecutor",0,"LEM","05_18_01_16:44:22","LEM","05_18_01_16:44:25"
"TP_LA_290",290,"LA","T_LA_917","LA_176","C_EGD_60","Prosecutor",0,"LEM","10_08_01_15:23:10","LEM","10_08_01_15:23:18"
"TP_LA_291",291,"LA","T_LA_928","LA_176","C_EGD_59","Prosecutor",0,"LEM","10_09_01_09:18:47","LEM","10_09_01_09:21:37"
"TP_LA_292",292,"LA","T_LA_928","LA_921","C_EGD_59","Chancellor",0,"LEM","10_09_01_09:22:20","LEM","10_09_01_09:22:38"
"TP_LA_293",293,"LA","T_LA_934","LA_176","C_EGD_63","Prosecutor",0,"LEM","10_09_01_10:21:57","LEM","10_09_01_10:28:16"
"TP_LA_294",294,"LA","T_LA_934","LA_922","C_EGD_63","Chancellor",0,"LEM","10_09_01_10:28:17","LEM","10_09_01_10:28:38"
"TP_LA_295",295,"LA","T_LA_72","LA_176","C_EGD_103","Prosecutor",0,"LEM","10_10_01_13:23:27","LEM","10_10_01_13:23:30"
"TP_LA_296",296,"LA","T_LA_72","LA_820","C_EGD_103","Defence",0,"LEM","10_10_01_13:23:35","LEM","10_10_01_13:23:38"
"TP_LA_297",297,"LA","T_LA_72","LA_923","C_EGD_103","Defence",0,"LEM","10_10_01_13:23:41","LEM","10_10_01_13:24:01"
"TP_LA_298",298,"LA","T_LA_72","LA_924","C_EGD_103","Defence",0,"LEM","10_10_01_13:24:10","LEM","10_10_01_13:24:27"
"TP_LA_299",299,"LA","T_LA_72","LA_925","C_EGD_103","Defence",0,"LEM","10_10_01_13:24:28","LEM","10_10_01_13:24:45"
"TP_LA_3",3,"LA","T_LA_1","LA_9","C_EGD_160","Cited_authority",0,"LEM","05_17_01_10:16:17","LEM","05_17_01_10:17:00"
"TP_LA_30",30,"LA","T_LA_15","LA_29","C_EGD_166","Prosecutor",0,"LEM","05_18_01_16:44:31","LEM","05_18_01_16:44:33"
"TP_LA_300",300,"LA","T_LA_72","LA_926","C_EGD_103","Defence",0,"LEM","10_10_01_13:24:56","LEM","10_10_01_13:25:46"
"TP_LA_301",301,"LA","T_LA_995","LA_176","C_EGD_104","Prosecutor",0,"LEM","10_16_01_09:33:35","LEM","10_16_01_09:33:40"
"TP_LA_302",302,"LA","T_LA_995","LA_923","C_EGD_104","Defence",0,"LEM","10_16_01_09:33:46","LEM","10_16_01_09:33:53"
"TP_LA_303",303,"LA","T_LA_995","LA_927","C_EGD_104","Defence",0,"LEM","10_16_01_09:34:44","LEM","10_16_01_09:35:12"
"TP_LA_304",304,"LA","T_LA_995","LA_928","C_EGD_104","Defence",0,"LEM","10_16_01_09:35:19","LEM","10_16_01_09:35:49"
"TP_LA_305",305,"LA","T_LA_995","LA_929","C_EGD_104","Defence",0,"LEM","10_16_01_09:36:19","LEM","10_16_01_09:36:43"
"TP_LA_306",306,"LA","T_LA_995","LA_820","C_EGD_104","Defence",0,"LEM","10_16_01_09:37:16","jhm","12_12_03_12:26:56"
"TP_LA_307",307,"LA","T_LA_995","LA_48","C_EGD_104","Defence",0,"LEM","10_16_01_09:37:42","LEM","10_16_01_09:37:51"
"TP_LA_308",308,"LA","T_LA_995","LA_931","C_EGD_104","Chancellor",0,"LEM","10_16_01_10:49:02","LEM","10_16_01_10:51:06"
"TP_LA_309",309,"LA","T_LA_798","LA_636","C_EGD_1258","Judge",0,"LEM","10_16_01_12:01:15","LEM","10_16_01_12:01:54"
"TP_LA_31",31,"LA","T_LA_15","LA_44","C_EGD_166","Expert_Witness",0,"LEM","05_18_01_16:47:33","LEM","05_18_01_16:47:41"
"TP_LA_310",310,"LA","T_LA_798","LA_933","C_EGD_1258","Judge",0,"LEM","10_16_01_12:01:57","LEM","10_16_01_12:03:30"
"TP_LA_311",311,"LA","T_LA_798","LA_934","C_EGD_1258","Chancellor",0,"LEM","10_16_01_12:03:36","LEM","10_16_01_12:17:55"
"TP_LA_312",312,"LA","T_LA_1004","LA_938","C_EGD_1269","Chancellor",0,"LEM","10_16_01_15:44:31","LEM","10_16_01_15:44:45"
"TP_LA_313",313,"LA","T_LA_1008","LA_951","C_EGD_29","Chancellor",0,"LEM","10_18_01_10:13:40","LEM","10_18_01_10:14:15"
"TP_LA_314",314,"LA","T_LA_1012","LA_952","C_EGD_1278","Chancellor",0,"LEM","10_18_01_12:33:41","LEM","10_18_01_12:34:07"
"TP_LA_315",315,"LA","T_LA_1014","LA_953","C_EGD_1278","Chancellor",0,"LEM","10_19_01_09:25:03","LEM","10_19_01_09:25:26"
"TP_LA_316",316,"LA","T_LA_1075","LA_1030","C_EGD_1295","Defence",0,"LEM","10_22_01_12:46:05","LEM","10_22_01_12:46:40"
"TP_LA_317",317,"LA","T_LA_1076","LA_1030","C_EGD_1296","Defence",0,"LEM","10_22_01_14:53:23","LEM","10_22_01_14:53:29"
"TP_LA_318",318,"LA","T_LA_1076","LA_1035","C_EGD_1296","Prosecutor",0,"LEM","10_22_01_14:55:32","LEM","10_22_01_14:56:31"
"TP_LA_319",319,"LA","T_LA_1075","LA_1035","C_EGD_1295","Prosecutor",0,"LEM","10_22_01_14:57:01","LEM","10_22_01_14:57:08"
"TP_LA_32",32,"LA","T_LA_15","LA_45","C_EGD_166","Expert_Witness",0,"LEM","05_18_01_16:47:42","LEM","05_18_01_16:47:46"
"TP_LA_320",320,"LA","T_LA_1079","LA_1043","C_EGD_1308","Prosecutor",0,"LEM","10_22_01_16:09:38","LEM","10_22_01_16:10:24"
"TP_LA_321",321,"LA","T_LA_1078","LA_1043","C_EGD_1293","Prosecutor",0,"LEM","10_22_01_16:11:01","LEM","10_22_01_16:11:07"
"TP_LA_322",322,"LA","T_LA_1088","LA_953","C_EGD_1284","Chancellor",0,"LEM","10_23_01_10:09:02","LEM","10_23_01_10:09:09"
"TP_LA_323",323,"LA","T_LA_1103","LA_1054","C_EGD_963","Judge",0,"LEM","10_23_01_15:08:46","LEM","10_23_01_15:09:40"
"TP_LA_324",324,"LA","T_LA_1103","LA_1055","C_EGD_963","Prosecutor",0,"LEM","10_23_01_15:09:46","LEM","10_23_01_15:10:09"
"TP_LA_325",325,"LA","T_LA_1103","LA_938","C_EGD_963","Chancellor",0,"LEM","10_23_01_15:30:57","LEM","10_23_01_15:31:05"
"TP_LA_326",326,"LA","T_LA_1104","LA_1055","C_EGD_964","Prosecutor",0,"LEM","10_23_01_15:48:56","LEM","10_23_01_15:49:03"
"TP_LA_327",327,"LA","T_LA_1104","LA_1054","C_EGD_964","Judge",0,"LEM","10_23_01_15:49:07","LEM","10_23_01_15:49:10"
"TP_LA_328",328,"LA","T_LA_1104","LA_1056","C_EGD_964","Chancellor",0,"LEM","10_23_01_15:49:13","LEM","10_23_01_15:49:31"
"TP_LA_329",329,"LA","T_LA_1105","LA_1057","C_LA_2924","Prosecutor",0,"LEM","10_23_01_16:03:37","LEM","10_23_01_16:03:55"
"TP_LA_33",33,"LA","T_LA_24","LA_12","C_EGD_169","Prosecutor",0,"LEM","05_21_01_14:16:06","LEM","05_21_01_14:16:10"
"TP_LA_330",330,"LA","T_LA_1105","LA_1058","C_LA_2924","Chancellor",0,"LEM","10_23_01_16:06:42","LEM","10_23_01_16:07:09"
"TP_LA_331",331,"LA","T_LA_1119","LA_1060","C_EGD_783","Chancellor",0,"LEM","11_26_01_15:11:38","LEM","11_26_01_15:11:59"
"TP_LA_332",332,"LA","T_LA_1122","LA_1061","C_EGD_785","Chancellor",0,"LEM","11_26_01_15:55:26","LEM","11_26_01_15:55:52"
"TP_LA_333",333,"LA","T_LA_1123","LA_1061","C_EGD_784","Chancellor",0,"LEM","11_29_01_10:24:11","LEM","11_29_01_10:24:14"
"TP_LA_334",334,"LA","T_LA_1124","LA_1061","C_EGD_786","Chancellor",0,"LEM","11_29_01_10:32:34","LEM","11_29_01_10:32:39"
"TP_LA_335",335,"LA","T_LA_1132","LA_1062","C_LA_2949","Chancellor",0,"LEM","11_29_01_12:36:39","LEM","11_29_01_12:36:57"
"TP_LA_336",336,"LA","T_LA_1131","LA_1062","C_EGD_316","Chancellor",0,"LEM","11_29_01_12:37:30","LEM","11_29_01_12:37:35"
"TP_LA_337",337,"LA","T_LA_1133","LA_1063","C_EGD_355","Chancellor",0,"LEM","11_29_01_13:59:36","LEM","11_29_01_13:59:56"
"TP_LA_339",339,"LA","T_LA_1135","LA_1063","C_EGD_357","Chancellor",0,"LEM","11_29_01_14:06:12","LEM","11_29_01_14:06:17"
"TP_LA_34",34,"LA","T_LA_24","LA_46","C_EGD_169","Chancellor",0,"LEM","05_21_01_14:16:15","LEM","05_21_01_14:16:44"
"TP_LA_340",340,"LA","T_JO_419","LA_1063","C_EGD_296","Chancellor",0,"LEM","11_29_01_14:11:48","LEM","11_29_01_14:11:54"
"TP_LA_341",341,"LA","T_JO_421","LA_1063","C_EGD_299","Chancellor",0,"LEM","11_29_01_14:15:52","LEM","11_29_01_14:16:12"
"TP_LA_342",342,"LA","T_LA_1136","LA_1064","C_EGD_308","Chancellor",0,"LEM","11_29_01_14:47:35","LEM","11_29_01_14:48:08"
"TP_LA_343",343,"LA","T_LA_1137","LA_1064","C_EGD_307","Chancellor",0,"LEM","11_29_01_14:50:10","LEM","11_29_01_14:50:21"
"TP_LA_344",344,"LA","T_LA_1139","LA_1064","C_EGD_315","Chancellor",0,"LEM","11_29_01_14:56:47","LEM","11_29_01_14:57:11"
"TP_LA_345",345,"LA","T_LA_1141","LA_1065","C_EGD_792","Chancellor",0,"LEM","11_30_01_10:08:29","LEM","11_30_01_10:08:51"
"TP_LA_346",346,"LA","T_LA_1142","LA_1065","C_EGD_791","Chancellor",0,"LEM","11_30_01_10:29:06","LEM","11_30_01_10:29:19"
"TP_LA_347",347,"LA","T_LA_1144","LA_1065","C_EGD_789","Chancellor",0,"LEM","11_30_01_10:58:29","LEM","11_30_01_10:58:33"
"TP_LA_348",348,"LA","T_LA_1145","LA_1065","C_EGD_790","Chancellor",0,"LEM","11_30_01_11:46:45","LEM","11_30_01_11:46:50"
"TP_LA_349",349,"LA","T_LA_1148","LA_1066","C_EGD_794","Chancellor",0,"LEM","11_30_01_12:38:48","LEM","11_30_01_12:39:14"
"TP_LA_35",35,"LA","T_LA_24","LA_47","C_EGD_169","Prosecutor",0,"LEM","05_21_01_14:17:54","LEM","05_21_01_14:18:37"
"TP_LA_350",350,"LA","T_LA_1146","LA_1066","C_EGD_793","Chancellor",0,"LEM","11_30_01_12:52:00","LEM","11_30_01_12:52:05"
"TP_LA_351",351,"LA","T_LA_1149","LA_1066","C_EGD_797","Chancellor",0,"LEM","11_30_01_14:53:15","LEM","11_30_01_14:53:32"
"TP_LA_352",352,"LA","T_LA_1151","LA_1066","C_EGD_796","Chancellor",0,"LEM","11_30_01_14:57:46","LEM","11_30_01_14:57:50"
"TP_LA_353",353,"LA","T_LA_1152","LA_1066","C_EGD_798","Chancellor",0,"LEM","11_30_01_15:19:07","LEM","11_30_01_15:19:13"
"TP_LA_355",355,"LA","T_LA_1153","LA_1067","C_EGD_584","Defence",0,"LEM","12_03_01_09:35:26","LEM","12_03_01_09:35:43"
"TP_LA_356",356,"LA","T_LA_1153","LA_641","C_EGD_584","Defence",0,"LEM","12_03_01_09:35:45","LEM","12_03_01_09:35:52"
"TP_LA_357",357,"LA","T_LA_1153","LA_1068","C_EGD_584","Defence",0,"LEM","12_03_01_09:36:12","LEM","12_03_01_09:36:42"
"TP_LA_358",358,"LA","T_LA_1153","LA_1069","C_EGD_584","Defence",0,"LEM","12_03_01_09:36:45","LEM","12_03_01_09:36:57"
"TP_LA_359",359,"LA","T_LA_1153","LA_1070","C_EGD_584","Prosecutor",0,"LEM","12_03_01_09:37:03","LEM","12_03_01_09:37:25"
"TP_LA_36",36,"LA","T_LA_25","LA_12","C_EGD_170","Prosecutor",0,"LEM","05_21_01_14:58:16","LEM","05_21_01_14:58:18"
"TP_LA_360",360,"LA","T_LA_1153","LA_1071","C_EGD_584","Prosecutor",0,"LEM","12_03_01_09:37:27","LEM","12_03_01_09:37:53"
"TP_LA_361",361,"LA","T_LA_1161","LA_1072","C_EGD_587","Chancellor",0,"LEM","12_03_01_11:55:39","LEM","12_03_01_11:56:06"
"TP_LA_362",362,"LA","T_LA_1162","LA_1073","C_EGD_588","Prosecutor",0,"LEM","12_03_01_12:09:24","LEM","12_03_01_12:15:28"
"TP_LA_363",363,"LA","T_LA_1161","LA_1073","C_EGD_587","Prosecutor",0,"LEM","12_03_01_12:15:40","LEM","12_03_01_12:16:05"
"TP_LA_364",364,"LA","T_JO_614","LA_1108","C_EGD_1749","Judge",0,"LEM","01_16_02_10:46:07","LEM","01_16_02_10:46:55"
"TP_LA_365",365,"LA","T_JO_614","JO_1013","C_EGD_1749","Prosecutor",0,"LEM","01_16_02_10:47:06","LEM","01_16_02_10:47:16"
"TP_LA_366",366,"LA","T_JO_616","LA_1108","C_EGD_1748","Judge",0,"LEM","01_16_02_11:41:56","LEM","01_16_02_11:42:01"
"TP_LA_367",367,"LA","T_JO_616","JO_1013","C_EGD_1748","Prosecutor",0,"LEM","01_16_02_11:42:28","LEM","01_16_02_11:42:36"
"TP_LA_368",368,"LA","T_JO_615","LA_1108","C_EGD_1747","Judge",0,"LEM","01_16_02_11:58:08","LEM","01_16_02_11:58:11"
"TP_LA_369",369,"LA","T_JO_615","JO_1013","C_EGD_1747","Prosecutor",0,"LEM","01_16_02_11:58:14","LEM","01_16_02_11:58:21"
"TP_LA_37",37,"LA","T_LA_25","LA_46","C_EGD_170","Chancellor",0,"LEM","05_21_01_14:58:22","LEM","05_21_01_14:58:25"
"TP_LA_370",370,"LA","T_JO_617","LA_1108","C_EGD_1746","Judge",0,"LEM","01_16_02_12:11:40","LEM","01_16_02_12:11:44"
"TP_LA_371",371,"LA","T_JO_617","JO_1013","C_EGD_1746","Prosecutor",0,"LEM","01_16_02_12:11:47","LEM","01_16_02_12:11:53"
"TP_LA_372",372,"LA","T_JO_618","LA_1108","C_EGD_1745","Judge",0,"LEM","01_16_02_12:22:27","LEM","01_16_02_12:22:31"
"TP_LA_373",373,"LA","T_JO_618","JO_1013","C_EGD_1745","Prosecutor",0,"LEM","01_16_02_12:22:34","LEM","01_16_02_12:22:42"
"TP_LA_374",374,"LA","T_JO_619","LA_1108","C_EGD_1744","Judge",0,"LEM","01_16_02_12:36:01","LEM","01_16_02_12:36:05"
"TP_LA_375",375,"LA","T_JO_619","JO_1013","C_EGD_1744","Prosecutor",0,"LEM","01_16_02_12:36:06","LEM","01_16_02_12:36:15"
"TP_LA_376",376,"LA","T_LA_1189","LA_1109","C_EGD_1773","Prosecutor",0,"LEM","01_17_02_12:36:52","LEM","01_17_02_12:37:27"
"TP_LA_377",377,"LA","T_LA_1189","LA_1110","C_EGD_1773","Prosecutor",0,"LEM","01_17_02_12:38:16","LEM","01_17_02_12:38:34"
"TP_LA_378",378,"LA","T_LA_1189","LA_1111","C_EGD_1773","Prosecutor",0,"LEM","01_17_02_12:38:36","LEM","01_17_02_12:39:07"
"TP_LA_379",379,"LA","T_LA_1189","LA_425","C_EGD_1773","Defence",0,"LEM","01_17_02_12:39:19","LEM","01_17_02_12:39:39"
"TP_LA_38",38,"LA","T_LA_28","LA_12","C_EGD_172","Prosecutor",0,"LEM","05_21_01_15:48:41","LEM","05_21_01_15:48:44"
"TP_LA_380",380,"LA","T_LA_1190","LA_1109","C_EGD_1774","Prosecutor",0,"LEM","01_17_02_12:42:52","LEM","01_17_02_12:43:02"
"TP_LA_381",381,"LA","T_LA_1190","LA_1110","C_EGD_1774","Prosecutor",0,"LEM","01_17_02_12:43:03","LEM","01_17_02_12:43:13"
"TP_LA_382",382,"LA","T_LA_1190","LA_1111","C_EGD_1774","Prosecutor",0,"LEM","01_17_02_12:43:14","LEM","01_17_02_12:43:18"
"TP_LA_383",383,"LA","T_LA_1190","LA_425","C_EGD_1774","Defence",0,"LEM","01_17_02_12:43:20","LEM","01_17_02_12:43:24"
"TP_LA_384",384,"LA","T_LA_1190","LA_1112","C_EGD_1774","Chancellor",0,"LEM","01_17_02_12:44:00","LEM","01_17_02_12:44:22"
"TP_LA_385",385,"LA","T_LA_1189","LA_1112","C_EGD_1773","Chancellor",0,"LEM","01_17_02_12:44:28","LEM","01_17_02_12:44:39"
"TP_LA_386",386,"LA","T_LA_1191","LA_1109","C_EGD_1777","Prosecutor",0,"LEM","01_17_02_12:47:37","LEM","01_17_02_12:47:44"
"TP_LA_387",387,"LA","T_LA_1191","LA_1110","C_EGD_1777","Prosecutor",0,"LEM","01_17_02_12:47:46","LEM","01_17_02_12:48:00"
"TP_LA_388",388,"LA","T_LA_1191","LA_1111","C_EGD_1777","Prosecutor",0,"LEM","01_17_02_12:48:04","LEM","01_17_02_12:48:06"
"TP_LA_389",389,"LA","T_LA_1191","LA_425","C_EGD_1777","Defence",0,"LEM","01_17_02_12:48:08","LEM","01_17_02_12:48:11"
"TP_LA_39",39,"LA","T_LA_27","LA_12","C_EGD_171","Prosecutor",0,"LEM","05_21_01_15:55:37","LEM","05_21_01_15:55:43"
"TP_LA_390",390,"LA","T_LA_1191","LA_1112","C_EGD_1777","Chancellor",0,"LEM","01_17_02_12:48:16","LEM","01_17_02_12:48:25"
"TP_LA_391",391,"LA","T_JO_1131","LA_1109","C_EGD_1778","Prosecutor",0,"LEM","01_17_02_12:51:37","LEM","01_17_02_12:51:44"
"TP_LA_392",392,"LA","T_JO_1131","LA_1110","C_EGD_1778","Prosecutor",0,"LEM","01_17_02_12:51:46","LEM","01_17_02_12:51:52"
"TP_LA_393",393,"LA","T_JO_1131","LA_1111","C_EGD_1778","Prosecutor",0,"LEM","01_17_02_12:51:54","LEM","01_17_02_12:51:56"
"TP_LA_394",394,"LA","T_JO_1131","LA_425","C_EGD_1778","Defence",0,"LEM","01_17_02_12:51:58","LEM","01_17_02_12:52:00"
"TP_LA_395",395,"LA","T_JO_1131","LA_1112","C_EGD_1778","Chancellor",0,"LEM","01_17_02_12:52:02","LEM","01_17_02_12:52:10"
"TP_LA_396",396,"LA","T_JO_1133","LA_1109","C_EGD_1780","Prosecutor",0,"LEM","01_17_02_12:58:49","LEM","01_17_02_12:58:55"
"TP_LA_397",397,"LA","T_JO_1133","LA_1110","C_EGD_1780","Prosecutor",0,"LEM","01_17_02_12:58:57","LEM","01_17_02_12:59:06"
"TP_LA_398",398,"LA","T_JO_1133","LA_1111","C_EGD_1780","Prosecutor",0,"LEM","01_17_02_12:59:11","LEM","01_17_02_12:59:15"
"TP_LA_399",399,"LA","T_JO_1133","LA_425","C_EGD_1780","Defence",0,"LEM","01_17_02_12:59:18","LEM","01_17_02_12:59:29"
"TP_LA_4",4,"LA","T_LA_1","LA_10","C_EGD_160","Demonologist",0,"LEM","05_17_01_10:16:47","LEM","06_04_01_11:22:42"
"TP_LA_40",40,"LA","T_LA_29","LA_12","C_EGD_179","Prosecutor",0,"LEM","05_21_01_16:27:40","LEM","05_21_01_16:31:01"
"TP_LA_400",400,"LA","T_JO_1133","LA_1112","C_EGD_1780","Chancellor",0,"LEM","01_17_02_12:59:31","LEM","01_17_02_12:59:46"
"TP_LA_401",401,"LA","T_JO_1133","JO_1093","C_EGD_1780","Expert_Witness",0,"LEM","01_30_02_15:14:21","LEM","01_30_02_15:14:32"
"TP_LA_402",402,"LA","T_JO_1131","JO_1093","C_EGD_1778","Expert_Witness",0,"LEM","01_30_02_15:14:38","LEM","01_30_02_15:14:50"
"TP_LA_403",403,"LA","T_LA_1191","JO_1093","C_EGD_1777","Expert_Witness",0,"LEM","01_30_02_15:14:56","LEM","01_30_02_15:15:12"
"TP_LA_404",404,"LA","T_LA_1189","JO_1093","C_EGD_1773","Expert_Witness",0,"LEM","01_30_02_15:15:20","LEM","01_30_02_15:15:31"
"TP_LA_405",405,"LA","T_LA_1190","JO_1093","C_EGD_1774","Expert_Witness",0,"LEM","01_30_02_15:20:45","LEM","01_30_02_15:20:55"
"TP_LA_406",406,"LA","T_LA_1199","LA_1109","C_EGD_1781","Prosecutor",0,"LEM","01_30_02_15:33:45","LEM","01_30_02_15:33:57"
"TP_LA_407",407,"LA","T_LA_1199","LA_1110","C_EGD_1781","Prosecutor",0,"LEM","01_30_02_15:34:00","LEM","01_30_02_15:34:42"
"TP_LA_408",408,"LA","T_LA_1199","LA_1111","C_EGD_1781","Prosecutor",0,"LEM","01_30_02_15:34:44","LEM","01_30_02_15:34:48"
"TP_LA_409",409,"LA","T_LA_1199","JO_1093","C_EGD_1781","Expert_Witness",0,"LEM","01_30_02_15:34:49","LEM","01_30_02_15:34:55"
"TP_LA_41",41,"LA","T_LA_29","LA_49","C_EGD_179","Chancellor",0,"LEM","05_21_01_17:03:56","LEM","05_21_01_17:04:42"
"TP_LA_410",410,"LA","T_LA_1199","LA_1112","C_EGD_1781","Chancellor",0,"LEM","01_30_02_15:35:03","LEM","01_30_02_15:35:21"
"TP_LA_411",411,"LA","T_LA_1201","LA_1109","C_LA_2959","Prosecutor",0,"LEM","01_30_02_16:12:29","LEM","01_30_02_16:12:37"
"TP_LA_412",412,"LA","T_LA_1201","LA_1110","C_LA_2959","Prosecutor",0,"LEM","01_30_02_16:12:39","LEM","01_30_02_16:12:57"
"TP_LA_413",413,"LA","T_LA_1201","LA_1111","C_LA_2959","Prosecutor",0,"LEM","01_30_02_16:12:59","LEM","01_30_02_16:13:03"
"TP_LA_414",414,"LA","T_LA_1201","LA_1112","C_LA_2959","Prosecutor",0,"LEM","01_30_02_16:13:09","LEM","01_30_02_16:13:20"
"TP_LA_415",415,"LA","T_LA_1201","JO_1093","C_LA_2959","Expert_Witness",0,"LEM","01_30_02_16:13:24","LEM","01_30_02_16:13:32"
"TP_LA_416",416,"LA","T_LA_1201","LA_425","C_LA_2959","Defence",0,"LEM","01_30_02_16:13:39","LEM","01_30_02_16:14:26"
"TP_LA_417",417,"LA","T_LA_1209","LA_1109","C_LA_2968","Prosecutor",0,"LEM","01_31_02_13:15:23","LEM","01_31_02_13:15:32"
"TP_LA_418",418,"LA","T_LA_1209","LA_1110","C_LA_2968","Prosecutor",0,"LEM","01_31_02_13:15:34","LEM","01_31_02_13:15:40"
"TP_LA_419",419,"LA","T_LA_1209","LA_1111","C_LA_2968","Prosecutor",0,"LEM","01_31_02_13:15:41","LEM","01_31_02_13:15:46"
"TP_LA_42",42,"LA","T_LA_29","LA_50","C_EGD_179","Witchcraft_acquired_from",0,"LEM","05_22_01_11:16:30","LEM","05_22_01_11:16:54"
"TP_LA_420",420,"LA","T_LA_1211","LA_1109","C_LA_2970","Prosecutor",0,"LEM","01_31_02_15:25:20","LEM","01_31_02_15:25:26"
"TP_LA_421",421,"LA","T_LA_1211","LA_1110","C_LA_2970","Prosecutor",0,"LEM","01_31_02_15:25:28","LEM","01_31_02_15:25:34"
"TP_LA_422",422,"LA","T_LA_1211","LA_1111","C_LA_2970","Prosecutor",0,"LEM","01_31_02_15:25:35","LEM","01_31_02_15:25:42"
"TP_LA_423",423,"LA","T_LA_1213","LA_1109","C_LA_2972","Prosecutor",0,"LEM","01_31_02_20:53:58","LEM","01_31_02_20:54:04"
"TP_LA_424",424,"LA","T_LA_1213","LA_1110","C_LA_2972","Prosecutor",0,"LEM","01_31_02_20:54:05","LEM","01_31_02_20:54:09"
"TP_LA_425",425,"LA","T_LA_1213","LA_1111","C_LA_2972","Prosecutor",0,"LEM","01_31_02_20:54:11","LEM","01_31_02_20:54:16"
"TP_LA_426",426,"LA","T_LA_1214","LA_1109","C_EGD_1779","Prosecutor",0,"LEM","01_31_02_21:06:02","LEM","01_31_02_21:06:09"
"TP_LA_427",427,"LA","T_LA_1214","LA_1121","C_EGD_1779","Prosecutor",0,"LEM","01_31_02_21:06:11","LEM","01_31_02_21:06:18"
"TP_LA_428",428,"LA","T_LA_1214","LA_1111","C_EGD_1779","Prosecutor",0,"LEM","01_31_02_21:06:20","LEM","01_31_02_21:06:24"
"TP_LA_429",429,"LA","T_LA_1215","LA_1109","C_LA_2973","Prosecutor",0,"LEM","01_31_02_21:21:30","LEM","01_31_02_21:21:38"
"TP_LA_43",43,"LA","T_LA_37","LA_51","C_LA_2638","Witchcraft_acquired_from",0,"LEM","05_22_01_12:20:30","LEM","05_22_01_12:20:59"
"TP_LA_430",430,"LA","T_LA_1215","LA_1110","C_LA_2973","Prosecutor",0,"LEM","01_31_02_21:21:40","LEM","01_31_02_21:21:44"
"TP_LA_431",431,"LA","T_LA_1215","LA_1111","C_LA_2973","Prosecutor",0,"LEM","01_31_02_21:21:46","LEM","01_31_02_21:21:51"
"TP_LA_432",432,"LA","T_LA_1216","LA_1109","C_LA_2974","Prosecutor",0,"LEM","01_31_02_21:33:40","LEM","01_31_02_21:33:46"
"TP_LA_433",433,"LA","T_LA_1216","LA_1110","C_LA_2974","Prosecutor",0,"LEM","01_31_02_21:33:48","LEM","01_31_02_21:33:52"
"TP_LA_434",434,"LA","T_LA_1216","LA_1111","C_LA_2974","Prosecutor",0,"LEM","01_31_02_21:33:53","LEM","01_31_02_21:33:58"
"TP_LA_435",435,"LA","T_LA_1217","LA_1109","C_LA_2975","Commissioner",0,"LEM","02_01_02_11:20:53","LEM","02_01_02_11:20:56"
"TP_LA_436",436,"LA","T_LA_1217","LA_1110","C_LA_2975","Commissioner",0,"LEM","02_01_02_11:20:58","LEM","02_01_02_11:21:07"
"TP_LA_437",437,"LA","T_LA_1217","LA_1111","C_LA_2975","Commissioner",0,"LEM","02_01_02_11:21:10","LEM","02_01_02_11:21:14"
"TP_LA_438",438,"LA","T_LA_1218","LA_1109","C_LA_2976","Prosecutor",0,"LEM","02_01_02_11:44:14","LEM","02_01_02_11:44:22"
"TP_LA_439",439,"LA","T_LA_1218","LA_1110","C_LA_2976","Prosecutor",0,"LEM","02_01_02_11:44:31","LEM","02_01_02_11:44:39"
"TP_LA_44",44,"LA","T_LA_38","LA_51","C_EGD_180","Witchcraft_acquired_from",0,"LEM","05_22_01_12:25:52","LEM","05_22_01_12:25:57"
"TP_LA_440",440,"LA","T_LA_1218","LA_1111","C_LA_2976","Prosecutor",0,"LEM","02_01_02_11:44:41","LEM","02_01_02_11:44:45"
"TP_LA_441",441,"LA","T_LA_1219","LA_1109","C_LA_2977","Commissioner",0,"LEM","02_01_02_11:55:32","LEM","02_01_02_11:55:35"
"TP_LA_442",442,"LA","T_LA_1219","LA_1110","C_LA_2977","Commissioner",0,"LEM","02_01_02_11:55:38","LEM","02_01_02_11:55:42"
"TP_LA_443",443,"LA","T_LA_1219","LA_1111","C_LA_2977","Commissioner",0,"LEM","02_01_02_11:55:44","LEM","02_01_02_11:55:47"
"TP_LA_444",444,"LA","T_LA_1221","LA_1109","C_LA_2979","Commissioner",0,"LEM","02_01_02_12:27:59","LEM","02_01_02_12:28:03"
"TP_LA_445",445,"LA","T_LA_1221","LA_1110","C_LA_2979","Commissioner",0,"LEM","02_01_02_12:28:07","LEM","02_01_02_12:28:10"
"TP_LA_446",446,"LA","T_LA_1221","LA_1111","C_LA_2979","Commissioner",0,"LEM","02_01_02_12:28:13","LEM","02_01_02_12:28:17"
"TP_LA_447",447,"LA","T_LA_1222","LA_1109","C_LA_2980","Prosecutor",0,"LEM","02_01_02_12:38:57","LEM","02_01_02_12:39:04"
"TP_LA_448",448,"LA","T_LA_1222","LA_1110","C_LA_2980","Prosecutor",0,"LEM","02_01_02_12:39:05","LEM","02_01_02_12:39:23"
"TP_LA_449",449,"LA","T_LA_1222","LA_1111","C_LA_2980","Prosecutor",0,"LEM","02_01_02_12:39:26","LEM","02_01_02_12:39:29"
"TP_LA_45",45,"LA","T_LA_38","LA_12","C_EGD_180","Prosecutor",0,"LEM","05_22_01_12:33:45","LEM","05_22_01_12:33:52"
"TP_LA_450",450,"LA","T_LA_1199","LA_425","C_EGD_1781","Defence",0,"LEM","02_01_02_14:45:05","LEM","02_01_02_14:45:11"
"TP_LA_451",451,"LA","T_LA_1249","LA_1110","C_EGD_755","Prosecutor",0,"LEM","02_19_02_09:48:09","jhm","12_15_03_14:07:04"
"TP_LA_452",452,"LA","T_LA_1248","LA_1110","C_EGD_754","Prosecutor",0,"LEM","02_19_02_09:59:04","jhm","12_15_03_14:07:04"
"TP_LA_456",456,"LA","T_LA_602","LA_510","C_EGD_1058","Prosecutor",0,"LEM","05_07_02_09:27:28","LEM","05_07_02_09:54:18"
"TP_LA_457",457,"LA","T_LA_602","LA_17","C_EGD_1058","Prosecutor",0,"LEM","05_07_02_09:27:43","LEM","05_07_02_09:32:04"
"TP_LA_458",458,"LA","T_LA_602","LA_1201","C_EGD_1058","Prosecutor",0,"LEM","05_07_02_09:29:09","LEM","05_07_02_09:30:05"
"TP_LA_459",459,"LA","T_LA_602","LA_176","C_EGD_1058","Defence",0,"LEM","05_07_02_09:59:03","LEM","05_07_02_09:59:16"
"TP_LA_46",46,"LA","T_LA_37","LA_53","C_LA_2638","Chancellor",0,"LEM","05_22_01_12:47:30","LEM","05_22_01_12:49:18"
"TP_LA_460",460,"LA","T_LA_602","LA_10","C_EGD_1058","Cited_authority",0,"LEM","05_07_02_09:59:17","LEM","05_07_02_09:59:30"
"TP_LA_47",47,"LA","T_LA_38","LA_53","C_EGD_180","Chancellor",0,"LEM","05_22_01_12:56:05","LEM","05_22_01_12:56:14"
"TP_LA_48",48,"LA","T_LA_37","LA_12","C_LA_2638","Prosecutor",0,"LEM","05_22_01_12:56:25","LEM","05_22_01_12:56:33"
"TP_LA_49",49,"LA","T_LA_40","LA_12","C_EGD_183","Prosecutor",0,"LEM","05_22_01_14:37:39","LEM","05_22_01_14:37:42"
"TP_LA_5",5,"LA","T_LA_1","LA_11","C_EGD_160","Chancellor_of_Assize",0,"LEM","05_17_01_10:18:49","LEM","05_17_01_10:19:10"
"TP_LA_50",50,"LA","T_LA_40","LA_54","C_EGD_183","Defence_advocate",0,"LEM","05_22_01_14:37:43","LEM","05_22_01_14:38:17"
"TP_LA_51",51,"LA","T_LA_40","LA_55","C_EGD_183","Defence_advocate",0,"LEM","05_22_01_14:38:20","LEM","05_22_01_14:38:40"
"TP_LA_52",52,"LA","T_LA_40","LA_10","C_EGD_183","Demonologist",0,"LEM","05_22_01_15:08:53","LEM","06_04_01_11:23:01"
"TP_LA_529",529,"LA","T_LA_1003","LA_1252","C_EGD_1268","Judge",0,"LEM","06_17_02_11:31:37","LEM","06_17_02_11:33:00"
"TP_LA_53",53,"LA","T_LA_40","LA_56","C_EGD_183","Cited_authority",0,"LEM","05_22_01_15:10:51","LEM","05_22_01_15:10:59"
"TP_LA_530",530,"LA","T_LA_1003","JO_1253","C_EGD_1268","Judge",0,"LEM","06_17_02_11:33:12","jhm","11_12_03_14:22:46"
"TP_LA_531",531,"LA","T_LA_1003","LA_938","C_EGD_1268","Chancellor",0,"LEM","06_17_02_11:34:10","LEM","06_17_02_11:34:24"
"TP_LA_532",532,"LA","T_LA_1012","LA_1054","C_EGD_1278","Judge",0,"LEM","06_17_02_11:42:46","LEM","06_17_02_11:42:57"
"TP_LA_533",533,"LA","T_LA_1012","JO_1253","C_EGD_1278","Judge",0,"LEM","06_17_02_11:43:00","jhm","11_12_03_14:22:46"
"TP_LA_534",534,"LA","T_LA_1014","LA_1254","C_EGD_1278","Prosecutor",0,"LEM","06_17_02_11:45:38","LEM","06_17_02_11:46:47"
"TP_LA_535",535,"LA","T_LA_1403","LA_1256","C_LA_3047","Judge",0,"LEM","06_17_02_15:53:52","LEM","06_17_02_15:54:53"
"TP_LA_536",536,"LA","T_LA_1405","LA_1257","C_EGD_2478","Prosecutor",0,"LEM","06_17_02_16:21:40","LEM","06_17_02_16:23:36"
"TP_LA_537",537,"LA","T_LA_1405","LA_1258","C_EGD_2478","Chancellor",0,"LEM","06_17_02_16:23:36","LEM","06_17_02_16:35:57"
"TP_LA_538",538,"LA","T_LA_1409","LA_1259","C_EGD_2212","Chancellor",0,"LEM","06_19_02_12:11:45","LEM","06_19_02_12:19:04"
"TP_LA_539",539,"LA","T_LA_1409","LA_1260","C_EGD_2212","Judge",0,"LEM","06_19_02_12:19:04","LEM","06_19_02_12:31:36"
"TP_LA_54",54,"LA","T_LA_40","LA_57","C_EGD_183","Demonologist",0,"LEM","05_22_01_15:11:37","LEM","06_04_01_11:23:43"
"TP_LA_540",540,"LA","T_LA_1410","LA_77","C_EGD_2220","Judge",0,"LEM","06_19_02_13:57:10","LEM","06_19_02_13:58:21"
"TP_LA_541",541,"LA","T_LA_1410","LA_1057","C_EGD_2220","Prosecutor",0,"LEM","06_19_02_13:58:29","LEM","06_19_02_13:58:37"
"TP_LA_55",55,"LA","T_LA_40","LA_58","C_EGD_183","Expert_Witness",0,"LEM","05_22_01_15:13:47","LEM","05_22_01_15:14:02"
"TP_LA_56",56,"LA","T_LA_40","LA_59","C_EGD_183","Expert_Witness",0,"LEM","05_22_01_15:14:06","LEM","05_22_01_15:14:24"
"TP_LA_561",561,"LA","T_LA_172","LA_176","C_EGD_124","Prosecutor",0,"LEM","07_24_02_13:19:41","LEM","07_24_02_13:19:49"
"TP_LA_562",562,"LA","T_LA_172","LA_1366","C_EGD_124","Chancellor",0,"LEM","07_24_02_13:19:57","LEM","07_24_02_13:20:13"
"TP_LA_563",563,"LA","T_LA_903","LA_1413","C_EGD_40","Prosecutor",0,"LEM","08_05_02_09:59:28","LEM","08_05_02_09:59:49"
"TP_LA_564",564,"LA","T_JO_592","LA_1110","C_EGD_2444","Prosecutor",0,"LEM","08_14_02_14:47:54","jhm","12_15_03_14:07:25"
"TP_LA_565",565,"LA","T_JO_1696","LA_1110","C_EGD_2446","Prosecutor",0,"LEM","08_14_02_14:50:18","jhm","12_15_03_14:07:25"
"TP_LA_566",566,"LA","T_JO_1699","LA_1110","C_EGD_831","Prosecutor",0,"LEM","08_14_02_14:54:22","jhm","12_15_03_14:07:25"
"TP_LA_567",567,"LA","T_LA_1813","LA_1110","C_EGD_2452","Prosecutor",0,"LEM","08_14_02_15:00:33","jhm","12_15_03_14:07:25"
"TP_LA_568",568,"LA","T_LA_1814","LA_1110","C_EGD_2536","Prosecutor",0,"LEM","08_14_02_15:04:15","jhm","12_15_03_14:07:25"
"TP_LA_569",569,"LA","T_LA_1815","LA_1110","C_EGD_2537","Prosecutor",0,"LEM","08_14_02_15:06:20","jhm","12_15_03_14:07:25"
"TP_LA_57",57,"LA","T_LA_40","LA_60","C_EGD_183","Cited_authority",0,"LEM","05_22_01_15:14:42","LEM","05_22_01_15:21:00"
"TP_LA_570",570,"LA","T_LA_1820","LA_1462","C_EGD_152","Chancellor",0,"LEM","08_20_02_14:04:20","LEM","08_20_02_14:05:03"
"TP_LA_571",571,"LA","T_LA_53","LA_68","C_EGD_153","Prosecutor",0,"LEM","08_20_02_14:08:21","LEM","08_20_02_14:08:38"
"TP_LA_572",572,"LA","T_LA_53","LA_1463","C_EGD_153","Defence",0,"LEM","08_20_02_14:08:42","LEM","08_20_02_14:09:29"
"TP_LA_573",573,"LA","T_LA_53","LA_176","C_EGD_153","Defence",0,"LEM","08_20_02_14:09:33","LEM","08_20_02_14:09:35"
"TP_LA_574",574,"LA","T_LA_53","LA_1464","C_EGD_153","Defence",0,"LEM","08_20_02_14:09:39","LEM","08_20_02_14:10:06"
"TP_LA_575",575,"LA","T_LA_53","LA_1465","C_EGD_153","Defence",0,"LEM","08_20_02_14:10:13","LEM","08_20_02_14:10:28"
"TP_LA_576",576,"LA","T_LA_53","LA_1466","C_EGD_153","Defence",0,"LEM","08_20_02_14:10:40","LEM","08_20_02_14:11:06"
"TP_LA_577",577,"LA","T_LA_54","LA_68","C_EGD_154","Prosecutor",0,"LEM","08_20_02_14:18:35","LEM","08_20_02_14:18:45"
"TP_LA_578",578,"LA","T_LA_54","LA_1463","C_EGD_154","Defence",0,"LEM","08_20_02_14:18:49","LEM","08_20_02_14:18:59"
"TP_LA_579",579,"LA","T_LA_54","LA_176","C_EGD_154","Defence",0,"LEM","08_20_02_14:19:10","LEM","08_20_02_14:19:12"
"TP_LA_58",58,"LA","T_LA_40","LA_61","C_EGD_183","Expert_Witness",0,"LEM","05_22_01_15:21:51","LEM","05_22_01_15:22:10"
"TP_LA_580",580,"LA","T_LA_54","LA_1464","C_EGD_154","Defence",0,"LEM","08_20_02_14:19:16","LEM","08_20_02_14:19:23"
"TP_LA_581",581,"LA","T_LA_54","LA_1465","C_EGD_154","Defence",0,"LEM","08_20_02_14:19:25","LEM","08_20_02_14:19:42"
"TP_LA_582",582,"LA","T_LA_54","LA_1466","C_EGD_154","Defence",0,"LEM","08_20_02_14:19:45","LEM","08_20_02_14:19:52"
"TP_LA_583",583,"LA","T_LA_1937","LA_1515","C_LA_3277","Prosecutor",0,"LEM","08_28_02_20:53:46","LEM","08_28_02_20:54:33"
"TP_LA_584",584,"LA","T_LA_1937","LA_1516","C_LA_3277","Chancellor",0,"LEM","08_28_02_20:54:50","LEM","08_28_02_20:55:28"
"TP_LA_585",585,"LA","T_LA_1617","LA_1066","C_LA_3135","Chancellor",0,"LEM","09_12_02_12:31:49","LEM","09_12_02_12:31:52"
"TP_LA_586",586,"LA","T_JO_611","LA_347","C_EGD_693","Prosecutor",0,"LEM","11_06_02_15:30:16","LEM","11_06_02_15:30:51"
"TP_LA_587",587,"LA","T_JO_609","LA_347","C_EGD_691","Prosecutor",0,"LEM","11_06_02_15:39:59","LEM","11_06_02_15:40:07"
"TP_LA_59",59,"LA","T_LA_40","LA_62","C_EGD_183","Prosecutor",0,"LEM","05_22_01_15:29:05","LEM","05_22_01_15:29:58"
"TP_LA_6",6,"LA","T_LA_1","LA_12","C_EGD_160","Prosecutor",0,"LEM","05_17_01_10:19:35","LEM","05_17_01_10:24:47"
"TP_LA_61",61,"LA","T_LA_40","LA_47","C_EGD_183","Expert_Witness",0,"LEM","05_22_01_15:43:43","LEM","05_22_01_15:43:52"
"TP_LA_62",62,"LA","T_LA_40","LA_63","C_EGD_183","Expert_Witness",0,"LEM","05_22_01_15:44:09","LEM","05_22_01_15:44:19"
"TP_LA_63",63,"LA","T_LA_40","LA_67","C_EGD_183","Chancellor",0,"LEM","05_22_01_15:46:00","LEM","05_22_01_15:47:13"
"TP_LA_64",64,"LA","T_LA_40","LA_29","C_EGD_183","Prosecutor",0,"LEM","05_22_01_15:49:12","LEM","05_22_01_15:49:15"
"TP_LA_65",65,"LA","T_LA_57","LA_68","C_EGD_156","Prosecutor",0,"LEM","06_07_01_14:39:54","LEM","06_07_01_14:42:50"
"TP_LA_66",66,"LA","T_LA_57","LA_69","C_EGD_156","Prosecutor",0,"LEM","06_07_01_14:42:52","LEM","06_07_01_14:46:25"
"TP_LA_67",67,"LA","T_LA_57","LA_70","C_EGD_156","Prosecutor",0,"LEM","06_07_01_14:46:26","LEM","06_07_01_14:47:16"
"TP_LA_68",68,"LA","T_LA_57","LA_71","C_EGD_156","Defence",0,"LEM","06_07_01_14:50:21","LEM","06_07_01_14:51:30"
"TP_LA_69",69,"LA","T_LA_57","LA_72","C_EGD_156","Defence",0,"LEM","06_07_01_14:52:02","LEM","06_07_01_14:53:27"
"TP_LA_7",7,"LA","T_LA_1","LA_13","C_EGD_160","Prosecutor",0,"LEM","05_17_01_10:24:54","LEM","05_17_01_10:26:00"
"TP_LA_70",70,"LA","T_LA_57","LA_73","C_EGD_156","Defence",0,"LEM","06_07_01_14:57:56","LEM","06_07_01_14:58:01"
"TP_LA_71",71,"LA","T_LA_57","LA_74","C_EGD_156","Defence",0,"LEM","06_07_01_14:59:03","LEM","06_07_01_15:18:07"
"TP_LA_72",72,"LA","T_LA_57","LA_39","C_EGD_156","Demonologist",0,"LEM","06_07_01_15:18:09","LEM","06_07_01_15:18:15"
"TP_LA_73",73,"LA","T_LA_74","LA_75","C_EGD_905","Commissioner",0,"LEM","06_07_01_15:50:39","LEM","06_07_01_15:50:58"
"TP_LA_74",74,"LA","T_LA_74","LA_76","C_EGD_905","Commissioner",0,"LEM","06_07_01_15:51:03","LEM","06_07_01_15:51:21"
"TP_LA_75",75,"LA","T_LA_74","LA_77","C_EGD_905","Commissioner",0,"LEM","06_07_01_15:51:25","LEM","06_07_01_15:51:56"
"TP_LA_76",76,"LA","T_LA_74","LA_78","C_EGD_905","Commissioner",0,"LEM","06_07_01_15:51:59","LEM","06_07_01_15:52:24"
"TP_LA_77",77,"LA","T_LA_74","LA_79","C_EGD_905","Commissioner",0,"LEM","06_07_01_15:52:43","LEM","06_07_01_15:53:14"
"TP_LA_78",78,"LA","T_LA_74","LA_80","C_EGD_905","Witchcraft_acquired_from",0,"LEM","06_07_01_15:57:11","LEM","06_07_01_15:57:39"
"TP_LA_79",79,"LA","T_LA_57","LA_82","C_EGD_156","Legal_Authority",0,"LEM","06_08_01_10:04:38","LEM","06_08_01_10:11:34"
"TP_LA_8",8,"LA","T_LA_1","LA_14","C_EGD_160","Defence",0,"LEM","05_17_01_10:26:03","LEM","05_17_01_10:29:10"
"TP_LA_80",80,"LA","T_LA_57","LA_86","C_EGD_156","Justice_Officer",0,"LEM","06_08_01_12:04:04","LEM","06_08_01_12:05:27"
"TP_LA_81",81,"LA","T_LA_57","LA_87","C_EGD_156","Chancellor",0,"LEM","06_08_01_12:05:28","LEM","06_08_01_12:07:23"
"TP_LA_82",82,"LA","T_LA_57","LA_89","C_EGD_156","Witchcraft_precedent",0,"LEM","06_08_01_12:20:17","LEM","06_08_01_12:21:02"
"TP_LA_83",83,"LA","T_LA_57","LA_90","C_EGD_156","Witchcraft_precedent",0,"LEM","06_08_01_12:21:03","LEM","06_08_01_12:21:20"
"TP_LA_84",84,"LA","T_LA_57","LA_91","C_EGD_156","Witchcraft_precedent",0,"LEM","06_08_01_12:21:23","LEM","06_08_01_12:28:15"
"TP_LA_85",85,"LA","T_LA_10","LA_96","C_EGD_162","Witchcraft_precedent",0,"LEM","06_11_01_15:52:59","LEM","06_11_01_15:53:37"
"TP_LA_86",86,"LA","T_LA_58","LA_68","C_EGD_157","Prosecutor",0,"LEM","06_12_01_09:36:51","LEM","06_12_01_09:37:04"
"TP_LA_87",87,"LA","T_LA_83","LA_100","C_EGD_1094","Chancellor",0,"LEM","06_12_01_12:33:01","LEM","06_12_01_12:33:49"
"TP_LA_88",88,"LA","T_LA_83","LA_12","C_EGD_1094","Prosecutor",0,"LEM","06_12_01_12:33:57","LEM","06_12_01_12:34:00"
"TP_LA_89",89,"LA","T_LA_15","LA_109","C_EGD_166","Chancellor",0,"LEM","06_12_01_16:07:50","LEM","06_12_01_16:08:35"
"TP_LA_9",9,"LA","T_LA_1","LA_15","C_EGD_160","Defence",0,"LEM","05_17_01_10:26:52","LEM","05_17_01_10:29:18"
"TP_LA_90",90,"LA","T_LA_88","LA_115","C_EGD_167","Prosecutor",0,"LEM","06_13_01_12:19:22","LEM","06_13_01_12:20:27"
"TP_LA_91",91,"LA","T_LA_88","LA_116","C_EGD_167","Chancellor",0,"LEM","06_13_01_12:22:58","LEM","06_13_01_12:23:16"
"TP_LA_92",92,"LA","T_LA_89","LA_118","C_EGD_833","Judge",0,"LEM","06_13_01_13:22:43","LEM","06_13_01_13:23:12"
"TP_LA_97",97,"LA","T_LA_104","LA_139","C_EGD_173","Defence",0,"LEM","06_15_01_10:43:40","LEM","06_15_01_10:44:02"
"TP_LA_98",98,"LA","T_LA_104","LA_18","C_EGD_173","Defence_advocate",0,"LEM","06_15_01_10:44:27","LEM","06_15_01_10:45:02"
"TP_LA_99",99,"LA","T_LA_104","LA_17","C_EGD_173","Defence_advocate",0,"LEM","06_15_01_10:44:35","LEM","06_15_01_10:45:05"
