MoveRef,MoveSystemId,MoveID,Trialref,Moveto,Moveexists,Movedate,Movedate_as_date,Createdby,Createdate,Lastupdatedby,Lastupdatedon
"HLA_JO_10","JO",10,"T_JO_342","Bishop",1,"17_5_1632","05_17_32_00:00:00","jhm","07_04_01_13:35:08","jhm","07_04_01_13:35:18"
"HLA_JO_100","JO",100,"T_JO_1689","Presbytery",1,"22_2_1603","02_22_03_00:00:00","jhm","08_02_02_11:37:27","jhm","08_02_02_11:38:18"
"HLA_JO_101","JO",101,"T_JO_1690","Presbytery",1,"22_12_1603","12_22_03_00:00:00","jhm","08_02_02_11:50:21","jhm","08_02_02_11:50:34"
"HLA_JO_102","JO",102,"T_JO_1691","Presbytery",1,"2_12_1603","12_02_03_00:00:00","jhm","08_02_02_11:53:29","jhm","08_02_02_11:53:42"
"HLA_JO_103","JO",103,"T_JO_1692","Presbytery",1,"15_12_1603","12_15_03_00:00:00","jhm","08_02_02_11:55:54","jhm","08_02_02_11:57:56"
"HLA_JO_104","JO",104,"T_JO_1693","Presbytery",1,"12_1_1604","01_12_04_00:00:00","jhm","08_02_02_12:02:54","jhm","08_02_02_12:03:02"
"HLA_JO_105","JO",105,"T_JO_1694","Presbytery",1,"21_7_1675","07_21_75_00:00:00","jhm","08_02_02_14:12:56","jhm","08_02_02_14:13:08"
"HLA_JO_106","JO",106,"T_JO_1694","Local_magistrate",1,"15_9_1675","09_15_75_00:00:00","jhm","08_02_02_14:13:08","jhm","08_02_02_14:13:46"
"HLA_JO_11","JO",11,"T_JO_343","Bishop",1,"24_1_1633","01_24_33_00:00:00","jhm","07_04_01_13:46:56","jhm","07_04_01_13:47:09"
"HLA_JO_118","JO",118,"T_JO_1951","Presbytery",1,"12_1663","12_01_63_00:00:00","jhm","09_04_02_10:02:23","jhm","09_04_02_10:02:36"
"HLA_JO_119","JO",119,"T_JO_1952","Presbytery",1,"12_1663","12_01_63_00:00:00","jhm","09_04_02_10:08:20","jhm","09_04_02_10:08:27"
"HLA_JO_12","JO",12,"T_JO_369","Synod",1,"6_11_1649","11_06_49_00:00:00","jhm","07_09_01_10:51:40","jhm","07_09_01_10:52:05"
"HLA_JO_13","JO",13,"T_JO_433","Presbytery",1,"10_9_1657","09_10_57_00:00:00","jhm","07_17_01_15:27:30","jhm","07_17_01_15:27:44"
"HLA_JO_14","JO",14,"T_JO_433","Bailie",1,"16_11_1657","11_16_57_00:00:00","jhm","07_17_01_15:55:17","jhm","11_13_02_14:13:24"
"HLA_JO_15","JO",15,"T_JO_510","Presbytery",1,"23_12_1612","12_23_12_00:00:00","jhm","07_23_01_12:16:32","jhm","07_23_01_12:16:45"
"HLA_JO_16","JO",16,"T_JO_511","Local_sheriff",1,"10_1_1616","01_10_16_00:00:00","jhm","07_23_01_13:42:36","jhm","07_23_01_13:43:00"
"HLA_JO_17","JO",17,"T_LA_354","Bailie",1,"5_6_1622","06_05_22_00:00:00","jhm","07_23_01_15:43:01","jhm","11_13_02_14:13:38"
"HLA_JO_18","JO",18,"T_LA_353","Bailie",1,"5_6_1622","06_05_22_00:00:00","jhm","07_23_01_15:48:35","jhm","11_13_02_14:13:53"
"HLA_JO_19","JO",19,"T_JO_574","Burgh_Council",1,"17_5_1649","05_17_49_00:00:00","jhm","07_31_01_12:08:50","jhm","07_31_01_12:09:17"
"HLA_JO_20","JO",20,"T_JO_593","Presbytery",1,"5_1692","05_01_92_00:00:00","jhm","08_13_01_11:27:34","jhm","08_13_01_11:28:40"
"HLA_JO_21","JO",21,"T_JO_639","Local_sheriff",1,"31_12_1661","12_31_61_00:00:00","jhm","08_29_01_11:00:56","jhm","08_29_01_11:01:17"
"HLA_JO_22","JO",22,"T_JO_795","Local_magistrate",1,"3_10_1649","10_03_49_00:00:00","jhm","09_06_01_12:40:15","jhm","09_06_01_12:40:40"
"HLA_JO_220","JO",220,"T_JO_1468","Archbishop",1,,,"jhm","09_17_02_11:51:15","jhm","09_17_02_11:51:23"
"HLA_JO_221","JO",221,"T_LA_154","Archbishop",1,,,"jhm","10_02_02_14:41:29","jhm","10_02_02_14:41:32"
"HLA_JO_222","JO",222,"T_LA_1096","Presbytery",1,,,"jhm","10_03_02_16:05:49","jhm","10_03_02_16:05:53"
"HLA_JO_224","JO",224,"T_LA_2001","Presbytery",1,,,"jhm","10_23_02_12:11:32","jhm","10_23_02_12:11:36"
"HLA_JO_225","JO",225,"T_LA_2000","Presbytery",1,,,"jhm","10_23_02_12:14:23","jhm","10_23_02_12:14:26"
"HLA_JO_226","JO",226,"T_LA_1998","Presbytery",1,,,"jhm","10_23_02_12:15:51","jhm","10_23_02_12:15:55"
"HLA_JO_227","JO",227,"T_LA_1999","Presbytery",1,,,"jhm","10_23_02_12:17:38","jhm","10_23_02_12:17:41"
"HLA_JO_228","JO",228,"T_LA_1997","Presbytery",1,,,"jhm","10_23_02_12:19:37","jhm","10_23_02_12:19:41"
"HLA_JO_229","JO",229,"T_JO_366","Presbytery",1,,,"jhm","10_23_02_12:38:54","jhm","10_23_02_12:38:59"
"HLA_JO_23","JO",23,"T_JO_796","Local_laird",1,"4_1647","04_01_47_00:00:00","jhm","09_07_01_11:42:48","jhm","09_07_01_12:08:42"
"HLA_JO_230","JO",230,"T_LA_2055","Presbytery",1,,,"jhm","10_23_02_13:58:38","jhm","10_23_02_13:58:43"
"HLA_JO_231","JO",231,"T_JO_538","Presbytery",1,,,"jhm","10_23_02_14:47:16","jhm","10_23_02_14:47:20"
"HLA_JO_232","JO",232,"T_JO_534","Local_laird",1,"27_2_1650","02_27_50_00:00:00","jhm","10_24_02_12:50:10","jhm","10_24_02_12:50:32"
"HLA_JO_233","JO",233,"T_JO_1396","Presbytery",1,,,"jhm","10_25_02_16:39:42","jhm","10_25_02_16:39:47"
"HLA_JO_234","JO",234,"T_JO_1421","Presbytery",1,,,"jhm","10_25_02_17:15:12","jhm","10_25_02_17:15:17"
"HLA_JO_236","JO",236,"T_LA_1565","Justice_of_the_Peace",1,,,"jhm","11_04_02_12:47:55","jhm","11_04_02_12:47:59"
"HLA_JO_24","JO",24,"T_JO_797","Local_laird",1,"4_1647","04_01_47_00:00:00","jhm","09_07_01_12:51:33","jhm","09_07_01_12:51:42"
"HLA_JO_25","JO",25,"T_JO_870","Bailie",1,"24_4_1706","04_24_06_00:00:00","jhm","09_25_01_12:17:49","jhm","11_13_02_14:14:19"
"HLA_JO_26","JO",26,"T_JO_872","Kirk_Session",1,"7_1659","07_01_59_00:00:00","jhm","10_03_01_10:13:26","jhm","10_03_01_10:13:39"
"HLA_JO_27","JO",27,"T_JO_873","Local_sheriff",1,"31_5_1692","05_31_92_00:00:00","jhm","10_03_01_10:27:30","jhm","10_03_01_10:27:56"
"HLA_JO_28","JO",28,"T_JO_966","Local_sheriff",1,"6_3_1700","03_06_00_00:00:00","jhm","10_10_01_15:08:58","jhm","10_10_01_15:10:42"
"HLA_JO_29","JO",29,"T_JO_967","Presbytery",1,"27_2_1705","02_27_05_00:00:00","jhm","10_10_01_15:26:00","jhm","10_10_01_15:26:29"
"HLA_JO_31","JO",31,"T_JO_1077","Local_sheriff",1,"29_1_1706","01_29_06_00:00:00","jhm","10_23_01_10:47:32","jhm","10_23_01_10:47:51"
"HLA_JO_32","JO",32,"T_JO_1135","Local_sheriff",1,"30_11_1698","11_30_98_00:00:00","jhm","12_04_01_15:46:02","jhm","12_04_01_15:46:25"
"HLA_JO_33","JO",33,"T_JO_1137","Burgh_Council",1,"29_1_1650","01_29_50_00:00:00","jhm","12_05_01_13:31:35","jhm","12_05_01_13:32:05"
"HLA_JO_34","JO",34,"T_JO_1138","Burgh_Council",1,"27_11_1649","11_27_49_00:00:00","jhm","12_05_01_13:42:26","jhm","12_05_01_13:44:28"
"HLA_JO_35","JO",35,"T_JO_1139","Local_magistrate",1,"2_7_1650","07_02_50_00:00:00","jhm","12_05_01_13:49:06","jhm","12_05_01_13:50:10"
"HLA_JO_36","JO",36,"T_JO_1140","Local_magistrate",1,"15_4_1650","04_15_50_00:00:00","jhm","12_05_01_13:54:17","jhm","12_05_01_13:54:43"
"HLA_JO_37","JO",37,"T_JO_1144","Local_magistrate",1,"2_7_1650","07_02_50_00:00:00","jhm","12_06_01_10:41:53","jhm","12_06_01_10:42:24"
"HLA_JO_38","JO",38,"T_JO_1168","Local_sheriff",1,"18_2_1696","02_18_96_00:00:00","jhm","12_06_01_14:39:02","jhm","12_06_01_14:39:25"
"HLA_JO_39","JO",39,"T_JO_1182","Bishop",1,"25_5_1637","05_25_37_00:00:00","jhm","01_17_02_13:03:00","jhm","01_17_02_13:03:16"
"HLA_JO_4","JO",4,"T_JO_106","Bound_court",1,"25_7_1649","07_25_49_00:00:00","jhm","06_14_01_16:10:10","jhm","06_14_01_16:10:49"
"HLA_JO_40","JO",40,"T_JO_1257","Synod",1,"12_3_1650","03_12_50_00:00:00","jhm","03_04_02_12:18:44","jhm","03_04_02_12:18:58"
"HLA_JO_41","JO",41,"T_LA_1234","Local_sheriff",1,"12_11_1695","11_12_95_00:00:00","jhm","03_07_02_15:33:38","jhm","03_07_02_15:35:06"
"HLA_JO_42","JO",42,"T_JO_1271","Local_sheriff",1,"2_3_1719","03_02_19_00:00:00","jhm","04_17_02_09:27:56","jhm","04_17_02_09:28:24"
"HLA_JO_43","JO",43,"T_JO_1272","Local_sheriff",1,"2_3_1719","03_02_19_00:00:00","jhm","04_17_02_09:34:01","jhm","04_17_02_09:34:58"
"HLA_JO_44","JO",44,"T_JO_1273","Local_sheriff",1,"2_3_1719","03_02_19_00:00:00","jhm","04_17_02_09:37:47","jhm","04_17_02_09:38:40"
"HLA_JO_45","JO",45,"T_JO_1274","Local_sheriff",1,"2_3_1719","03_02_19_00:00:00","jhm","04_17_02_09:41:35","jhm","04_17_02_09:42:19"
"HLA_JO_46","JO",46,"T_JO_1275","Local_sheriff",1,"2_3_1719","03_02_19_00:00:00","jhm","04_17_02_09:44:54","jhm","04_17_02_09:45:05"
"HLA_JO_47","JO",47,"T_JO_1276","Local_sheriff",1,"2_3_1719","03_02_19_00:00:00","jhm","04_17_02_09:48:32","jhm","04_17_02_09:48:43"
"HLA_JO_48","JO",48,"T_JO_1281","Local_magistrate",1,"30_9_1724","09_30_24_00:00:00","jhm","04_17_02_13:34:18","jhm","04_17_02_13:34:45"
"HLA_JO_49","JO",49,"T_JO_1279","Local_magistrate",1,"6_1708","06_01_08_00:00:00","jhm","04_17_02_13:39:22","jhm","04_17_02_13:40:17"
"HLA_JO_5","JO",5,"T_JO_150","Synod",1,"24_4_1650","04_24_50_00:00:00","jhm","06_18_01_13:33:24","jhm","06_18_01_13:34:06"
"HLA_JO_50","JO",50,"T_JO_1277","Local_magistrate",1,"6_1708","06_01_08_00:00:00","jhm","04_17_02_13:40:20","jhm","04_17_02_13:40:51"
"HLA_JO_51","JO",51,"T_JO_1278","Local_magistrate",1,"6_1708","06_01_08_00:00:00","jhm","04_17_02_13:40:54","jhm","04_17_02_13:41:11"
"HLA_JO_52","JO",52,"T_JO_1280","Local_magistrate",1,"6_1708","06_01_08_00:00:00","jhm","04_17_02_13:41:14","jhm","04_17_02_13:45:52"
"HLA_JO_53","JO",53,"T_JO_1289","Presbytery",1,"27_4_1699","04_27_99_00:00:00","jhm","05_01_02_16:20:58","jhm","05_01_02_16:21:20"
"HLA_JO_54","JO",54,"T_JO_1290","Synod",1,"11_10_1697","10_11_97_00:00:00","jhm","05_01_02_16:40:27","jhm","05_01_02_16:40:43"
"HLA_JO_57","JO",57,"T_JO_1435","Local_magistrate",1,"10_6_1590","06_10_90_00:00:00","jhm","06_27_02_14:40:29","jhm","06_27_02_14:40:45"
"HLA_JO_58","JO",58,"T_JO_1436","Burgh_Council",1,"18_8_1590","08_18_90_00:00:00","jhm","06_27_02_15:29:43","jhm","06_27_02_15:29:58"
"HLA_JO_59","JO",59,"T_JO_1444","Local_sheriff",1,"25_3_1597","03_25_97_00:00:00","jhm","06_28_02_14:42:59","jhm","06_28_02_14:43:17"
"HLA_JO_6","JO",6,"T_JO_146","Synod",1,"1_5_1650","05_01_50_00:00:00","jhm","06_18_01_13:34:52","jhm","06_18_01_13:35:02"
"HLA_JO_60","JO",60,"T_JO_1460","Presbytery",1,"5_1630","05_01_30_00:00:00","jhm","07_02_02_14:00:24","jhm","07_02_02_14:52:13"
"HLA_JO_62","JO",62,"T_JO_1466","Bishop",1,"16_8_1615","08_16_15_00:00:00","jhm","07_03_02_13:44:51","jhm","07_03_02_13:45:11"
"HLA_JO_63","JO",63,"T_JO_1467","Bishop",1,"16_8_1615","08_16_15_00:00:00","jhm","07_03_02_13:49:33","jhm","07_03_02_13:49:42"
"HLA_JO_64","JO",64,"T_JO_1471","Local_magistrate",1,"5_1658","05_01_58_00:00:00","jhm","07_04_02_11:20:40","jhm","07_04_02_11:21:06"
"HLA_JO_65","JO",65,"T_JO_1514","Local_laird",1,"5_1649","05_01_49_00:00:00","jhm","07_11_02_10:30:24","jhm","07_11_02_10:30:43"
"HLA_JO_66","JO",66,"T_JO_1515","Local_laird",1,"6_1649","06_01_49_00:00:00","jhm","07_11_02_11:07:21","jhm","07_11_02_11:07:30"
"HLA_JO_67","JO",67,"T_JO_1534","Local_laird",1,"9_1649","09_01_49_00:00:00","jhm","07_11_02_15:06:16","jhm","07_11_02_15:06:23"
"HLA_JO_68","JO",68,"T_JO_1534","Presbytery",1,"9_1649","09_01_49_00:00:00","jhm","07_11_02_15:06:23","jhm","07_11_02_15:06:34"
"HLA_JO_69","JO",69,"T_JO_1535","Local_magistrate",1,"5_1649","05_01_49_00:00:00","jhm","07_11_02_16:02:49","jhm","07_11_02_16:11:43"
"HLA_JO_7","JO",7,"T_JO_149","Synod",1,"1_5_1650","05_01_50_00:00:00","jhm","06_18_01_13:36:58","jhm","06_18_01_13:37:09"
"HLA_JO_70","JO",70,"T_JO_1538","Synod",1,"30_3_1670","03_30_70_00:00:00","jhm","07_16_02_10:05:32","jhm","07_16_02_10:05:48"
"HLA_JO_71","JO",71,"T_JO_1538","Local_magistrate",1,"24_4_1670","04_24_70_00:00:00","jhm","07_16_02_10:05:48","jhm","07_16_02_10:06:02"
"HLA_JO_72","JO",72,"T_JO_1539","Local_magistrate",1,"4_1597","04_01_97_00:00:00","jhm","07_18_02_09:14:26","jhm","07_18_02_09:14:54"
"HLA_JO_73","JO",73,"T_JO_1540","Local_magistrate",1,"4_1597","04_01_97_00:00:00","jhm","07_18_02_09:40:12","jhm","07_18_02_09:40:26"
"HLA_JO_74","JO",74,"T_JO_1512","Local_magistrate",1,"4_1597","04_01_97_00:00:00","jhm","07_18_02_10:04:21","jhm","07_18_02_10:04:30"
"HLA_JO_76","JO",76,"T_JO_1635","Presbytery",1,"23_7_1649","07_23_49_00:00:00","jhm","07_22_02_12:19:08","jhm","07_22_02_12:19:17"
"HLA_JO_77","JO",77,"T_JO_1636","Presbytery",1,"23_7_1649","07_23_49_00:00:00","jhm","07_22_02_12:24:38","jhm","07_22_02_12:24:55"
"HLA_JO_78","JO",78,"T_JO_1637","Presbytery",1,"26_6_1649","06_26_49_00:00:00","jhm","07_22_02_12:29:46","jhm","07_22_02_12:30:00"
"HLA_JO_79","JO",79,"T_JO_1638","Presbytery",1,"5_12_1649","12_05_49_00:00:00","jhm","07_22_02_12:36:10","jhm","07_22_02_12:37:05"
"HLA_JO_8","JO",8,"T_JO_147","Synod",1,"1_5_1650","05_01_50_00:00:00","jhm","06_18_01_13:38:14","jhm","06_18_01_13:40:10"
"HLA_JO_80","JO",80,"T_JO_1642","Presbytery",1,"18_11_1649","11_18_49_00:00:00","jhm","07_22_02_14:33:12","jhm","07_22_02_14:33:24"
"HLA_JO_81","JO",81,"T_JO_1643","Presbytery",1,"18_11_1649","11_18_49_00:00:00","jhm","07_22_02_14:36:39","jhm","07_22_02_14:36:51"
"HLA_JO_82","JO",82,"T_JO_1644","Presbytery",1,"18_11_1649","11_18_49_00:00:00","jhm","07_22_02_14:41:06","jhm","07_22_02_14:41:14"
"HLA_JO_83","JO",83,"T_JO_1645","Presbytery",1,"18_11_1649","11_18_49_00:00:00","jhm","07_22_02_14:46:04","jhm","07_22_02_14:46:11"
"HLA_JO_84","JO",84,"T_JO_1646","Presbytery",1,"18_11_1649","11_18_49_00:00:00","jhm","07_22_02_14:49:19","jhm","07_22_02_14:49:29"
"HLA_JO_85","JO",85,"T_JO_1647","Presbytery",1,"18_11_1649","11_18_49_00:00:00","jhm","07_22_02_14:51:55","jhm","07_22_02_14:52:03"
"HLA_JO_86","JO",86,"T_JO_1648","Presbytery",1,"18_11_1649","11_18_49_00:00:00","jhm","07_22_02_14:55:05","jhm","07_22_02_14:55:17"
"HLA_JO_87","JO",87,"T_JO_1649","Presbytery",1,"18_11_1649","11_18_49_00:00:00","jhm","07_22_02_14:57:41","jhm","07_22_02_14:57:58"
"HLA_JO_88","JO",88,"T_JO_1650","Presbytery",1,"18_11_1649","11_18_49_00:00:00","jhm","07_22_02_15:01:42","jhm","07_22_02_15:01:55"
"HLA_JO_89","JO",89,"T_JO_1651","Presbytery",1,"18_11_1649","11_18_49_00:00:00","jhm","07_22_02_15:07:45","jhm","07_22_02_15:07:58"
"HLA_JO_9","JO",9,"T_JO_303","Bishop",1,"27_5_1613","05_27_13_00:00:00","jhm","07_02_01_10:48:38","jhm","07_02_01_10:48:53"
"HLA_JO_90","JO",90,"T_JO_1652","Presbytery",1,"14_12_1649","12_14_49_00:00:00","jhm","07_23_02_11:50:39","jhm","07_23_02_11:50:51"
"HLA_JO_91","JO",91,"T_JO_1191","Local_magistrate",1,"4_3_1647","03_04_47_00:00:00","jhm","08_01_02_12:22:44","jhm","08_01_02_12:23:46"
"HLA_JO_92","JO",92,"T_JO_1191","Provincial_assembly",1,"1_4_1647","04_01_47_00:00:00","jhm","08_01_02_12:31:33","jhm","08_01_02_12:32:18"
"HLA_JO_93","JO",93,"T_JO_1680","Presbytery",1,"14_1_1649","01_14_49_00:00:00","jhm","08_01_02_13:15:37","jhm","08_01_02_13:15:53"
"HLA_JO_94","JO",94,"T_JO_1681","Presbytery",1,"1_1_1649","01_01_49_00:00:00","jhm","08_01_02_13:22:57","jhm","08_01_02_13:23:05"
"HLA_JO_95","JO",95,"T_JO_1687","Presbytery",1,"13_7_1598","07_13_98_00:00:00","jhm","08_02_02_11:00:49","jhm","08_02_02_11:01:42"
"HLA_JO_96","JO",96,"T_JO_1686","Presbytery",1,"28_5_1590","05_28_90_00:00:00","jhm","08_02_02_11:01:49","jhm","08_02_02_11:02:04"
"HLA_JO_97","JO",97,"T_JO_1685","Presbytery",1,"15_3_1592","03_15_92_00:00:00","jhm","08_02_02_11:02:17","jhm","08_02_02_11:02:37"
"HLA_JO_98","JO",98,"T_JO_1684","Presbytery",1,"26_3_1590","03_26_90_00:00:00","jhm","08_02_02_11:02:50","jhm","08_02_02_11:05:52"
"HLA_JO_99","JO",99,"T_JO_1688","Presbytery",1,"22_2_1598","02_22_98_00:00:00","jhm","08_02_02_11:17:14","jhm","08_02_02_11:17:24"
"HLA_LA_1","LA",1,"T_LA_1","Presbytery",1,"22_4_1624","04_22_24_00:00:00","LEM","05_17_01_10:13:19","jhm","10_18_02_15:24:33"
"HLA_LA_107","LA",107,"T_LA_1890","Archbishop",1,,,"LEM","08_26_02_17:10:29","LEM","08_26_02_17:11:24"
"HLA_LA_108","LA",108,"T_LA_1897","Archbishop",1,,,"LEM","08_26_02_18:01:59","LEM","08_26_02_18:02:02"
"HLA_LA_109","LA",109,"T_LA_1896","Archbishop",1,,,"LEM","08_26_02_18:02:39","LEM","08_26_02_18:02:43"
"HLA_LA_110","LA",110,"T_LA_1895","Archbishop",1,,,"LEM","08_26_02_18:02:48","LEM","08_26_02_18:02:50"
"HLA_LA_111","LA",111,"T_LA_1888","Archbishop",1,,,"LEM","08_26_02_18:03:26","LEM","08_26_02_18:03:28"
"HLA_LA_112","LA",112,"T_LA_1886","Archbishop",1,,,"LEM","08_26_02_18:04:13","LEM","08_26_02_18:04:15"
"HLA_LA_113","LA",113,"T_LA_1883","Archbishop",1,,,"LEM","08_26_02_18:04:24","LEM","08_26_02_18:04:26"
"HLA_LA_114","LA",114,"T_LA_1898","Archbishop",1,,,"LEM","08_26_02_18:21:00","LEM","08_26_02_18:21:10"
"HLA_LA_115","LA",115,"T_LA_1899","Archbishop",1,,,"LEM","08_26_02_18:22:38","LEM","08_26_02_18:22:39"
"HLA_LA_116","LA",116,"T_LA_1900","Archbishop",1,,,"LEM","08_26_02_18:27:26","LEM","08_26_02_18:27:28"
"HLA_LA_117","LA",117,"T_LA_1901","Bishop",1,,,"LEM","08_26_02_18:34:55","LEM","08_26_02_18:34:59"
"HLA_LA_118","LA",118,"T_LA_1971","Presbytery",1,,,"LEM","09_02_02_12:21:52","LEM","09_02_02_12:21:57"
"HLA_LA_119","LA",119,"T_LA_1969","Presbytery",1,,,"LEM","09_02_02_12:22:19","LEM","09_02_02_12:22:22"
"HLA_LA_120","LA",120,"T_LA_1970","Presbytery",1,,,"LEM","09_02_02_12:22:37","LEM","09_02_02_12:22:39"
"HLA_LA_121","LA",121,"T_LA_1968","Presbytery",1,,,"LEM","09_02_02_12:23:19","LEM","09_02_02_12:23:23"
"HLA_LA_122","LA",122,"T_JO_787","Presbytery",1,,,"LEM","09_02_02_12:28:31","LEM","09_02_02_12:28:33"
"HLA_LA_123","LA",123,"T_LA_1974","Presbytery",1,,,"LEM","09_02_02_12:45:32","LEM","09_02_02_12:45:35"
"HLA_LA_124","LA",124,"T_LA_1973","Presbytery",1,,,"LEM","09_02_02_12:45:49","LEM","09_02_02_12:45:50"
"HLA_LA_125","LA",125,"T_LA_1972","Presbytery",1,,,"LEM","09_02_02_12:45:59","LEM","09_02_02_12:46:00"
"HLA_LA_126","LA",126,"T_LA_1975","Presbytery",1,,,"LEM","09_02_02_12:47:27","LEM","09_02_02_12:47:30"
"HLA_LA_127","LA",127,"T_LA_1976","Presbytery",1,,,"LEM","09_02_02_12:53:18","LEM","09_02_02_12:53:20"
"HLA_LA_128","LA",128,"T_JO_351","Presbytery",1,,,"LEM","09_02_02_13:07:19","LEM","09_02_02_13:07:21"
"HLA_LA_129","LA",129,"T_LA_1978","Presbytery",1,,,"LEM","09_03_02_11:36:09","LEM","09_03_02_11:36:11"
"HLA_LA_13","LA",13,"T_LA_445","Bishop",1,,,"LEM","07_18_01_12:44:00","LEM","07_18_01_12:44:09"
"HLA_LA_130","LA",130,"T_LA_1979","Presbytery",1,,,"LEM","09_03_02_11:42:11","LEM","09_03_02_11:42:13"
"HLA_LA_131","LA",131,"T_LA_1980","Presbytery",1,,,"LEM","09_03_02_11:44:31","LEM","09_03_02_11:44:33"
"HLA_LA_132","LA",132,"T_LA_1981","Presbytery",1,,,"LEM","09_03_02_11:46:57","LEM","09_03_02_11:46:59"
"HLA_LA_133","LA",133,"T_LA_1985","Presbytery",1,,,"LEM","09_03_02_12:03:45","LEM","09_03_02_12:03:47"
"HLA_LA_134","LA",134,"T_LA_1986","Presbytery",1,,,"LEM","09_03_02_12:06:26","LEM","09_03_02_12:06:28"
"HLA_LA_135","LA",135,"T_LA_1987","Presbytery",1,,,"LEM","09_03_02_12:10:53","LEM","09_03_02_12:10:55"
"HLA_LA_136","LA",136,"T_LA_1988","Presbytery",1,,,"LEM","09_03_02_12:12:52","LEM","09_03_02_12:12:54"
"HLA_LA_137","LA",137,"T_LA_1989","Presbytery",1,,,"LEM","09_03_02_12:22:37","LEM","09_03_02_12:22:39"
"HLA_LA_138","LA",138,"T_LA_1990","Presbytery",1,,,"LEM","09_03_02_12:25:19","LEM","09_03_02_12:25:21"
"HLA_LA_139","LA",139,"T_LA_1991","Presbytery",1,,,"LEM","09_03_02_12:28:08","LEM","09_03_02_12:28:10"
"HLA_LA_14","LA",14,"T_LA_477","Presbytery",1,,,"LEM","07_18_01_15:31:32","LEM","07_18_01_15:31:38"
"HLA_LA_140","LA",140,"T_LA_1992","Presbytery",1,,,"LEM","09_03_02_12:31:02","LEM","09_03_02_12:31:04"
"HLA_LA_141","LA",141,"T_JO_98","Presbytery",1,,,"LEM","09_03_02_12:35:21","LEM","09_03_02_12:35:22"
"HLA_LA_142","LA",142,"T_LA_1993","Presbytery",1,,,"LEM","09_03_02_12:38:28","LEM","09_03_02_12:38:30"
"HLA_LA_143","LA",143,"T_LA_1994","Presbytery",1,,,"LEM","09_03_02_12:39:42","LEM","09_03_02_12:39:43"
"HLA_LA_144","LA",144,"T_LA_1995","Presbytery",1,,,"LEM","09_03_02_12:42:19","LEM","09_03_02_12:42:21"
"HLA_LA_145","LA",145,"T_JO_1440","Presbytery",1,,,"LEM","09_03_02_13:22:54","LEM","09_03_02_13:22:56"
"HLA_LA_146","LA",146,"T_LA_2004","Presbytery",1,,,"LEM","09_03_02_14:23:08","LEM","09_03_02_14:23:13"
"HLA_LA_147","LA",147,"T_LA_2005","Presbytery",1,,,"LEM","09_03_02_14:30:03","LEM","09_03_02_14:30:05"
"HLA_LA_148","LA",148,"T_JO_361","Presbytery",1,,,"LEM","09_03_02_14:58:02","LEM","09_03_02_14:58:03"
"HLA_LA_149","LA",149,"T_JO_362","Presbytery",1,,,"LEM","09_03_02_15:00:37","LEM","09_03_02_15:00:38"
"HLA_LA_151","LA",151,"T_LA_2008","Presbytery",1,,,"LEM","09_03_02_16:31:42","LEM","09_03_02_16:31:44"
"HLA_LA_152","LA",152,"T_LA_2009","Presbytery",1,,,"LEM","09_03_02_16:33:10","LEM","09_03_02_16:33:33"
"HLA_LA_153","LA",153,"T_LA_2010","Presbytery",1,,,"LEM","09_03_02_16:37:39","LEM","09_03_02_16:37:40"
"HLA_LA_154","LA",154,"T_LA_2011","Presbytery",1,,,"LEM","09_03_02_16:43:18","LEM","09_03_02_16:43:21"
"HLA_LA_155","LA",155,"T_LA_2012","Presbytery",1,,,"LEM","09_03_02_16:47:59","LEM","09_03_02_16:48:01"
"HLA_LA_156","LA",156,"T_JO_367","Presbytery",1,,,"LEM","09_03_02_16:50:35","LEM","09_03_02_16:50:38"
"HLA_LA_157","LA",157,"T_LA_2013","Presbytery",1,,,"LEM","09_03_02_16:54:22","LEM","09_03_02_16:54:24"
"HLA_LA_158","LA",158,"T_LA_2014","Presbytery",1,,,"LEM","09_03_02_17:03:29","LEM","09_03_02_17:03:32"
"HLA_LA_159","LA",159,"T_LA_2016","Presbytery",1,,,"LEM","09_04_02_09:48:30","LEM","09_04_02_09:48:32"
"HLA_LA_160","LA",160,"T_LA_2017","Presbytery",1,,,"LEM","09_04_02_10:12:46","LEM","09_04_02_10:12:48"
"HLA_LA_161","LA",161,"T_LA_2018","Presbytery",1,,,"LEM","09_04_02_10:15:04","LEM","09_04_02_10:15:06"
"HLA_LA_162","LA",162,"T_LA_2056","Presbytery",1,,,"LEM","09_04_02_15:55:33","LEM","09_04_02_15:55:34"
"HLA_LA_163","LA",163,"T_LA_2057","Presbytery",1,,,"LEM","09_04_02_16:19:42","LEM","09_04_02_16:19:44"
"HLA_LA_164","LA",164,"T_LA_2058","Presbytery",1,,,"LEM","09_04_02_16:31:25","LEM","09_04_02_16:31:27"
"HLA_LA_165","LA",165,"T_JO_140","Presbytery",1,,,"LEM","09_04_02_16:38:14","LEM","09_04_02_16:38:15"
"HLA_LA_166","LA",166,"T_JO_139","Presbytery",1,,,"LEM","09_04_02_16:44:42","LEM","09_04_02_16:44:45"
"HLA_LA_167","LA",167,"T_LA_2059","Presbytery",1,,,"LEM","09_04_02_16:49:59","LEM","09_04_02_16:50:00"
"HLA_LA_168","LA",168,"T_LA_2060","Presbytery",1,,,"LEM","09_04_02_16:53:22","LEM","09_04_02_16:53:23"
"HLA_LA_169","LA",169,"T_LA_2061","Presbytery",1,,,"LEM","09_04_02_16:56:54","LEM","09_04_02_16:56:56"
"HLA_LA_170","LA",170,"T_LA_2062","Presbytery",1,,,"LEM","09_04_02_17:02:22","LEM","09_04_02_17:02:24"
"HLA_LA_171","LA",171,"T_LA_2063","Presbytery",1,,,"LEM","09_04_02_17:04:19","LEM","09_04_02_17:04:23"
"HLA_LA_172","LA",172,"T_JO_145","Presbytery",1,,,"LEM","09_04_02_17:08:37","LEM","09_04_02_17:08:41"
"HLA_LA_173","LA",173,"T_LA_2064","Presbytery",1,,,"LEM","09_05_02_10:25:19","LEM","09_05_02_10:25:21"
"HLA_LA_174","LA",174,"T_LA_2065","Presbytery",1,,,"LEM","09_05_02_10:26:42","LEM","09_05_02_10:26:44"
"HLA_LA_175","LA",175,"T_LA_2066","Presbytery",1,,,"LEM","09_05_02_10:30:03","LEM","09_05_02_10:30:04"
"HLA_LA_176","LA",176,"T_LA_2067","Presbytery",1,,,"LEM","09_05_02_10:43:45","LEM","09_05_02_10:44:32"
"HLA_LA_177","LA",177,"T_JO_574","Presbytery",1,,,"LEM","09_05_02_10:46:41","LEM","09_05_02_10:46:45"
"HLA_LA_178","LA",178,"T_LA_2068","Presbytery",1,,,"LEM","09_05_02_10:53:35","LEM","09_05_02_10:53:37"
"HLA_LA_179","LA",179,"T_LA_2074","Presbytery",1,,,"LEM","09_05_02_11:26:10","LEM","09_05_02_11:26:12"
"HLA_LA_180","LA",180,"T_LA_2075","Presbytery",1,,,"LEM","09_05_02_11:30:28","LEM","09_05_02_11:30:30"
"HLA_LA_181","LA",181,"T_LA_2076","Presbytery",1,,,"LEM","09_05_02_11:33:22","LEM","09_05_02_11:33:24"
"HLA_LA_182","LA",182,"T_LA_2077","Presbytery",1,,,"LEM","09_05_02_11:34:38","LEM","09_05_02_11:34:39"
"HLA_LA_183","LA",183,"T_LA_2078","Presbytery",1,,,"LEM","09_05_02_11:36:59","LEM","09_05_02_11:37:03"
"HLA_LA_184","LA",184,"T_LA_2079","Presbytery",1,,,"LEM","09_05_02_11:39:25","LEM","09_05_02_11:39:27"
"HLA_LA_185","LA",185,"T_LA_2080","Presbytery",1,,,"LEM","09_05_02_11:42:29","LEM","09_05_02_11:42:32"
"HLA_LA_186","LA",186,"T_LA_2081","Presbytery",1,,,"LEM","09_05_02_11:44:25","LEM","09_05_02_11:44:27"
"HLA_LA_187","LA",187,"T_LA_2082","Presbytery",1,,,"LEM","09_05_02_11:53:10","LEM","09_05_02_11:53:13"
"HLA_LA_188","LA",188,"T_LA_2083","Presbytery",1,,,"LEM","09_05_02_11:57:37","LEM","09_05_02_11:57:39"
"HLA_LA_189","LA",189,"T_LA_2084","Presbytery",1,,,"LEM","09_05_02_11:58:58","LEM","09_05_02_11:59:00"
"HLA_LA_190","LA",190,"T_LA_2085","Presbytery",1,,,"LEM","09_05_02_12:05:12","LEM","09_05_02_12:05:14"
"HLA_LA_191","LA",191,"T_LA_2086","Bishop",1,,,"LEM","09_05_02_13:41:39","LEM","09_05_02_13:41:46"
"HLA_LA_193","LA",193,"T_LA_2090","Archbishop",1,,,"LEM","09_05_02_14:15:53","LEM","09_05_02_14:16:08"
"HLA_LA_194","LA",194,"T_LA_2092","Bishop",1,,,"LEM","09_05_02_14:34:05","LEM","09_05_02_14:34:07"
"HLA_LA_195","LA",195,"T_LA_2093","Bishop",1,,,"LEM","09_05_02_14:37:57","LEM","09_05_02_14:38:00"
"HLA_LA_196","LA",196,"T_LA_2094","Bishop",1,,,"LEM","09_05_02_14:40:36","LEM","09_05_02_14:40:38"
"HLA_LA_197","LA",197,"T_LA_2100","Bishop",1,,,"LEM","09_05_02_15:18:42","LEM","09_05_02_15:18:45"
"HLA_LA_198","LA",198,"T_JO_1180","Archbishop",1,,,"LEM","09_05_02_15:24:13","LEM","09_05_02_15:24:18"
"HLA_LA_199","LA",199,"T_JO_1181","Archbishop",1,,,"LEM","09_05_02_15:26:01","LEM","09_05_02_15:26:02"
"HLA_LA_2","LA",2,"T_LA_10","Bishop",1,,,"LEM","05_18_01_12:47:35","LEM","05_18_01_12:47:46"
"HLA_LA_200","LA",200,"T_LA_2101","Archbishop",1,"11_1633","11_01_33_00:00:00","LEM","09_05_02_15:37:12","jhm","10_03_02_11:46:31"
"HLA_LA_201","LA",201,"T_LA_2102","Archbishop",1,,,"LEM","09_05_02_15:40:29","LEM","09_05_02_15:40:30"
"HLA_LA_202","LA",202,"T_LA_2103","Archbishop",1,,,"LEM","09_05_02_15:42:19","LEM","09_05_02_15:42:21"
"HLA_LA_203","LA",203,"T_LA_2104","Archbishop",1,,,"LEM","09_06_02_14:59:54","LEM","09_06_02_14:59:55"
"HLA_LA_204","LA",204,"T_LA_156","Archbishop",1,"1634","06_01_34_00:00:00","LEM","09_06_02_15:03:25","jhm","10_03_02_11:40:27"
"HLA_LA_205","LA",205,"T_LA_2105","Bishop",1,,,"LEM","09_06_02_15:09:38","LEM","09_06_02_15:09:41"
"HLA_LA_206","LA",206,"T_LA_2109","Bishop",1,,,"LEM","09_09_02_10:49:48","LEM","09_09_02_10:49:51"
"HLA_LA_207","LA",207,"T_LA_2110","Bishop",1,,,"LEM","09_09_02_10:51:23","LEM","09_09_02_10:51:27"
"HLA_LA_208","LA",208,"T_LA_2111","Bishop",1,,,"LEM","09_09_02_10:51:48","LEM","09_09_02_10:51:51"
"HLA_LA_209","LA",209,"T_LA_2113","Bishop",1,,,"LEM","09_09_02_11:00:39","LEM","09_09_02_11:00:40"
"HLA_LA_210","LA",210,"T_LA_2114","Archbishop",1,,,"LEM","09_09_02_11:07:44","LEM","10_07_02_11:01:23"
"HLA_LA_211","LA",211,"T_LA_2115","Bishop",1,,,"LEM","09_09_02_11:16:58","LEM","09_09_02_11:16:59"
"HLA_LA_212","LA",212,"T_LA_2116","Bishop",1,,,"LEM","09_09_02_11:30:38","LEM","09_09_02_11:30:40"
"HLA_LA_213","LA",213,"T_LA_2117","Bishop",1,,,"LEM","09_09_02_11:33:24","LEM","09_09_02_11:33:27"
"HLA_LA_214","LA",214,"T_LA_2118","Bishop",1,,,"LEM","09_09_02_11:36:21","LEM","09_09_02_11:36:23"
"HLA_LA_215","LA",215,"T_LA_2119","Bishop",1,,,"LEM","09_09_02_11:38:29","LEM","09_09_02_11:38:32"
"HLA_LA_216","LA",216,"T_LA_2126","Archbishop",1,,,"LEM","09_09_02_12:00:18","LEM","09_09_02_12:00:20"
"HLA_LA_217","LA",217,"T_LA_2129","Archbishop",1,,,"LEM","09_09_02_12:22:24","LEM","09_09_02_12:22:26"
"HLA_LA_218","LA",218,"T_LA_2135","Presbytery",1,,,"LEM","09_09_02_12:38:55","LEM","09_09_02_12:38:57"
"HLA_LA_219","LA",219,"T_LA_1006","Presbytery",1,,,"LEM","09_09_02_12:41:23","LEM","09_09_02_12:41:25"
"HLA_LA_22","LA",22,"T_LA_780","Bishop",1,,,"LEM","09_06_01_12:42:39","LEM","09_06_01_12:42:45"
"HLA_LA_221","LA",221,"T_LA_2134","Bishop",1,,,"LEM","10_07_02_10:33:30","LEM","10_07_02_10:33:35"
"HLA_LA_222","LA",222,"T_LA_2112","Archbishop",1,,,"LEM","10_07_02_11:15:10","LEM","10_07_02_11:15:14"
"HLA_LA_223","LA",223,"T_LA_2089","Archbishop",1,,,"LEM","10_07_02_11:40:34","LEM","10_07_02_11:40:37"
"HLA_LA_224","LA",224,"T_JO_375","Presbytery",1,,,"LEM","10_29_02_10:02:12","LEM","10_29_02_10:02:16"
"HLA_LA_225","LA",225,"T_JO_376","Presbytery",1,,,"LEM","10_29_02_10:03:05","LEM","10_29_02_10:03:08"
"HLA_LA_23","LA",23,"T_LA_800","Archbishop",1,,,"LEM","09_06_01_16:14:03","LEM","09_06_01_16:14:10"
"HLA_LA_235","LA",235,"T_JO_2117","Synod",1,,,"LEM","10_30_02_11:18:05","LEM","10_30_02_11:18:13"
"HLA_LA_236","LA",236,"T_JO_1143","Local_magistrate",1,,,"LEM","10_31_02_17:00:49","LEM","10_31_02_17:00:55"
"HLA_LA_237","LA",237,"T_JO_1142","Local_magistrate",1,,,"LEM","10_31_02_17:03:46","LEM","10_31_02_17:03:49"
"HLA_LA_238","LA",238,"T_JO_1141","Local_magistrate",1,,,"LEM","10_31_02_17:05:26","LEM","10_31_02_17:05:29"
"HLA_LA_239","LA",239,"T_JO_537","Local_magistrate",1,,,"LEM","11_01_02_11:31:09","LEM","11_01_02_11:31:12"
"HLA_LA_240","LA",240,"T_JO_531","Local_magistrate",1,,,"LEM","11_01_02_11:38:43","LEM","11_01_02_11:38:47"
"HLA_LA_241","LA",241,"T_JO_527","Presbytery",1,,,"LEM","11_01_02_14:03:22","LEM","11_01_02_14:03:25"
"HLA_LA_242","LA",242,"T_JO_532","Local_magistrate",1,,,"LEM","11_01_02_14:38:21","LEM","11_01_02_14:38:26"
"HLA_LA_243","LA",243,"T_JO_533","Local_laird",1,,,"LEM","11_01_02_14:39:57","LEM","11_01_02_14:40:00"
"HLA_LA_244","LA",244,"T_JO_348","Presbytery",1,,,"LEM","11_01_02_15:18:14","LEM","11_01_02_15:18:15"
"HLA_LA_245","LA",245,"T_JO_345","Local_magistrate",1,,,"LEM","11_01_02_15:22:23","LEM","11_01_02_15:22:28"
"HLA_LA_246","LA",246,"T_JO_344","Local_magistrate",1,,,"LEM","11_01_02_15:23:08","LEM","11_01_02_15:23:12"
"HLA_LA_247","LA",247,"T_JO_328","Local_laird",1,,,"LEM","11_01_02_15:30:50","LEM","11_01_02_15:30:52"
"HLA_LA_248","LA",248,"T_JO_326","Local_laird",1,,,"LEM","11_01_02_15:33:28","LEM","11_01_02_15:33:30"
"HLA_LA_249","LA",249,"T_JO_192","Local_magistrate",1,,,"LEM","11_01_02_15:49:59","LEM","11_01_02_15:50:02"
"HLA_LA_250","LA",250,"T_JO_191","Local_magistrate",1,,,"LEM","11_01_02_15:50:25","LEM","11_01_02_15:50:28"
"HLA_LA_251","LA",251,"T_LA_475","Bishop",1,,,"LEM","11_04_02_10:30:22","LEM","11_04_02_10:30:25"
"HLA_LA_252","LA",252,"T_LA_231","Bishop",1,,,"LEM","11_05_02_13:59:20","LEM","11_05_02_13:59:22"
"HLA_LA_253","LA",253,"T_LA_1126","Presbytery",1,,,"LEM","11_06_02_10:11:30","LEM","11_06_02_10:11:34"
"HLA_LA_254","LA",254,"T_LA_1126","Justice_of_the_Peace",1,,,"LEM","11_06_02_10:11:35","LEM","11_06_02_10:11:38"
"HLA_LA_28","LA",28,"T_LA_999","Archbishop",1,"13_4_1632","04_13_32_00:00:00","LEM","10_16_01_11:53:34","LEM","10_16_01_11:53:49"
"HLA_LA_29","LA",29,"T_LA_1056","Presbytery",1,"13_6_1649","06_13_49_00:00:00","LEM","10_19_01_15:32:00","LEM","10_19_01_15:32:15"
"HLA_LA_3","LA",3,"T_LA_74","Archbishop_of_Glasgow",1,,,"LEM","06_08_01_11:34:50","LEM","06_08_01_11:35:04"
"HLA_LA_56","LA",56,"T_LA_1404","Sheriff_Court",1,"6_6_1615","06_06_15_00:00:00","LEM","06_17_02_16:16:40","LEM","06_17_02_16:16:57"
"HLA_LA_65","LA",65,"T_LA_1501","Presbytery",1,,,"LEM","07_10_02_10:03:17","LEM","07_10_02_10:03:27"
"HLA_LA_66","LA",66,"T_JO_872","Presbytery",1,"1_1650","01_01_50_00:00:00","LEM","07_10_02_10:20:37","LEM","07_10_02_10:20:49"
"HLA_LA_67","LA",67,"T_LA_1502","Presbytery",1,,,"LEM","07_10_02_10:36:35","LEM","07_10_02_10:36:47"
"HLA_LA_68","LA",68,"T_LA_1503","Presbytery",1,,,"LEM","07_10_02_10:48:48","LEM","07_10_02_10:48:52"
"HLA_LA_69","LA",69,"T_LA_1504","Presbytery",1,,,"LEM","07_10_02_13:27:42","LEM","07_10_02_13:27:47"
"HLA_LA_70","LA",70,"T_LA_1505","Presbytery",1,,,"LEM","07_10_02_13:36:33","LEM","07_10_02_13:36:50"
"HLA_LA_71","LA",71,"T_LA_1506","Presbytery",1,,,"LEM","07_10_02_13:47:09","LEM","07_10_02_13:47:12"
"HLA_LA_72","LA",72,"T_LA_37","Presbytery",1,,,"LEM","07_10_02_14:21:42","LEM","07_10_02_14:21:46"
"HLA_LA_73","LA",73,"T_LA_157","Lord_Advocate",1,"23_11_1643","11_23_43_00:00:00","LEM","07_10_02_16:13:01","LEM","07_10_02_16:13:20"
"HLA_LA_74","LA",74,"T_LA_1129","Justice_of_the_Peace",1,"2_2_1658","02_02_58_00:00:00","LEM","07_15_02_10:08:57","LEM","07_15_02_10:09:14"
"HLA_LA_75","LA",75,"T_JO_204","Local_magistrate",1,"5_1_1659","01_05_59_00:00:00","LEM","07_18_02_17:04:26","LEM","07_18_02_17:05:04"
"HLA_LA_91","LA",91,"T_LA_1683","Lord_Justice_General",1,"27_11_1660","11_27_60_00:00:00","LEM","08_01_02_10:25:16","LEM","08_01_02_10:25:44"
"HLA_LA_92","LA",92,"T_LA_1727","Lord_Justice_General",1,"27_11_1660","11_27_60_00:00:00","LEM","08_01_02_10:28:54","LEM","08_01_02_10:29:06"
"HLA_LA_93","LA",93,"T_LA_1750","Local_laird",1,"24_7_1649","07_24_49_00:00:00","LEM","08_02_02_11:47:11","LEM","08_02_02_11:47:25"
"HLA_LA_94","LA",94,"T_LA_1750","Committee_of_Estates",1,"24_10_1650","10_24_50_00:00:00","LEM","08_02_02_11:47:29","LEM","08_02_02_11:47:48"
