OtherChargesRef,OtherChargesSystemId,OtherChargesID,CaseRef,OtherCharges_Type,Createdby,Createdate,Lastupdatedby,Lastupdatedon
"OC_JO_1","JO",1,"C_EGD_2120","Murder","jhm","05_16_01_17:06:53","jhm","05_16_01_17:06:55"
"OC_JO_100","JO",100,"C_JO_2784","Charming","jhm","07_02_01_10:49:47","jhm","07_02_01_10:49:48"
"OC_JO_101","JO",101,"C_JO_2784","Sorcery","jhm","07_02_01_10:49:53","jhm","07_02_01_10:49:59"
"OC_JO_102","JO",102,"C_EGD_1047","Charming","jhm","07_02_01_15:10:19","jhm","07_02_01_15:10:21"
"OC_JO_103","JO",103,"C_EGD_1030","Charming","jhm","07_02_01_15:58:21","jhm","07_02_01_15:58:24"
"OC_JO_104","JO",104,"C_EGD_1049","Charming","jhm","07_02_01_15:59:08","jhm","07_02_01_15:59:28"
"OC_JO_105","JO",105,"C_EGD_1048","Charming","jhm","07_02_01_16:06:10","jhm","07_02_01_16:06:11"
"OC_JO_106","JO",106,"C_EGD_1031","Charming","jhm","07_02_01_16:18:15","jhm","07_02_01_16:18:19"
"OC_JO_107","JO",107,"C_EGD_1032","Charming","jhm","07_02_01_16:26:28","jhm","07_02_01_16:27:10"
"OC_JO_108","JO",108,"C_EGD_1033","Charming","jhm","07_03_01_09:27:02","jhm","07_03_01_09:27:04"
"OC_JO_109","JO",109,"C_EGD_1034","Charming","jhm","07_03_01_09:39:07","jhm","07_03_01_09:39:10"
"OC_JO_110","JO",110,"C_JO_2786","Murder","jhm","07_03_01_10:52:07","jhm","07_03_01_10:52:19"
"OC_JO_111","JO",111,"C_JO_2785","Murder","jhm","07_03_01_11:00:37","jhm","07_03_01_11:00:39"
"OC_JO_117","JO",117,"C_JO_2796","Sorcery","jhm","07_05_01_10:12:46","jhm","07_05_01_10:12:51"
"OC_JO_118","JO",118,"C_JO_2797","Sorcery","jhm","07_05_01_10:18:32","jhm","07_05_01_10:18:36"
"OC_JO_119","JO",119,"C_EGD_400","Sorcery","jhm","07_09_01_15:43:31","jhm","07_09_01_15:43:36"
"OC_JO_120","JO",120,"C_EGD_396","Sorcery","jhm","07_10_01_15:31:40","jhm","07_10_01_15:32:14"
"OC_JO_142","JO",142,"C_EGD_1408","Charming","jhm","07_18_01_09:33:16","jhm","07_18_01_09:33:19"
"OC_JO_15","JO",15,"C_EGD_2121","Sorcery","jhm","06_05_01_15:14:33","jhm","06_05_01_15:14:39"
"OC_JO_184","JO",184,"C_JO_2843","Charming","jhm","07_23_01_12:13:20","jhm","07_23_01_12:13:23"
"OC_JO_185","JO",185,"C_EGD_912","Charming","jhm","07_23_01_15:38:23","jhm","07_23_01_15:38:25"
"OC_JO_186","JO",186,"C_EGD_2318","Charming","jhm","07_24_01_12:53:28","jhm","07_24_01_12:53:32"
"OC_JO_188","JO",188,"C_EGD_1859","Charming","jhm","07_30_01_10:12:53","jhm","07_30_01_10:12:57"
"OC_JO_189","JO",189,"C_JO_2856","Charming","jhm","07_30_01_10:23:04","jhm","07_30_01_10:23:06"
"OC_JO_190","JO",190,"C_EGD_2277","Charming","jhm","07_30_01_10:56:05","jhm","07_30_01_10:56:08"
"OC_JO_191","JO",191,"C_EGD_1861","Charming","jhm","07_31_01_11:51:40","jhm","07_31_01_11:51:44"
"OC_JO_192","JO",192,"C_EGD_1817","Charming","jhm","07_31_01_13:30:09","jhm","07_31_01_13:30:12"
"OC_JO_193","JO",193,"C_EGD_1862","Charming","jhm","07_31_01_14:48:30","jhm","07_31_01_14:48:30"
"OC_JO_194","JO",194,"C_EGD_2005","Charming","jhm","07_31_01_15:07:51","jhm","07_31_01_15:07:51"
"OC_JO_195","JO",195,"C_EGD_2388","Charming","jhm","07_31_01_16:15:37","jhm","07_31_01_16:15:39"
"OC_JO_196","JO",196,"C_EGD_1770","Cursing","jhm","08_16_01_09:26:48","jhm","08_16_01_09:26:51"
"OC_JO_197","JO",197,"C_EGD_1770","Charming","jhm","08_16_01_10:39:00","jhm","08_16_01_10:39:01"
"OC_JO_198","JO",198,"C_EGD_1770","Sorcery","jhm","08_16_01_10:39:07","jhm","08_16_01_10:46:55"
"OC_JO_199","JO",199,"C_EGD_1749","Murder","jhm","08_16_01_16:21:37","jhm","08_16_01_16:21:39"
"OC_JO_2","JO",2,"C_EGD_2120","Sorcery","jhm","05_16_01_17:06:58","jhm","05_16_01_17:07:00"
"OC_JO_200","JO",200,"C_EGD_1747","Murder","jhm","08_17_01_09:28:34","jhm","08_17_01_09:28:36"
"OC_JO_201","JO",201,"C_EGD_1748","Murder","jhm","08_17_01_09:39:06","jhm","08_17_01_09:39:07"
"OC_JO_202","JO",202,"C_EGD_1746","Murder","jhm","08_17_01_09:52:41","jhm","08_17_01_09:52:42"
"OC_JO_203","JO",203,"C_EGD_1745","Murder","jhm","08_17_01_10:01:31","jhm","08_17_01_10:01:31"
"OC_JO_204","JO",204,"C_EGD_1757","Murder","jhm","08_17_01_12:06:32","jhm","08_17_01_12:06:32"
"OC_JO_205","JO",205,"C_EGD_1758","Murder","jhm","08_17_01_12:21:07","jhm","08_17_01_12:21:12"
"OC_JO_206","JO",206,"C_EGD_1759","Murder","jhm","08_17_01_12:33:58","jhm","08_17_01_12:33:58"
"OC_JO_207","JO",207,"C_EGD_1756","Murder","jhm","08_17_01_12:40:42","jhm","08_17_01_12:40:43"
"OC_JO_209","JO",209,"C_JO_2862","Charming","jhm","08_22_01_14:10:39","jhm","08_22_01_14:10:39"
"OC_JO_210","JO",210,"C_EGD_1156","Adultery","jhm","08_22_01_14:57:44","jhm","08_22_01_14:57:49"
"OC_JO_211","JO",211,"C_JO_2881","Charming","jhm","09_06_01_12:46:36","jhm","09_06_01_12:46:40"
"OC_JO_212","JO",212,"C_EGD_2194","Charming","jhm","09_12_01_09:53:39","jhm","09_12_01_09:53:41"
"OC_JO_213","JO",213,"C_EGD_938","Sorcery","jhm","09_14_01_14:23:34","jhm","09_14_01_14:23:35"
"OC_JO_214","JO",214,"C_EGD_1924","Prophesy","jhm","09_25_01_10:03:46","jhm","09_25_01_10:03:49"
"OC_JO_215","JO",215,"C_JO_2887","Slander","jhm","09_25_01_12:25:47","jhm","09_25_01_12:25:51"
"OC_JO_257","JO",257,"C_EGD_2453","Blasphemy","jhm","10_23_01_10:30:17","jhm","10_23_01_10:30:23"
"OC_JO_262","JO",262,"C_EGD_2231","Charming","jhm","11_23_01_11:12:37","jhm","11_23_01_11:12:40"
"OC_JO_263","JO",263,"C_EGD_2471","Charming","jhm","11_23_01_13:58:32","jhm","11_23_01_13:58:33"
"OC_JO_264","JO",264,"C_EGD_1838","Sorcery","jhm","12_04_01_10:26:07","jhm","12_04_01_10:26:09"
"OC_JO_266","JO",266,"C_EGD_1906","Charming","jhm","12_04_01_16:09:12","jhm","12_04_01_16:09:13"
"OC_JO_273","JO",273,"C_EGD_1841","Sorcery","jhm","02_05_02_16:03:16","jhm","02_05_02_16:03:22"
"OC_JO_274","JO",274,"C_EGD_1856","Sorcery","jhm","02_07_02_11:14:04","jhm","02_07_02_11:14:06"
"OC_JO_275","JO",275,"C_EGD_1856","Charming","jhm","02_07_02_11:14:07","jhm","02_07_02_11:14:08"
"OC_JO_279","JO",279,"C_EGD_1855","Sorcery","jhm","02_14_02_10:56:02","jhm","02_14_02_10:56:04"
"OC_JO_291","JO",291,"C_EGD_1025","Charming","jhm","02_18_02_16:06:20","jhm","02_18_02_16:06:21"
"OC_JO_292","JO",292,"C_EGD_1025","Sorcery","jhm","02_18_02_16:06:21","jhm","02_18_02_16:06:22"
"OC_JO_295","JO",295,"C_JO_3007","Charming","jhm","03_05_02_11:49:59","jhm","03_05_02_11:50:00"
"OC_JO_296","JO",296,"C_EGD_745","Charming","jhm","03_07_02_15:44:14","jhm","03_07_02_15:44:14"
"OC_JO_297","JO",297,"C_EGD_2268","Charming","jhm","03_28_02_12:18:28","jhm","03_28_02_12:18:29"
"OC_JO_298","JO",298,"C_EGD_2314",,"jhm","03_28_02_13:05:46","jhm","03_28_02_13:05:50"
"OC_JO_3","JO",3,"C_EGD_2120","Cursing","jhm","05_16_01_17:07:02","jhm","05_16_01_17:07:04"
"OC_JO_300","JO",300,"C_EGD_2319","Sorcery","jhm","03_28_02_13:36:20","jhm","03_28_02_13:36:23"
"OC_JO_301","JO",301,"C_JO_3008","Charming","jhm","04_02_02_11:06:42","jhm","04_02_02_11:06:45"
"OC_JO_302","JO",302,"C_EGD_2172","Charming","jhm","05_08_02_16:45:28","jhm","05_08_02_16:45:29"
"OC_JO_308","JO",308,"C_JO_3033","Murder","jhm","06_10_02_17:29:00","jhm","06_10_02_17:29:02"
"OC_JO_309","JO",309,"C_EGD_2130","Murder","jhm","06_10_02_18:04:10","jhm","06_10_02_18:04:11"
"OC_JO_310","JO",310,"C_EGD_2122","Murder","jhm","06_10_02_18:46:33","jhm","06_10_02_18:46:35"
"OC_JO_311","JO",311,"C_EGD_2123","Murder","jhm","06_10_02_20:44:00","jhm","06_10_02_20:44:03"
"OC_JO_322","JO",322,"C_JO_3070",,"jhm","07_02_02_09:39:49","jhm","07_02_02_09:40:24"
"OC_JO_323","JO",323,"C_EGD_1045","Charming","jhm","07_03_02_14:27:29","jhm","07_03_02_14:27:31"
"OC_JO_324","JO",324,"C_EGD_2149","Poisoning","jhm","07_09_02_09:37:41","jhm","07_09_02_09:37:42"
"OC_JO_325","JO",325,"C_EGD_2149","Murder","jhm","07_09_02_09:37:46","jhm","07_09_02_09:37:46"
"OC_JO_326","JO",326,"C_JO_3096","Sorcery","jhm","07_09_02_15:01:07","jhm","07_09_02_15:01:08"
"OC_JO_373","JO",373,"C_JO_3139","Charming","jhm","07_22_02_14:27:02","jhm","07_22_02_14:27:03"
"OC_JO_374","JO",374,"C_JO_3142","Charming","jhm","07_22_02_14:43:30","jhm","07_22_02_14:43:30"
"OC_JO_375","JO",375,"C_JO_3147","Charming","jhm","07_22_02_15:01:21","jhm","07_22_02_15:01:21"
"OC_JO_376","JO",376,"C_EGD_2173","Murder","jhm","07_25_02_12:47:51","jhm","07_25_02_12:47:52"
"OC_JO_377","JO",377,"C_EGD_2174","Murder","jhm","07_25_02_12:48:25","jhm","07_25_02_12:48:25"
"OC_JO_381","JO",381,"C_EGD_2511","Charming","jhm","08_02_02_11:00:04","jhm","08_02_02_11:00:04"
"OC_JO_391","JO",391,"C_EGD_1254","Charming","jhm","08_26_02_14:46:05","jhm","08_26_02_14:46:07"
"OC_JO_392","JO",392,"C_EGD_1255","Charming","jhm","08_26_02_14:49:19","jhm","08_26_02_14:49:20"
"OC_JO_393","JO",393,"C_EGD_914","Murder","jhm","08_26_02_16:14:40","jhm","08_26_02_16:14:40"
"OC_JO_394","JO",394,"C_EGD_914","Sorcery","jhm","08_26_02_16:14:46","jhm","08_26_02_16:14:47"
"OC_JO_395","JO",395,"C_EGD_916","Murder","jhm","08_26_02_16:27:38","jhm","08_26_02_16:27:38"
"OC_JO_396","JO",396,"C_EGD_916","Sorcery","jhm","08_26_02_16:27:39","jhm","08_26_02_16:27:40"
"OC_JO_397","JO",397,"C_EGD_915","Murder","jhm","08_26_02_16:28:54","jhm","08_26_02_16:28:55"
"OC_JO_398","JO",398,"C_EGD_915","Sorcery","jhm","08_26_02_16:28:56","jhm","08_26_02_16:28:57"
"OC_JO_399","JO",399,"C_EGD_917","Murder","jhm","08_26_02_16:31:14","jhm","08_26_02_16:31:15"
"OC_JO_4","JO",4,"C_JO_2632","Charming","jhm","05_17_01_12:09:49","jhm","05_17_01_12:09:53"
"OC_JO_400","JO",400,"C_EGD_917","Sorcery","jhm","08_26_02_16:31:16","jhm","08_26_02_16:31:16"
"OC_JO_401","JO",401,"C_EGD_913","Murder","jhm","08_26_02_16:32:07","jhm","08_26_02_16:32:08"
"OC_JO_402","JO",402,"C_EGD_913","Sorcery","jhm","08_26_02_16:32:08","jhm","08_26_02_16:32:09"
"OC_JO_403","JO",403,"C_JO_3247","Theft","jhm","08_27_02_13:51:22","jhm","08_27_02_13:51:23"
"OC_JO_414","JO",414,"C_EGD_1888","Charming","jhm","09_04_02_10:00:25","jhm","09_04_02_10:00:26"
"OC_JO_415","JO",415,"C_EGD_1889","Charming","jhm","09_04_02_10:05:53","jhm","09_04_02_10:05:54"
"OC_JO_416","JO",416,"C_EGD_2171","Murder","jhm","09_05_02_15:23:42","jhm","09_05_02_15:23:43"
"OC_JO_440","JO",440,"C_JO_3365","Incantation","jhm","09_10_02_11:59:17","jhm","09_10_02_11:59:18"
"OC_JO_441","JO",441,"C_EGD_2262","Charming","jhm","09_17_02_11:52:09","jhm","09_17_02_11:52:10"
"OC_JO_442","JO",442,"C_EGD_2262","Sorcery","jhm","09_17_02_11:52:10","jhm","09_17_02_11:52:11"
"OC_LA_1","LA",1,"C_EGD_160","Cursing","LEM","05_17_01_11:02:45","LEM","05_17_01_11:02:57"
"OC_LA_10","LA",10,"C_EGD_171","Consulting","LEM","05_21_01_15:56:39","LEM","05_21_01_15:56:40"
"OC_LA_100","LA",100,"C_EGD_388","Sorcery","LEM","07_02_01_09:50:06","LEM","07_02_01_09:50:08"
"OC_LA_101","LA",101,"C_EGD_390","Sorcery","LEM","07_02_01_09:51:11","LEM","07_02_01_09:51:15"
"OC_LA_102","LA",102,"C_EGD_389","Sorcery","LEM","07_02_01_10:00:18","LEM","07_02_01_10:00:22"
"OC_LA_103","LA",103,"C_EGD_391","Sorcery","LEM","07_02_01_10:15:02","LEM","07_02_01_10:15:06"
"OC_LA_104","LA",104,"C_EGD_386","Sorcery","LEM","07_02_01_10:31:14","LEM","07_02_01_10:31:18"
"OC_LA_105","LA",105,"C_EGD_387","Sorcery","LEM","07_02_01_10:54:45","LEM","07_02_01_10:54:57"
"OC_LA_106","LA",106,"C_EGD_402","Charming","LEM","07_02_01_13:37:12","LEM","07_02_01_13:37:13"
"OC_LA_107","LA",107,"C_EGD_402","Sorcery","LEM","07_02_01_13:37:13","LEM","07_02_01_13:37:16"
"OC_LA_108","LA",108,"C_EGD_401","Charming","LEM","07_02_01_14:58:12","LEM","07_02_01_14:58:13"
"OC_LA_109","LA",109,"C_EGD_401","Sorcery","LEM","07_02_01_14:58:14","LEM","07_02_01_14:58:17"
"OC_LA_11","LA",11,"C_EGD_183","Murder","LEM","05_22_01_14:44:22","LEM","05_22_01_14:44:25"
"OC_LA_110","LA",110,"C_EGD_1954","Sorcery","LEM","07_03_01_09:57:12","LEM","07_03_01_09:57:15"
"OC_LA_111","LA",111,"C_EGD_398","Sorcery","LEM","07_03_01_09:58:10","LEM","07_03_01_09:58:13"
"OC_LA_112","LA",112,"C_EGD_409","Sorcery","LEM","07_03_01_12:09:03","LEM","07_03_01_12:09:06"
"OC_LA_113","LA",113,"C_EGD_411","Sorcery","LEM","07_03_01_12:32:58","LEM","07_03_01_12:33:00"
"OC_LA_114","LA",114,"C_EGD_434","Sorcery","LEM","07_03_01_13:29:17","LEM","07_03_01_13:29:18"
"OC_LA_115","LA",115,"C_EGD_434","Charming","LEM","07_03_01_13:29:19","LEM","07_03_01_13:29:20"
"OC_LA_116","LA",116,"C_EGD_409","Charming","LEM","07_04_01_12:58:01","LEM","07_04_01_12:58:04"
"OC_LA_117","LA",117,"C_EGD_902","Charming","LEM","07_05_01_11:47:19","LEM","07_05_01_11:47:20"
"OC_LA_118","LA",118,"C_EGD_907","Charming","LEM","07_05_01_12:27:14","LEM","07_05_01_12:27:15"
"OC_LA_119","LA",119,"C_EGD_907","Enchantment","LEM","07_05_01_12:27:15","LEM","07_05_01_12:27:16"
"OC_LA_12","LA",12,"C_LA_2638","Charming","LEM","06_04_01_11:29:25","LEM","06_04_01_11:29:27"
"OC_LA_120","LA",120,"C_EGD_907","Sorcery","LEM","07_05_01_12:27:16","LEM","07_05_01_12:27:18"
"OC_LA_121","LA",121,"C_EGD_908","Charming","LEM","07_05_01_12:30:32","LEM","07_05_01_12:30:32"
"OC_LA_122","LA",122,"C_EGD_908","Sorcery","LEM","07_05_01_12:30:33","LEM","07_05_01_12:30:35"
"OC_LA_123","LA",123,"C_EGD_909","Sorcery","LEM","07_05_01_12:36:52","LEM","07_05_01_12:36:54"
"OC_LA_124","LA",124,"C_EGD_909","Charming","LEM","07_05_01_12:36:54","LEM","07_05_01_12:36:56"
"OC_LA_125","LA",125,"C_EGD_918","Sorcery","LEM","07_05_01_14:57:17","LEM","07_05_01_14:57:18"
"OC_LA_126","LA",126,"C_EGD_919","Charming","LEM","07_05_01_14:59:10","LEM","07_05_01_14:59:13"
"OC_LA_127","LA",127,"C_EGD_920","Sorcery","LEM","07_05_01_15:09:59","LEM","07_05_01_15:10:02"
"OC_LA_128","LA",128,"C_EGD_927","Sorcery","LEM","07_05_01_15:16:51","LEM","07_05_01_15:16:53"
"OC_LA_129","LA",129,"C_EGD_928","Sorcery","LEM","07_05_01_15:20:02","LEM","07_05_01_15:20:04"
"OC_LA_13","LA",13,"C_LA_2638","Sorcery","LEM","06_04_01_11:29:30","LEM","06_04_01_11:29:48"
"OC_LA_130","LA",130,"C_EGD_925","Sorcery","LEM","07_05_01_15:35:19","LEM","07_05_01_15:35:20"
"OC_LA_131","LA",131,"C_EGD_924","Sorcery","LEM","07_05_01_15:36:04","LEM","07_05_01_15:36:06"
"OC_LA_132","LA",132,"C_EGD_923","Sorcery","LEM","07_05_01_15:39:51","LEM","07_05_01_15:39:53"
"OC_LA_133","LA",133,"C_EGD_922","Sorcery","LEM","07_05_01_15:44:07","LEM","07_05_01_15:44:09"
"OC_LA_134","LA",134,"C_EGD_934","Sorcery","LEM","07_05_01_15:46:04","LEM","07_05_01_15:46:07"
"OC_LA_135","LA",135,"C_EGD_933","Sorcery","LEM","07_05_01_15:50:08","LEM","07_05_01_15:50:10"
"OC_LA_136","LA",136,"C_EGD_935","Charming","LEM","07_05_01_16:10:38","LEM","07_05_01_16:10:40"
"OC_LA_137","LA",137,"C_EGD_936","Charming","LEM","07_05_01_16:11:44","LEM","07_05_01_16:11:46"
"OC_LA_138","LA",138,"C_EGD_938","Charming","LEM","07_05_01_16:19:40","LEM","07_05_01_16:19:41"
"OC_LA_139","LA",139,"C_EGD_938","Sorcery","LEM","07_05_01_16:19:42","LEM","07_05_01_16:19:44"
"OC_LA_14","LA",14,"C_EGD_179","Charming","LEM","06_04_01_16:41:33","LEM","06_04_01_16:41:35"
"OC_LA_140","LA",140,"C_EGD_939","Charming","LEM","07_05_01_16:22:05","LEM","07_05_01_16:22:07"
"OC_LA_141","LA",141,"C_EGD_939","Sorcery","LEM","07_05_01_16:22:08","LEM","07_05_01_16:22:09"
"OC_LA_142","LA",142,"C_EGD_381","Fornication","LEM","07_17_01_11:52:59","LEM","07_17_01_11:53:03"
"OC_LA_143","LA",143,"C_EGD_381","Adultery","LEM","07_17_01_11:53:05","LEM","07_17_01_11:53:05"
"OC_LA_144","LA",144,"C_EGD_965","Sorcery","LEM","07_18_01_11:50:24","LEM","07_18_01_11:50:26"
"OC_LA_145","LA",145,"C_EGD_966","Sorcery","LEM","07_18_01_11:58:44","LEM","07_18_01_11:58:45"
"OC_LA_146","LA",146,"C_EGD_966","Charming","LEM","07_18_01_11:58:45","LEM","07_18_01_11:58:46"
"OC_LA_147","LA",147,"C_EGD_966","Enchantment","LEM","07_18_01_11:58:47","LEM","07_18_01_11:58:48"
"OC_LA_148","LA",148,"C_EGD_967","Sorcery","LEM","07_18_01_12:01:05","LEM","07_18_01_12:01:07"
"OC_LA_149","LA",149,"C_EGD_967","Charming","LEM","07_18_01_12:01:08","LEM","07_18_01_12:01:08"
"OC_LA_15","LA",15,"C_EGD_156","Sorcery","LEM","06_07_01_14:38:24","LEM","06_07_01_14:38:25"
"OC_LA_150","LA",150,"C_EGD_967","Enchantment","LEM","07_18_01_12:01:09","LEM","07_18_01_12:01:12"
"OC_LA_151","LA",151,"C_EGD_968","Sorcery","LEM","07_18_01_12:09:15","LEM","07_18_01_12:09:16"
"OC_LA_152","LA",152,"C_EGD_968","Charming","LEM","07_18_01_12:09:16","LEM","07_18_01_12:09:17"
"OC_LA_153","LA",153,"C_EGD_968","Enchantment","LEM","07_18_01_12:09:17","LEM","07_18_01_12:09:20"
"OC_LA_154","LA",154,"C_EGD_969","Sorcery","LEM","07_18_01_12:12:17","LEM","07_18_01_12:12:22"
"OC_LA_155","LA",155,"C_EGD_969","Charming","LEM","07_18_01_12:12:23","LEM","07_18_01_12:12:24"
"OC_LA_156","LA",156,"C_EGD_969","Enchantment","LEM","07_18_01_12:12:24","LEM","07_18_01_12:12:28"
"OC_LA_157","LA",157,"C_EGD_970","Sorcery","LEM","07_18_01_12:13:44","LEM","07_18_01_12:13:49"
"OC_LA_158","LA",158,"C_EGD_970","Charming","LEM","07_18_01_12:13:50","LEM","07_18_01_12:13:50"
"OC_LA_159","LA",159,"C_EGD_970","Enchantment","LEM","07_18_01_12:13:52","LEM","07_18_01_12:13:54"
"OC_LA_16","LA",16,"C_EGD_156","Incantation","LEM","06_07_01_14:38:30","LEM","06_07_01_14:38:34"
"OC_LA_160","LA",160,"C_EGD_971","Sorcery","LEM","07_18_01_12:19:06","LEM","07_18_01_12:19:07"
"OC_LA_161","LA",161,"C_EGD_971","Charming","LEM","07_18_01_12:19:07","LEM","07_18_01_12:19:07"
"OC_LA_162","LA",162,"C_EGD_971","Enchantment","LEM","07_18_01_12:19:08","LEM","07_18_01_12:19:08"
"OC_LA_163","LA",163,"C_EGD_974","Sorcery","LEM","07_18_01_12:36:14","LEM","07_18_01_12:36:15"
"OC_LA_164","LA",164,"C_EGD_974","Charming","LEM","07_18_01_12:36:15","LEM","07_18_01_12:36:16"
"OC_LA_165","LA",165,"C_EGD_974","Enchantment","LEM","07_18_01_12:36:17","LEM","07_18_01_12:36:19"
"OC_LA_166","LA",166,"C_EGD_975","Sorcery","LEM","07_18_01_12:39:15","LEM","07_18_01_12:39:15"
"OC_LA_167","LA",167,"C_EGD_975","Charming","LEM","07_18_01_12:39:16","LEM","07_18_01_12:39:16"
"OC_LA_168","LA",168,"C_EGD_975","Enchantment","LEM","07_18_01_12:39:17","LEM","07_18_01_12:39:18"
"OC_LA_169","LA",169,"C_EGD_997","Sorcery","LEM","07_18_01_14:57:27","LEM","07_18_01_14:57:28"
"OC_LA_17","LA",17,"C_EGD_156","Consulting","LEM","06_07_01_15:01:48","LEM","06_07_01_15:01:49"
"OC_LA_170","LA",170,"C_EGD_997","Charming","LEM","07_18_01_14:57:28","LEM","07_18_01_14:57:29"
"OC_LA_171","LA",171,"C_EGD_997","Enchantment","LEM","07_18_01_14:57:29","LEM","07_18_01_14:57:31"
"OC_LA_172","LA",172,"C_EGD_998","Sorcery","LEM","07_18_01_14:58:58","LEM","07_18_01_14:58:59"
"OC_LA_173","LA",173,"C_EGD_998","Charming","LEM","07_18_01_14:59:00","LEM","07_18_01_14:59:00"
"OC_LA_174","LA",174,"C_EGD_998","Enchantment","LEM","07_18_01_14:59:01","LEM","07_18_01_14:59:02"
"OC_LA_175","LA",175,"C_EGD_996","Sorcery","LEM","07_18_01_15:00:13","LEM","07_18_01_15:00:14"
"OC_LA_176","LA",176,"C_EGD_996","Charming","LEM","07_18_01_15:00:14","LEM","07_18_01_15:00:15"
"OC_LA_177","LA",177,"C_EGD_996","Enchantment","LEM","07_18_01_15:00:15","LEM","07_18_01_15:00:18"
"OC_LA_178","LA",178,"C_EGD_1001","Sorcery","LEM","07_18_01_15:00:39","LEM","07_18_01_15:00:39"
"OC_LA_179","LA",179,"C_EGD_1001","Charming","LEM","07_18_01_15:00:40","LEM","07_18_01_15:00:40"
"OC_LA_18","LA",18,"C_EGD_905","Charming","LEM","06_07_01_16:17:35","LEM","06_07_01_16:17:38"
"OC_LA_180","LA",180,"C_EGD_1001","Enchantment","LEM","07_18_01_15:00:40","LEM","07_18_01_15:00:44"
"OC_LA_181","LA",181,"C_EGD_1003","Sorcery","LEM","07_18_01_15:35:10","LEM","07_18_01_15:35:10"
"OC_LA_182","LA",182,"C_EGD_1003","Charming","LEM","07_18_01_15:35:12","LEM","07_18_01_15:35:12"
"OC_LA_183","LA",183,"C_EGD_1003","Enchantment","LEM","07_18_01_15:35:13","LEM","07_18_01_15:35:15"
"OC_LA_19","LA",19,"C_EGD_156","Charming","LEM","06_08_01_12:28:19","LEM","06_08_01_12:29:17"
"OC_LA_196","LA",196,"C_EGD_1062","Sorcery","LEM","08_14_01_10:49:50","LEM","08_14_01_10:49:51"
"OC_LA_197","LA",197,"C_EGD_1062","Charming","LEM","08_14_01_10:49:54","LEM","08_14_01_10:49:55"
"OC_LA_198","LA",198,"C_EGD_1062","Incest","LEM","08_14_01_10:49:56","LEM","08_14_01_10:50:07"
"OC_LA_199","LA",199,"C_EGD_1094","Magic","LEM","08_14_01_12:28:16","LEM","08_14_01_12:28:20"
"OC_LA_20","LA",20,"C_EGD_157","Sorcery","LEM","06_12_01_09:35:35","LEM","06_12_01_09:35:37"
"OC_LA_200","LA",200,"C_EGD_1193","Charming","LEM","08_29_01_10:54:53","LEM","08_29_01_10:54:54"
"OC_LA_201","LA",201,"C_EGD_1193","Incantation","LEM","08_29_01_10:54:54","LEM","08_29_01_10:54:55"
"OC_LA_202","LA",202,"C_EGD_1125","Consulting","LEM","08_29_01_13:39:32","LEM","08_29_01_13:39:35"
"OC_LA_203","LA",203,"C_EGD_1124","Consulting","LEM","08_29_01_13:39:44","LEM","08_29_01_13:39:47"
"OC_LA_204","LA",204,"C_EGD_1123","Consulting","LEM","08_29_01_13:40:28","LEM","08_29_01_13:40:29"
"OC_LA_21","LA",21,"C_EGD_1094","Charming","LEM","06_12_01_10:57:00","LEM","06_12_01_10:57:04"
"OC_LA_211","LA",211,"C_EGD_576","Consulting","LEM","09_05_01_10:26:35","LEM","09_05_01_10:26:36"
"OC_LA_212","LA",212,"C_EGD_576","Incest","LEM","09_05_01_10:26:37","LEM","09_05_01_10:26:38"
"OC_LA_213","LA",213,"C_EGD_576","Sorcery","LEM","09_05_01_10:26:40","LEM","09_05_01_10:26:41"
"OC_LA_214","LA",214,"C_EGD_137","Sorcery","LEM","09_25_01_16:47:07","LEM","09_25_01_16:47:08"
"OC_LA_215","LA",215,"C_EGD_137","Charming","LEM","09_25_01_16:47:09","LEM","09_25_01_16:47:13"
"OC_LA_216","LA",216,"C_EGD_142","Charming","LEM","09_25_01_17:22:12","LEM","09_25_01_17:22:18"
"OC_LA_217","LA",217,"C_EGD_142","Poisoning","LEM","09_25_01_17:22:20","LEM","09_25_01_17:22:21"
"OC_LA_218","LA",218,"C_EGD_142","Murder","LEM","09_25_01_17:22:22","LEM","09_25_01_17:22:38"
"OC_LA_219","LA",219,"C_EGD_140","Incantation","LEM","10_01_01_10:30:29","LEM","10_01_01_10:30:30"
"OC_LA_22","LA",22,"C_EGD_1094","Sorcery","LEM","06_12_01_12:04:21","LEM","06_12_01_12:04:23"
"OC_LA_220","LA",220,"C_EGD_140","Sorcery","LEM","10_01_01_10:30:30","LEM","10_01_01_10:30:32"
"OC_LA_221","LA",221,"C_EGD_147","Sorcery","LEM","10_01_01_15:09:52","LEM","10_01_01_15:09:55"
"OC_LA_222","LA",222,"C_EGD_148","Bewitching","LEM","10_01_01_15:48:47","LEM","10_01_01_15:48:52"
"OC_LA_223","LA",223,"C_EGD_57","Child_murder","LEM","10_03_01_13:11:04","LEM","10_03_01_13:11:09"
"OC_LA_224","LA",224,"C_EGD_34","Sorcery","LEM","10_08_01_09:37:21","LEM","10_08_01_09:37:22"
"OC_LA_225","LA",225,"C_EGD_34","Incantation","LEM","10_08_01_09:37:24","LEM","10_08_01_09:38:41"
"OC_LA_226","LA",226,"C_EGD_36","Murder","LEM","10_08_01_11:21:51","LEM","10_08_01_11:21:52"
"OC_LA_227","LA",227,"C_EGD_36","Adultery","LEM","10_08_01_11:21:52","LEM","10_08_01_11:22:01"
"OC_LA_228","LA",228,"C_EGD_35","Murder","LEM","10_08_01_11:22:10","LEM","10_08_01_11:22:13"
"OC_LA_229","LA",229,"C_EGD_35","Adultery","LEM","10_08_01_11:22:13","LEM","10_08_01_11:22:14"
"OC_LA_23","LA",23,"C_EGD_1094","Incantation","LEM","06_12_01_12:10:52","LEM","06_12_01_12:10:53"
"OC_LA_230","LA",230,"C_EGD_39","Murder","LEM","10_08_01_11:38:36","LEM","10_08_01_11:38:38"
"OC_LA_231","LA",231,"C_EGD_39","Incantation","LEM","10_08_01_11:38:39","LEM","10_08_01_11:38:39"
"OC_LA_232","LA",232,"C_EGD_39","Poisoning","LEM","10_08_01_11:38:39","LEM","10_08_01_11:38:43"
"OC_LA_233","LA",233,"C_EGD_39","Sorcery","LEM","10_08_01_11:38:44","LEM","10_08_01_11:39:00"
"OC_LA_234","LA",234,"C_EGD_41",,"LEM","10_08_01_13:13:28","LEM","10_08_01_13:13:37"
"OC_LA_235","LA",235,"C_EGD_40","Murder","LEM","10_08_01_13:13:49","LEM","10_08_01_13:14:05"
"OC_LA_236","LA",236,"C_EGD_59","Enchantment","LEM","10_09_01_09:51:21","LEM","10_09_01_09:51:26"
"OC_LA_237","LA",237,"C_EGD_59","Sorcery","LEM","10_09_01_09:51:27","LEM","10_09_01_09:51:29"
"OC_LA_238","LA",238,"C_EGD_103","Consulting","LEM","10_10_01_13:25:51","LEM","10_10_01_13:25:53"
"OC_LA_239","LA",239,"C_EGD_104","Sorcery","LEM","10_16_01_10:16:13","LEM","10_16_01_10:16:14"
"OC_LA_24","LA",24,"C_EGD_162","Sorcery","LEM","06_12_01_14:53:46","LEM","06_12_01_14:53:49"
"OC_LA_240","LA",240,"C_EGD_104","Enchantment","LEM","10_16_01_10:16:14","LEM","10_16_01_10:16:21"
"OC_LA_241","LA",241,"C_EGD_1258","Sorcery","LEM","10_16_01_12:06:15","LEM","10_16_01_12:06:16"
"OC_LA_242","LA",242,"C_EGD_1258","Charming","LEM","10_16_01_12:06:17","LEM","10_16_01_12:06:18"
"OC_LA_243","LA",243,"C_EGD_1258","Enchantment","LEM","10_16_01_12:06:21","LEM","10_16_01_12:06:38"
"OC_LA_244","LA",244,"C_EGD_1268","Sorcery","LEM","10_16_01_15:29:05","LEM","10_16_01_15:29:06"
"OC_LA_245","LA",245,"C_EGD_1268","Divination","LEM","10_16_01_15:29:06","LEM","10_16_01_15:29:10"
"OC_LA_246","LA",246,"C_EGD_29","Charming","LEM","10_18_01_09:40:02","LEM","10_18_01_09:40:17"
"OC_LA_247","LA",247,"C_EGD_29","Invocation_of_Spirits","LEM","10_18_01_10:14:17","LEM","10_18_01_10:14:21"
"OC_LA_248","LA",248,"C_EGD_29","Incantation","LEM","10_18_01_10:14:26","LEM","10_18_01_10:15:01"
"OC_LA_249","LA",249,"C_EGD_31","Sorcery","LEM","10_18_01_10:39:23","LEM","10_18_01_10:39:24"
"OC_LA_25","LA",25,"C_EGD_166","Sorcery","LEM","06_12_01_16:06:20","LEM","06_12_01_16:06:22"
"OC_LA_250","LA",250,"C_EGD_31","Incantation","LEM","10_18_01_10:39:24","LEM","10_18_01_10:39:25"
"OC_LA_251","LA",251,"C_EGD_31","Invocation_of_Spirits","LEM","10_18_01_10:39:28","LEM","10_18_01_10:39:44"
"OC_LA_252","LA",252,"C_EGD_32","Sorcery","LEM","10_18_01_12:03:14","LEM","10_18_01_12:03:14"
"OC_LA_253","LA",253,"C_EGD_32","Incantation","LEM","10_18_01_12:03:15","LEM","10_18_01_12:03:17"
"OC_LA_254","LA",254,"C_EGD_1282","Murder","LEM","10_18_01_12:43:10","LEM","10_18_01_12:43:14"
"OC_LA_255","LA",255,"C_EGD_1278","Superstition","LEM","10_19_01_09:28:30","LEM","10_19_01_09:28:39"
"OC_LA_256","LA",256,"C_EGD_1278","Divination","LEM","10_19_01_09:28:43","LEM","10_19_01_09:28:45"
"OC_LA_257","LA",257,"C_EGD_1295","Adultery","LEM","10_22_01_12:43:40","LEM","10_22_01_12:43:41"
"OC_LA_258","LA",258,"C_EGD_1295","Incest","LEM","10_22_01_12:43:42","LEM","10_22_01_12:43:45"
"OC_LA_259","LA",259,"C_EGD_1284","Superstition","LEM","10_23_01_10:47:30","LEM","10_23_01_10:47:35"
"OC_LA_26","LA",26,"C_EGD_167","Sodomy","LEM","06_13_01_12:18:08","LEM","06_13_01_12:18:13"
"OC_LA_260","LA",260,"C_EGD_1284","Charming","LEM","10_23_01_10:47:46","LEM","10_23_01_10:51:22"
"OC_LA_261","LA",261,"C_EGD_882","Charming","LEM","10_23_01_15:00:48","LEM","10_23_01_15:01:11"
"OC_LA_262","LA",262,"C_EGD_317","Charming","LEM","11_29_01_12:17:42","LEM","11_29_01_12:17:44"
"OC_LA_263","LA",263,"C_EGD_813","Sorcery","LEM","12_03_01_10:47:05","LEM","12_03_01_10:47:06"
"OC_LA_264","LA",264,"C_EGD_813","Charming","LEM","12_03_01_10:47:07","LEM","12_03_01_10:47:11"
"OC_LA_267","LA",267,"C_EGD_817","Sorcery","LEM","01_09_02_10:39:23","LEM","01_09_02_10:39:27"
"OC_LA_268","LA",268,"C_LA_2890","Slander","LEM","01_09_02_11:34:11","LEM","01_09_02_11:34:13"
"OC_LA_269","LA",269,"C_EGD_1744","Murder","LEM","01_16_02_12:41:23","LEM","01_16_02_12:42:00"
"OC_LA_27","LA",27,"C_EGD_169","Sorcery","LEM","06_14_01_13:43:26","LEM","06_14_01_13:43:29"
"OC_LA_270","LA",270,"C_EGD_1773","Murder","LEM","01_30_02_13:36:44","LEM","01_30_02_13:36:47"
"OC_LA_271","LA",271,"C_EGD_1778","Murder","LEM","01_30_02_15:06:20","LEM","01_30_02_15:06:23"
"OC_LA_272","LA",272,"C_EGD_1780","Murder","LEM","01_30_02_15:16:46","LEM","01_30_02_15:16:49"
"OC_LA_273","LA",273,"C_EGD_1774","Murder","LEM","01_30_02_15:21:07","LEM","01_30_02_15:21:09"
"OC_LA_274","LA",274,"C_EGD_1781","Murder","LEM","01_30_02_15:36:14","LEM","01_30_02_15:36:16"
"OC_LA_275","LA",275,"C_EGD_1777","Invocation_of_Spirits","LEM","01_31_02_10:01:19","LEM","01_31_02_10:01:21"
"OC_LA_276","LA",276,"C_EGD_1777","Murder","LEM","01_31_02_10:01:22","LEM","01_31_02_10:01:24"
"OC_LA_277","LA",277,"C_LA_2959","Murder","LEM","01_31_02_10:07:35","LEM","01_31_02_10:07:38"
"OC_LA_278","LA",278,"C_LA_2970","Murder","LEM","01_31_02_15:01:54","LEM","01_31_02_15:01:56"
"OC_LA_279","LA",279,"C_EGD_1779","Murder","LEM","01_31_02_21:09:10","LEM","01_31_02_21:09:13"
"OC_LA_28","LA",28,"C_EGD_1209","Murder","LEM","06_14_01_14:17:20","LEM","06_14_01_14:17:22"
"OC_LA_280","LA",280,"C_LA_2973","Murder","LEM","01_31_02_21:24:27","LEM","01_31_02_21:24:29"
"OC_LA_281","LA",281,"C_LA_2974","Murder","LEM","01_31_02_21:36:20","LEM","01_31_02_21:36:23"
"OC_LA_282","LA",282,"C_LA_2975","Murder","LEM","02_01_02_11:24:44","LEM","02_01_02_11:24:47"
"OC_LA_283","LA",283,"C_LA_2976","Murder","LEM","02_01_02_11:47:10","LEM","02_01_02_11:47:11"
"OC_LA_284","LA",284,"C_LA_2977","Murder","LEM","02_01_02_11:58:33","LEM","02_01_02_11:58:35"
"OC_LA_285","LA",285,"C_LA_2978","Murder","LEM","02_01_02_12:20:05","LEM","02_01_02_12:20:07"
"OC_LA_286","LA",286,"C_LA_2979","Murder","LEM","02_01_02_12:31:47","LEM","02_01_02_12:31:49"
"OC_LA_287","LA",287,"C_LA_2980","Murder","LEM","02_01_02_12:41:39","LEM","02_01_02_12:41:40"
"OC_LA_288","LA",288,"C_LA_2972","Murder","LEM","02_01_02_14:28:10","LEM","02_01_02_14:28:12"
"OC_LA_289","LA",289,"C_LA_2969","Murder","LEM","02_01_02_14:28:59","LEM","02_01_02_14:29:01"
"OC_LA_29","LA",29,"C_EGD_170","Sorcery","LEM","06_15_01_09:20:25","LEM","06_15_01_09:20:27"
"OC_LA_290","LA",290,"C_LA_2968","Murder","LEM","02_01_02_14:31:38","LEM","02_01_02_14:31:40"
"OC_LA_291","LA",291,"C_EGD_755","Enchantment","LEM","02_19_02_09:43:33","LEM","02_19_02_09:43:36"
"OC_LA_292","LA",292,"C_EGD_755","Cursing","LEM","02_19_02_09:43:36","LEM","02_19_02_09:43:38"
"OC_LA_293","LA",293,"C_EGD_754","Enchantment","LEM","02_19_02_09:55:49","LEM","02_19_02_09:55:50"
"OC_LA_294","LA",294,"C_EGD_826","Charming","LEM","02_19_02_10:23:15","LEM","02_19_02_10:23:18"
"OC_LA_295","LA",295,"C_EGD_60","Murder","LEM","03_04_02_12:15:18","LEM","03_04_02_12:15:20"
"OC_LA_296","LA",296,"C_EGD_52","Murder","LEM","03_04_02_12:17:37","LEM","03_04_02_12:17:40"
"OC_LA_30","LA",30,"C_EGD_173","Sorcery","LEM","06_15_01_10:40:32","LEM","06_15_01_10:40:37"
"OC_LA_302","LA",302,"C_EGD_715","Necromancy","LEM","05_07_02_15:25:30","LEM","05_07_02_15:25:32"
"OC_LA_303","LA",303,"C_EGD_718","Necromancy","LEM","05_07_02_15:28:08","LEM","05_07_02_15:28:10"
"OC_LA_304","LA",304,"C_EGD_719","Necromancy","LEM","05_07_02_15:29:36","LEM","05_07_02_15:29:37"
"OC_LA_305","LA",305,"C_EGD_717","Necromancy","LEM","05_07_02_15:32:38","LEM","05_07_02_15:32:40"
"OC_LA_306","LA",306,"C_EGD_308","Fireraising","LEM","05_08_02_12:19:39","LEM","05_08_02_12:19:42"
"OC_LA_307","LA",307,"C_LA_2949","Charming","LEM","05_08_02_15:48:16","LEM","05_08_02_15:48:18"
"OC_LA_31","LA",31,"C_EGD_179","Sorcery","LEM","06_19_01_10:12:54","LEM","06_19_01_10:12:58"
"OC_LA_312","LA",312,"C_EGD_963","Superstition","LEM","06_17_02_10:34:15","LEM","06_17_02_10:34:16"
"OC_LA_313","LA",313,"C_EGD_963","Sorcery","LEM","06_17_02_10:34:16","LEM","06_17_02_10:34:20"
"OC_LA_314","LA",314,"C_EGD_964","Superstition","LEM","06_17_02_10:56:26","LEM","06_17_02_10:56:27"
"OC_LA_315","LA",315,"C_EGD_964","Sorcery","LEM","06_17_02_10:56:28","LEM","06_17_02_10:56:33"
"OC_LA_316","LA",316,"C_EGD_1268","Charming","LEM","06_17_02_11:18:15","LEM","06_17_02_11:18:18"
"OC_LA_317","LA",317,"C_EGD_1284","Divination","LEM","06_17_02_12:04:05","LEM","06_17_02_12:04:07"
"OC_LA_318","LA",318,"C_EGD_2264","Charming","LEM","06_19_02_11:14:49","LEM","06_19_02_11:14:50"
"OC_LA_319","LA",319,"C_EGD_2264","Superstition","LEM","06_19_02_11:14:50","LEM","06_19_02_11:14:53"
"OC_LA_32","LA",32,"C_EGD_180","Sorcery","LEM","06_19_01_10:21:40","LEM","06_19_01_10:21:42"
"OC_LA_320","LA",320,"C_LA_3052","Charming","LEM","06_19_02_14:14:44","LEM","06_19_02_14:14:50"
"OC_LA_321","LA",321,"C_LA_3052",,"LEM","06_19_02_14:14:50","LEM","06_19_02_14:15:28"
"OC_LA_324","LA",324,"C_LA_3091","Sorcery","LEM","07_09_02_16:11:30","LEM","07_09_02_16:11:30"
"OC_LA_325","LA",325,"C_LA_3091","Necromancy","LEM","07_09_02_16:11:30","LEM","07_09_02_16:11:31"
"OC_LA_326","LA",326,"C_LA_3091","Charming","LEM","07_09_02_16:11:32","LEM","07_09_02_16:11:36"
"OC_LA_327","LA",327,"C_EGD_808","Sorcery","LEM","07_09_02_16:13:52","LEM","07_09_02_16:13:53"
"OC_LA_328","LA",328,"C_EGD_808","Necromancy","LEM","07_09_02_16:13:54","LEM","07_09_02_16:13:54"
"OC_LA_329","LA",329,"C_EGD_808","Charming","LEM","07_09_02_16:13:55","LEM","07_09_02_16:13:57"
"OC_LA_33","LA",33,"C_EGD_1605","Sorcery","LEM","06_19_01_13:32:54","LEM","06_19_01_13:32:58"
"OC_LA_330","LA",330,"C_EGD_807","Sorcery","LEM","07_09_02_16:14:02","LEM","07_09_02_16:14:03"
"OC_LA_331","LA",331,"C_EGD_807","Necromancy","LEM","07_09_02_16:14:03","LEM","07_09_02_16:14:04"
"OC_LA_332","LA",332,"C_EGD_807","Charming","LEM","07_09_02_16:14:04","LEM","07_09_02_16:14:06"
"OC_LA_333","LA",333,"C_LA_3089","Sorcery","LEM","07_09_02_16:14:14","LEM","07_09_02_16:14:15"
"OC_LA_334","LA",334,"C_LA_3089","Necromancy","LEM","07_09_02_16:14:16","LEM","07_09_02_16:14:16"
"OC_LA_335","LA",335,"C_LA_3089","Charming","LEM","07_09_02_16:14:17","LEM","07_09_02_16:14:19"
"OC_LA_336","LA",336,"C_EGD_818","Sorcery","LEM","07_09_02_17:23:14","LEM","07_09_02_17:23:20"
"OC_LA_337","LA",337,"C_EGD_818","Necromancy","LEM","07_09_02_17:23:21","LEM","07_09_02_17:23:23"
"OC_LA_338","LA",338,"C_EGD_819","Sorcery","LEM","07_09_02_17:25:25","LEM","07_09_02_17:25:26"
"OC_LA_339","LA",339,"C_EGD_819","Necromancy","LEM","07_09_02_17:25:26","LEM","07_09_02_17:25:37"
"OC_LA_34","LA",34,"C_LA_2695","Consulting","LEM","06_20_01_13:04:17","LEM","06_20_01_13:04:44"
"OC_LA_340","LA",340,"C_EGD_824","Sorcery","LEM","07_09_02_17:27:19","LEM","07_09_02_17:27:19"
"OC_LA_341","LA",341,"C_EGD_824","Necromancy","LEM","07_09_02_17:27:19","LEM","07_09_02_17:27:21"
"OC_LA_342","LA",342,"C_EGD_823","Sorcery","LEM","07_09_02_17:31:07","LEM","07_09_02_17:31:07"
"OC_LA_343","LA",343,"C_EGD_823","Necromancy","LEM","07_09_02_17:31:09","LEM","07_09_02_17:31:10"
"OC_LA_344","LA",344,"C_EGD_715","Sorcery","LEM","07_09_02_17:34:27","LEM","07_09_02_17:34:30"
"OC_LA_345","LA",345,"C_EGD_717","Sorcery","LEM","07_09_02_17:35:20","LEM","07_09_02_17:35:22"
"OC_LA_346","LA",346,"C_EGD_718","Sorcery","LEM","07_09_02_17:36:53","LEM","07_09_02_17:36:56"
"OC_LA_347","LA",347,"C_EGD_719","Sorcery","LEM","07_09_02_17:37:36","LEM","07_09_02_17:37:38"
"OC_LA_348","LA",348,"C_EGD_592","Sorcery","LEM","07_09_02_17:41:17","LEM","07_09_02_17:41:17"
"OC_LA_349","LA",349,"C_EGD_592","Necromancy","LEM","07_09_02_17:41:18","LEM","07_09_02_17:41:20"
"OC_LA_350","LA",350,"C_EGD_817","Necromancy","LEM","07_09_02_17:42:16","LEM","07_09_02_17:42:17"
"OC_LA_351","LA",351,"C_EGD_1770","Necromancy","LEM","07_09_02_17:52:36","LEM","07_09_02_17:52:38"
"OC_LA_352","LA",352,"C_LA_2951","Sorcery","LEM","07_09_02_17:55:08","LEM","07_09_02_17:55:08"
"OC_LA_353","LA",353,"C_LA_2951","Necromancy","LEM","07_09_02_17:55:09","LEM","07_09_02_17:55:10"
"OC_LA_354","LA",354,"C_LA_2952","Sorcery","LEM","07_09_02_17:56:42","LEM","07_09_02_17:56:42"
"OC_LA_355","LA",355,"C_LA_2952","Necromancy","LEM","07_09_02_17:56:43","LEM","07_09_02_17:56:44"
"OC_LA_356","LA",356,"C_EGD_699","Sorcery","LEM","07_09_02_18:15:17","LEM","07_09_02_18:15:23"
"OC_LA_357","LA",357,"C_LA_3095","Enchantment","LEM","07_09_02_18:20:13","LEM","07_09_02_18:20:15"
"OC_LA_358","LA",358,"C_LA_3095","Sorcery","LEM","07_09_02_18:20:16","LEM","07_09_02_18:20:17"
"OC_LA_359","LA",359,"C_LA_3096","Sorcery","LEM","07_09_02_18:22:35","LEM","07_09_02_18:22:36"
"OC_LA_360","LA",360,"C_LA_3097","Sorcery","LEM","07_09_02_18:27:14","LEM","07_09_02_18:27:21"
"OC_LA_361","LA",361,"C_EGD_213","Charming","LEM","07_10_02_13:41:51","LEM","07_10_02_13:41:53"
"OC_LA_362","LA",362,"C_EGD_1605","Charming","LEM","07_12_02_09:42:20","LEM","07_12_02_09:42:22"
"OC_LA_363","LA",363,"C_LA_3130","Charming","LEM","07_15_02_12:05:52","LEM","07_15_02_12:05:54"
"OC_LA_364","LA",364,"C_LA_3130","Sorcery","LEM","07_15_02_12:05:54","LEM","07_15_02_12:05:57"
"OC_LA_365","LA",365,"C_EGD_317","Sorcery","LEM","07_18_02_12:52:37","LEM","07_18_02_12:52:38"
"OC_LA_366","LA",366,"C_EGD_316","Sorcery","LEM","07_18_02_12:54:10","LEM","07_18_02_12:54:13"
"OC_LA_367","LA",367,"C_EGD_316","Charming","LEM","07_18_02_12:54:13","LEM","07_18_02_12:54:15"
"OC_LA_368","LA",368,"C_LA_2949","Sorcery","LEM","07_18_02_12:56:27","LEM","07_18_02_12:56:30"
"OC_LA_369","LA",369,"C_EGD_299","Sorcery","LEM","07_18_02_12:57:43","LEM","07_18_02_12:57:47"
"OC_LA_37","LA",37,"C_LA_2696","Treason","LEM","06_20_01_13:23:26","LEM","06_20_01_13:23:27"
"OC_LA_370","LA",370,"C_EGD_355","Charming","LEM","07_18_02_13:01:09","LEM","07_18_02_13:01:11"
"OC_LA_371","LA",371,"C_EGD_357","Charming","LEM","07_18_02_13:04:05","LEM","07_18_02_13:04:08"
"OC_LA_372","LA",372,"C_LA_2950","Sorcery","LEM","07_18_02_13:06:41","LEM","07_18_02_13:06:52"
"OC_LA_373","LA",373,"C_EGD_2102","Treason","LEM","07_24_02_10:23:09","LEM","07_24_02_10:23:11"
"OC_LA_374","LA",374,"C_EGD_33","Sorcery","LEM","07_24_02_10:29:32","LEM","07_24_02_10:30:30"
"OC_LA_375","LA",375,"C_EGD_28","Charming","LEM","07_24_02_12:53:16","LEM","07_24_02_12:53:16"
"OC_LA_376","LA",376,"C_EGD_28","Sorcery","LEM","07_24_02_12:53:17","LEM","07_24_02_12:53:17"
"OC_LA_377","LA",377,"C_EGD_28","Necromancy","LEM","07_24_02_12:53:18","LEM","07_24_02_12:53:19"
"OC_LA_378","LA",378,"C_EGD_28","Incantation","LEM","07_24_02_12:53:19","LEM","07_24_02_12:53:22"
"OC_LA_379","LA",379,"C_EGD_113","Treason","LEM","07_25_02_14:16:52","LEM","07_25_02_14:16:53"
"OC_LA_38","LA",38,"C_LA_2696","Sorcery","LEM","06_20_01_13:23:28","LEM","06_20_01_13:23:31"
"OC_LA_380","LA",380,"C_EGD_113","Sorcery","LEM","07_25_02_14:16:54","LEM","07_25_02_14:16:56"
"OC_LA_381","LA",381,"C_EGD_126","Treason","LEM","07_26_02_12:53:21","LEM","07_26_02_12:53:40"
"OC_LA_382","LA",382,"C_EGD_126","Poisoning","LEM","07_26_02_12:53:40","LEM","07_26_02_12:55:53"
"OC_LA_383","LA",383,"C_EGD_2129","Charming","LEM","08_01_02_16:55:22","LEM","08_01_02_16:55:23"
"OC_LA_384","LA",384,"C_EGD_2129",,"LEM","08_01_02_16:55:24","LEM","08_01_02_16:55:38"
"OC_LA_385","LA",385,"C_EGD_1798","Charming","LEM","08_14_02_15:20:32","LEM","08_14_02_15:20:33"
"OC_LA_386","LA",386,"C_EGD_1798","Necromancy","LEM","08_14_02_15:20:34","LEM","08_14_02_15:20:39"
"OC_LA_387","LA",387,"C_EGD_1797","Charming","LEM","08_14_02_15:21:46","LEM","08_14_02_15:21:47"
"OC_LA_388","LA",388,"C_EGD_1797","Necromancy","LEM","08_14_02_15:21:47","LEM","08_14_02_15:21:49"
"OC_LA_389","LA",389,"C_EGD_152","Consulting","LEM","08_20_02_13:51:09","LEM","08_20_02_13:51:09"
"OC_LA_39","LA",39,"C_EGD_124","Treason","LEM","06_20_01_13:28:02","LEM","06_20_01_13:28:03"
"OC_LA_390","LA",390,"C_EGD_152","Poisoning","LEM","08_20_02_13:51:10","LEM","08_20_02_13:51:58"
"OC_LA_391","LA",391,"C_LA_3246","Sorcery","LEM","08_26_02_09:29:39","LEM","08_26_02_09:29:40"
"OC_LA_392","LA",392,"C_LA_3246","Sodomy","LEM","08_26_02_09:29:40","LEM","08_26_02_09:29:42"
"OC_LA_393","LA",393,"C_LA_3247","Sorcery","LEM","08_26_02_09:34:24","LEM","08_26_02_09:34:24"
"OC_LA_394","LA",394,"C_LA_3247","Enchantment","LEM","08_26_02_09:34:25","LEM","08_26_02_09:34:51"
"OC_LA_395","LA",395,"C_EGD_1241","Enchantment","LEM","08_26_02_09:54:29","LEM","08_26_02_09:54:32"
"OC_LA_396","LA",396,"C_EGD_1241","Charming","LEM","08_26_02_09:54:33","LEM","08_26_02_09:54:35"
"OC_LA_397","LA",397,"C_EGD_1242","Enchantment","LEM","08_26_02_09:56:53","LEM","08_26_02_09:56:53"
"OC_LA_398","LA",398,"C_EGD_1242","Charming","LEM","08_26_02_09:56:54","LEM","08_26_02_09:56:55"
"OC_LA_399","LA",399,"C_LA_3249","Enchantment","LEM","08_26_02_09:59:51","LEM","08_26_02_09:59:52"
"OC_LA_40","LA",40,"C_EGD_124","Consulting","LEM","06_20_01_13:28:03","LEM","06_20_01_13:28:04"
"OC_LA_400","LA",400,"C_LA_3249","Charming","LEM","08_26_02_09:59:53","LEM","08_26_02_09:59:55"
"OC_LA_401","LA",401,"C_EGD_800","Charming","LEM","08_28_02_10:10:50","LEM","08_28_02_10:10:51"
"OC_LA_402","LA",402,"C_EGD_799","Charming","LEM","08_28_02_10:15:45","LEM","08_28_02_10:15:46"
"OC_LA_403","LA",403,"C_EGD_720","Charming","LEM","08_28_02_10:39:46","LEM","08_28_02_10:39:47"
"OC_LA_404","LA",404,"C_EGD_720","Necromancy","LEM","08_28_02_10:39:48","LEM","08_28_02_10:39:50"
"OC_LA_405","LA",405,"C_EGD_720","Sorcery","LEM","08_28_02_10:39:50","LEM","08_28_02_10:39:52"
"OC_LA_406","LA",406,"C_EGD_586","Sorcery","LEM","08_28_02_11:00:14","LEM","08_28_02_11:00:16"
"OC_LA_407","LA",407,"C_EGD_586","Charming","LEM","08_28_02_11:00:17","LEM","08_28_02_11:00:19"
"OC_LA_408","LA",408,"C_EGD_597","Charming","LEM","08_28_02_11:27:34","LEM","08_28_02_11:27:36"
"OC_LA_409","LA",409,"C_EGD_150","Incest","LEM","08_28_02_13:25:10","LEM","08_28_02_13:25:36"
"OC_LA_41","LA",41,"C_LA_2755","Rape","LEM","06_25_01_12:25:15","LEM","06_25_01_12:25:17"
"OC_LA_410","LA",410,"C_LA_3277","Soothsaying","LEM","08_28_02_20:55:58","jhm","11_13_02_12:22:34"
"OC_LA_411","LA",411,"C_LA_3277","Sorcery","LEM","08_28_02_20:56:06","LEM","08_28_02_20:56:07"
"OC_LA_412","LA",412,"C_LA_3277","Enchantment","LEM","08_28_02_20:56:08","LEM","08_28_02_20:56:09"
"OC_LA_413","LA",413,"C_LA_3285","Bigamy","LEM","08_29_02_12:34:11","LEM","08_29_02_12:34:15"
"OC_LA_414","LA",414,"C_LA_3298","Sorcery","LEM","09_05_02_13:53:25","LEM","09_05_02_13:53:25"
"OC_LA_415","LA",415,"C_LA_3298","Charming","LEM","09_05_02_13:53:26","LEM","09_05_02_13:53:27"
"OC_LA_418","LA",418,"C_LA_3300","Charming","LEM","09_05_02_14:02:01","LEM","09_05_02_14:02:02"
"OC_LA_419","LA",419,"C_LA_3300","Sorcery","LEM","09_05_02_14:02:22","LEM","09_05_02_14:02:22"
"OC_LA_42","LA",42,"C_LA_2755","Consulting","LEM","06_25_01_12:25:18","LEM","06_25_01_12:25:19"
"OC_LA_420","LA",420,"C_LA_3301","Sorcery","LEM","09_05_02_14:16:10","LEM","09_05_02_14:16:11"
"OC_LA_421","LA",421,"C_LA_3301","Charming","LEM","09_05_02_14:16:11","LEM","09_05_02_14:16:12"
"OC_LA_422","LA",422,"C_LA_3306","Sorcery","LEM","09_05_02_14:48:25","LEM","09_05_02_14:48:26"
"OC_LA_423","LA",423,"C_LA_3306","Enchantment","LEM","09_05_02_14:48:29","LEM","09_05_02_14:48:29"
"OC_LA_424","LA",424,"C_LA_3306","Charming","LEM","09_05_02_14:48:30","LEM","09_05_02_14:48:31"
"OC_LA_425","LA",425,"C_LA_3307","Sorcery","LEM","09_05_02_15:01:50","LEM","09_05_02_15:01:52"
"OC_LA_426","LA",426,"C_LA_3307","Charming","LEM","09_05_02_15:01:52","LEM","09_05_02_15:01:53"
"OC_LA_427","LA",427,"C_LA_3307","Enchantment","LEM","09_05_02_15:01:53","LEM","09_05_02_15:01:55"
"OC_LA_428","LA",428,"C_LA_3308","Sorcery","LEM","09_05_02_15:04:27","LEM","09_05_02_15:04:27"
"OC_LA_429","LA",429,"C_LA_3308","Charming","LEM","09_05_02_15:04:28","LEM","09_05_02_15:04:28"
"OC_LA_43","LA",43,"C_EGD_843","Theft","LEM","06_25_01_12:46:42","LEM","06_25_01_12:46:46"
"OC_LA_430","LA",430,"C_LA_3308","Enchantment","LEM","09_05_02_15:04:29","LEM","09_05_02_15:04:30"
"OC_LA_431","LA",431,"C_LA_3309","Sorcery","LEM","09_05_02_15:06:45","LEM","09_05_02_15:06:46"
"OC_LA_432","LA",432,"C_LA_3309","Charming","LEM","09_05_02_15:06:47","LEM","09_05_02_15:06:47"
"OC_LA_433","LA",433,"C_LA_3309","Enchantment","LEM","09_05_02_15:06:48","LEM","09_05_02_15:06:49"
"OC_LA_434","LA",434,"C_LA_3310","Charming","LEM","09_05_02_15:09:30","LEM","09_05_02_15:09:31"
"OC_LA_435","LA",435,"C_LA_3310","Enchantment","LEM","09_05_02_15:09:31","LEM","09_05_02_15:09:33"
"OC_LA_436","LA",436,"C_LA_3310","Sorcery","LEM","09_05_02_15:09:34","LEM","09_05_02_15:09:37"
"OC_LA_437","LA",437,"C_LA_3311","Charming","LEM","09_05_02_15:18:47","LEM","09_05_02_15:18:48"
"OC_LA_438","LA",438,"C_LA_3311","Enchantment","LEM","09_05_02_15:18:48","LEM","09_05_02_15:18:49"
"OC_LA_439","LA",439,"C_EGD_828","Charming","LEM","09_10_02_10:05:11","LEM","09_10_02_10:05:14"
"OC_LA_44","LA",44,"C_EGD_843","Receiving_stolen_property","LEM","06_25_01_12:46:47","LEM","06_25_01_12:47:01"
"OC_LA_440","LA",440,"C_EGD_1998","Charming","LEM","09_17_02_14:57:15","LEM","09_17_02_14:57:16"
"OC_LA_443","LA",443,"C_LA_3208","Fornication","LEM","10_07_02_16:37:25","LEM","10_07_02_16:37:28"
"OC_LA_45","LA",45,"C_EGD_843","Sorcery","LEM","06_25_01_12:47:05","LEM","06_25_01_12:47:07"
"OC_LA_46","LA",46,"C_EGD_844","Theft","LEM","06_25_01_12:48:39","LEM","06_25_01_12:48:40"
"OC_LA_47","LA",47,"C_EGD_844","Receiving_stolen_property","LEM","06_25_01_12:48:41","LEM","06_25_01_12:48:42"
"OC_LA_48","LA",48,"C_EGD_844","Sorcery","LEM","06_25_01_12:48:43","LEM","06_25_01_12:48:45"
"OC_LA_49","LA",49,"C_EGD_846","Sorcery","LEM","06_25_01_14:45:17","LEM","06_25_01_14:45:18"
"OC_LA_5","LA",5,"C_EGD_166","Murder","LEM","05_21_01_11:45:55","LEM","05_21_01_11:46:01"
"OC_LA_50","LA",50,"C_EGD_846","Murder","LEM","06_25_01_14:45:18","LEM","06_25_01_14:45:20"
"OC_LA_51","LA",51,"C_EGD_852","Sorcery","LEM","06_25_01_15:35:48","LEM","06_25_01_15:35:49"
"OC_LA_52","LA",52,"C_EGD_852","Enchantment","LEM","06_25_01_15:35:50","LEM","06_25_01_15:36:04"
"OC_LA_53","LA",53,"C_EGD_851","Sorcery","LEM","06_25_01_15:36:33","LEM","06_25_01_15:36:35"
"OC_LA_54","LA",54,"C_EGD_851","Enchantment","LEM","06_25_01_15:36:35","LEM","06_25_01_15:36:38"
"OC_LA_55","LA",55,"C_EGD_871","Poisoning","LEM","06_26_01_12:32:29","LEM","06_26_01_12:32:41"
"OC_LA_56","LA",56,"C_EGD_871","Consulting","LEM","06_26_01_12:32:43","LEM","06_26_01_12:32:44"
"OC_LA_57","LA",57,"C_EGD_872","Poisoning","LEM","06_26_01_12:33:17","LEM","06_26_01_12:33:18"
"OC_LA_58","LA",58,"C_EGD_872","Consulting","LEM","06_26_01_12:33:18","LEM","06_26_01_12:33:19"
"OC_LA_59","LA",59,"C_EGD_874","Poisoning","LEM","06_26_01_12:33:32","LEM","06_26_01_12:33:33"
"OC_LA_6","LA",6,"C_EGD_169","Murder","LEM","05_21_01_14:39:15","LEM","05_21_01_14:39:16"
"OC_LA_60","LA",60,"C_EGD_874","Consulting","LEM","06_26_01_12:33:34","LEM","06_26_01_12:33:35"
"OC_LA_61","LA",61,"C_EGD_151","Consulting","LEM","06_26_01_12:34:31","LEM","06_26_01_12:34:32"
"OC_LA_62","LA",62,"C_EGD_151","Poisoning","LEM","06_26_01_12:34:32","LEM","06_26_01_12:34:33"
"OC_LA_63","LA",63,"C_EGD_154","Consulting","LEM","06_26_01_12:34:50","LEM","06_26_01_12:34:51"
"OC_LA_64","LA",64,"C_EGD_154","Poisoning","LEM","06_26_01_12:34:51","LEM","06_26_01_12:34:52"
"OC_LA_65","LA",65,"C_EGD_153","Consulting","LEM","06_26_01_12:35:24","LEM","06_26_01_12:35:25"
"OC_LA_66","LA",66,"C_EGD_153","Poisoning","LEM","06_26_01_12:35:26","LEM","06_26_01_12:35:30"
"OC_LA_67","LA",67,"C_EGD_870","Poisoning","LEM","06_26_01_12:35:41","LEM","06_26_01_12:35:42"
"OC_LA_68","LA",68,"C_EGD_870","Consulting","LEM","06_26_01_12:35:43","LEM","06_26_01_12:35:44"
"OC_LA_69","LA",69,"C_EGD_876","Sorcery","LEM","06_26_01_12:51:00","LEM","06_26_01_12:51:02"
"OC_LA_7","LA",7,"C_EGD_170","Murder","LEM","05_21_01_15:04:26","LEM","05_21_01_15:04:26"
"OC_LA_70","LA",70,"C_EGD_876","Charming","LEM","06_26_01_12:51:02","LEM","06_26_01_12:51:05"
"OC_LA_71","LA",71,"C_EGD_877","Sorcery","LEM","06_26_01_15:22:20","LEM","06_26_01_15:22:22"
"OC_LA_72","LA",72,"C_EGD_877","Charming","LEM","06_26_01_15:22:22","LEM","06_26_01_15:22:25"
"OC_LA_73","LA",73,"C_EGD_886","Sorcery","LEM","06_26_01_16:15:16","LEM","06_26_01_16:15:17"
"OC_LA_74","LA",74,"C_EGD_886","Enchantment","LEM","06_26_01_16:15:17","LEM","06_26_01_16:15:19"
"OC_LA_75","LA",75,"C_EGD_850","Sorcery","LEM","06_27_01_09:53:58","LEM","06_27_01_09:53:59"
"OC_LA_76","LA",76,"C_EGD_850","Enchantment","LEM","06_27_01_09:54:01","LEM","06_27_01_09:54:03"
"OC_LA_77","LA",77,"C_EGD_850","Charming","LEM","06_27_01_09:54:04","LEM","06_27_01_09:54:06"
"OC_LA_78","LA",78,"C_LA_2649","Sorcery","LEM","06_27_01_10:27:46","LEM","06_27_01_10:27:48"
"OC_LA_79","LA",79,"C_LA_2649","Enchantment","LEM","06_27_01_10:27:55","LEM","06_27_01_10:27:57"
"OC_LA_8","LA",8,"C_EGD_170","Adultery","LEM","05_21_01_15:04:30","LEM","05_21_01_15:04:39"
"OC_LA_80","LA",80,"C_EGD_901","Sorcery","LEM","06_27_01_11:42:57","LEM","06_27_01_11:42:58"
"OC_LA_81","LA",81,"C_EGD_901","Charming","LEM","06_27_01_11:43:00","LEM","06_27_01_11:43:03"
"OC_LA_82","LA",82,"C_EGD_899","Sorcery","LEM","06_27_01_11:54:00","LEM","06_27_01_11:54:01"
"OC_LA_83","LA",83,"C_EGD_899","Charming","LEM","06_27_01_11:54:03","LEM","06_27_01_11:54:07"
"OC_LA_84","LA",84,"C_EGD_898","Sorcery","LEM","06_27_01_11:54:36","LEM","06_27_01_11:54:41"
"OC_LA_85","LA",85,"C_EGD_898","Charming","LEM","06_27_01_11:54:41","LEM","06_27_01_11:54:42"
"OC_LA_86","LA",86,"C_EGD_897","Sorcery","LEM","06_27_01_11:54:57","LEM","06_27_01_11:54:58"
"OC_LA_87","LA",87,"C_EGD_897","Charming","LEM","06_27_01_11:54:59","LEM","06_27_01_11:55:01"
"OC_LA_88","LA",88,"C_LA_2759","Sorcery","LEM","06_27_01_11:55:20","LEM","06_27_01_11:55:21"
"OC_LA_89","LA",89,"C_LA_2759","Charming","LEM","06_27_01_11:55:21","LEM","06_27_01_11:55:23"
"OC_LA_9","LA",9,"C_EGD_172","Necromancy","LEM","05_21_01_15:48:55","LEM","05_21_01_15:49:04"
"OC_LA_90","LA",90,"C_EGD_900","Sorcery","LEM","06_27_01_11:56:01","LEM","06_27_01_11:56:02"
"OC_LA_91","LA",91,"C_EGD_900","Charming","LEM","06_27_01_11:56:02","LEM","06_27_01_11:56:04"
"OC_LA_92","LA",92,"C_EGD_372","Sorcery","LEM","06_27_01_16:11:55","LEM","06_27_01_16:11:56"
"OC_LA_93","LA",93,"C_EGD_380","Sorcery","LEM","06_29_01_12:04:39","LEM","06_29_01_12:04:46"
"OC_LA_94","LA",94,"C_EGD_385","Sorcery","LEM","06_29_01_12:09:38","LEM","06_29_01_12:09:41"
"OC_LA_95","LA",95,"C_EGD_382","Sorcery","LEM","06_29_01_12:14:48","LEM","06_29_01_12:14:50"
"OC_LA_96","LA",96,"C_EGD_384","Sorcery","LEM","06_29_01_12:15:17","LEM","06_29_01_12:15:18"
"OC_LA_97","LA",97,"C_EGD_385","Charming","LEM","06_29_01_13:19:23","LEM","06_29_01_13:19:25"
"OC_LA_98","LA",98,"C_EGD_383","Sorcery","LEM","06_29_01_13:36:43","LEM","06_29_01_13:36:45"
"OC_LA_99","LA",99,"C_EGD_383","Charming","LEM","06_29_01_13:36:45","LEM","06_29_01_13:36:48"
