MeetingPlaceRef,MeetingPlaceSystemId,MeetingPlaceID,CaseRef,MeetingPlace_Place,Inversion,Location,Createdby,Createdate,Lastupdatedby,Lastupdatedon
"MP_JO_137","JO",137,"C_EGD_1954","Yard",0,"own_house","jhm","07_10_01_09:12:34","jhm","07_10_01_09:14:58"
"MP_JO_138","JO",138,"C_EGD_402",,0,"going_to_Edinburgh","jhm","07_10_01_09:21:16","jhm","07_10_01_09:22:35"
"MP_JO_139","JO",139,"C_JO_2830",,0,"'moremaddenhole'_Leith","jhm","07_10_01_10:05:45","jhm","07_10_01_10:06:36"
"MP_JO_140","JO",140,"C_JO_2830",,0,"the_'Latch'_Edinburgh","jhm","07_10_01_10:06:00","jhm","07_10_01_10:06:13"
"MP_JO_141","JO",141,"C_JO_2830","Burn",0,,"jhm","07_10_01_10:06:57","jhm","07_10_01_10:08:10"
"MP_JO_142","JO",142,"C_LA_2786",,0,"Windygoul","jhm","07_10_01_10:33:20","jhm","07_10_01_10:33:34"
"MP_JO_143","JO",143,"C_LA_2786","Hilltop",0,"Parson's_Knoll","jhm","07_10_01_10:33:36","jhm","07_10_01_10:33:54"
"MP_JO_146","JO",146,"C_EGD_402","House",0,"her_own_house","jhm","07_10_01_11:06:07","jhm","07_10_01_11:06:32"
"MP_JO_147","JO",147,"C_EGD_402",,0,"Jock's_Lodge","jhm","07_10_01_11:07:20","jhm","07_10_01_11:07:33"
"MP_JO_148","JO",148,"C_LA_2785","House_yard",0,"own_house","jhm","07_10_01_12:06:03","jhm","07_10_01_12:06:14"
"MP_JO_149","JO",149,"C_LA_2785","House",0,"in_bedroom","jhm","07_10_01_12:06:24","jhm","07_10_01_12:06:37"
"MP_JO_150","JO",150,"C_EGD_395","House",0,"own_house","jhm","07_10_01_12:44:28","jhm","07_10_01_12:44:38"
"MP_JO_151","JO",151,"C_EGD_397","Loch",0,"lochside,_beside_meadow","jhm","07_10_01_13:00:51","jhm","07_10_01_13:01:16"
"MP_JO_152","JO",152,"C_EGD_401","Hilltop",0,"Gallolaw","jhm","07_10_01_15:23:38","jhm","07_10_01_15:23:45"
"MP_JO_153","JO",153,"C_EGD_401",,0,"Jock's_Lodge","jhm","07_10_01_15:23:46","jhm","07_10_01_15:24:03"
"MP_JO_154","JO",154,"C_EGD_1954","Road",0,"Restalrig_Loan","jhm","07_10_01_15:36:41","jhm","07_10_01_15:37:07"
"MP_JO_157","JO",157,"C_EGD_398","House",0,"own_house_window","jhm","07_10_01_15:52:40","jhm","07_10_01_15:53:02"
"MP_JO_158","JO",158,"C_EGD_401","Burn",0,"North_Meadow_burn","jhm","07_10_01_16:05:11","jhm","07_10_01_16:05:28"
"MP_JO_159","JO",159,"C_EGD_396","Yard",0,"Andrew_Simmon's_whinns","jhm","07_11_01_09:52:39","jhm","07_11_01_09:53:48"
"MP_JO_160","JO",160,"C_EGD_400","Mill",0,"'Breastmilne'","jhm","07_11_01_13:06:02","jhm","07_11_01_13:07:37"
"MP_JO_165","JO",165,"C_EGD_400",,0,"Brownesmith?","jhm","07_16_01_10:42:38","jhm","07_16_01_10:45:40"
"MP_JO_170","JO",170,"C_JO_2846","Coalpit",0,"Southhundall?","jhm","07_24_01_10:43:03","jhm","07_24_01_10:44:55"
"MP_JO_173","JO",173,"C_EGD_1298","Burn",0,"Swynisburne","jhm","07_26_01_16:09:19","jhm","07_26_01_16:09:27"
"MP_JO_174","JO",174,"C_EGD_1817","House",0,"mother's_house","jhm","07_31_01_13:32:36","jhm","10_22_02_12:54:45"
"MP_JO_175","JO",175,"C_EGD_2005","Hilltop",0,"Gallowberry_Hill","jhm","07_31_01_14:58:50","jhm","07_31_01_15:28:36"
"MP_JO_176","JO",176,"C_EGD_1859","Hilltop",0,"Gallowberry_Hill","jhm","07_31_01_15:27:41","jhm","07_31_01_15:28:11"
"MP_JO_177","JO",177,"C_EGD_1860",,0,"Kirkurd","jhm","07_31_01_15:46:59","jhm","07_31_01_15:47:08"
"MP_JO_178","JO",178,"C_JO_2882","House",0,"own_house","jhm","09_07_01_12:20:30","jhm","09_07_01_12:20:46"
"MP_JO_179","JO",179,"C_JO_2882","Bridge",0,"Lintoun_Bridge","jhm","09_07_01_13:26:14","jhm","09_07_01_13:26:59"
"MP_JO_294","JO",294,"C_EGD_1367","Haugh",0,"Samuelston","jhm","10_19_01_10:34:59","jhm","10_19_01_10:37:08"
"MP_JO_295","JO",295,"C_EGD_1367","House",0,"Own_house","jhm","10_19_01_10:36:50","jhm","10_19_01_10:36:56"
"MP_JO_296","JO",296,"C_EGD_1368","Burn",0,"black_burn_beside_Calfward","jhm","10_19_01_10:56:11","jhm","10_19_01_10:56:39"
"MP_JO_297","JO",297,"C_EGD_1368","Moor",0,"Begbiemure","jhm","10_19_01_10:56:45","jhm","10_19_01_10:57:31"
"MP_JO_298","JO",298,"C_EGD_1368","Moor",0,"Overboltonmure","jhm","10_19_01_10:57:01","jhm","10_19_01_10:58:09"
"MP_JO_299","JO",299,"C_EGD_1368","Burn",0,"Kirkland_burn","jhm","10_19_01_10:58:11","jhm","10_19_01_11:04:46"
"MP_JO_300","JO",300,"C_EGD_1375","House",0,"own_house","jhm","10_19_01_12:07:01","jhm","10_19_01_12:07:09"
"MP_JO_301","JO",301,"C_EGD_1375","Moor",0,"Boltonmure","jhm","10_19_01_12:07:13","jhm","10_19_01_12:07:20"
"MP_JO_302","JO",302,"C_EGD_1375","Haugh",0,"Samuelston","jhm","10_19_01_12:07:32","jhm","10_19_01_12:07:42"
"MP_JO_303","JO",303,"C_EGD_1375","Moor",0,"Pilmure","jhm","10_19_01_12:07:43","jhm","10_19_01_12:07:49"
"MP_JO_304","JO",304,"C_EGD_1375","Burn",0,"Black_burn_of_Bolton","jhm","10_19_01_12:07:53","jhm","10_19_01_12:08:06"
"MP_JO_305","JO",305,"C_EGD_1375","Moor",0,"Begbiemure","jhm","10_19_01_12:08:07","jhm","10_19_01_12:09:14"
"MP_JO_306","JO",306,"C_EGD_1372","House",0,"outside_own_house","jhm","10_19_01_12:20:59","jhm","10_19_01_12:21:09"
"MP_JO_307","JO",307,"C_EGD_1372","Moor",0,"Baigbiemure","jhm","10_19_01_12:21:11","jhm","10_19_01_12:21:30"
"MP_JO_308","JO",308,"C_EGD_1372","Burn",0,"Black_burn_of_Bolton","jhm","10_19_01_12:21:33","jhm","10_22_01_12:10:18"
"MP_JO_309","JO",309,"C_EGD_1373","Moor",0,"Baigbiemure","jhm","10_19_01_12:40:07","jhm","10_19_01_12:40:18"
"MP_JO_310","JO",310,"C_EGD_1373","Burn",0,"Black_burn","jhm","10_19_01_12:40:31","jhm","10_19_01_12:40:54"
"MP_JO_311","JO",311,"C_JO_2905","House",0,"Elizabeth_Lawson's_house","jhm","10_19_01_13:00:13","jhm","10_19_01_13:00:29"
"MP_JO_312","JO",312,"C_JO_2905","Yard",0,"great_yard_of_Blause","jhm","10_19_01_13:00:30","jhm","10_19_01_13:00:41"
"MP_JO_313","JO",313,"C_JO_2905","Burn",0,"Black_burn","jhm","10_19_01_13:00:43","jhm","10_19_01_13:00:50"
"MP_JO_314","JO",314,"C_JO_2905","Well",0,"Cadger_well","jhm","10_19_01_13:00:54","jhm","10_19_01_13:01:02"
"MP_JO_315","JO",315,"C_EGD_1374","Burn",0,"Black_burn_of_Bolton","jhm","10_19_01_13:09:14","jhm","10_22_01_12:11:14"
"MP_JO_336","JO",336,"C_EGD_1367","Burn",0,"Blackburn_of_Bolton","jhm","10_19_01_16:28:22","jhm","10_19_01_16:28:31"
"MP_JO_337","JO",337,"C_EGD_1367","Moor",0,"baigbiemure","jhm","10_19_01_16:28:31","jhm","10_19_01_16:28:49"
"MP_JO_338","JO",338,"C_EGD_1374","Moor",0,"Baigbiemure","jhm","10_19_01_16:29:22","jhm","10_19_01_16:30:44"
"MP_JO_36","JO",36,"C_EGD_2121","Mercat_Cross",0,"Aberdeen","jhm","06_05_01_14:53:46","jhm","06_05_01_14:54:43"
"MP_JO_37","JO",37,"C_EGD_1324","House_yard",0,"Painston","jhm","06_13_01_12:39:14","jhm","06_13_01_12:40:19"
"MP_JO_38","JO",38,"C_EGD_1324","Loch",0,"Painston","jhm","06_13_01_12:54:04","jhm","06_13_01_12:54:24"
"MP_JO_39","JO",39,"C_EGD_1324","Dam",0,"Butter_Dam","jhm","06_13_01_12:59:49","jhm","06_13_01_13:00:18"
"MP_JO_40","JO",40,"C_EGD_1323","Dean_bank_head",0,"Nisbot","jhm","06_13_01_13:21:37","jhm","06_13_01_13:22:54"
"MP_JO_41","JO",41,"C_EGD_1323","Moor",0,,"jhm","06_13_01_13:22:59","jhm","06_13_01_13:23:39"
"MP_JO_42","JO",42,"C_EGD_1323","Moor",0,"Gladsmuir","jhm","06_13_01_13:23:42","jhm","10_03_02_14:38:37"
"MP_JO_43","JO",43,"C_EGD_1323","House",0,"Nisbot","jhm","06_13_01_13:24:12","jhm","06_13_01_13:25:04"
"MP_JO_440","JO",440,"C_EGD_1818","Hilltop",0,"Gallowbeirnie_Hill","jhm","11_27_01_13:52:29","jhm","11_27_01_13:53:06"
"MP_JO_451","JO",451,"C_EGD_2387","Mill",0,,"jhm","02_07_02_10:23:44","jhm","02_07_02_10:23:47"
"MP_JO_452","JO",452,"C_EGD_2387","Bridge",0,,"jhm","02_07_02_10:23:50","jhm","02_07_02_10:23:54"
"MP_JO_453","JO",453,"C_EGD_2387","Waterside",0,"West_Mill","jhm","02_07_02_10:23:55","jhm","02_07_02_10:24:54"
"MP_JO_454","JO",454,"C_JO_2959","House",0,"her_own_house","jhm","02_07_02_15:19:31","jhm","02_07_02_15:19:41"
"MP_JO_455","JO",455,"C_EGD_1848","Moor",0,"common_moor_of_Brechin_at_Lucifer's_loch","jhm","02_07_02_16:02:12","jhm","02_07_02_16:02:30"
"MP_JO_48","JO",48,"C_JO_2667","Moor",0,"Foxton_moor","jhm","06_14_01_15:44:59","jhm","06_14_01_15:45:08"
"MP_JO_49","JO",49,"C_JO_2668","Moor",0,"Foxton_moor","jhm","06_14_01_15:50:00","jhm","06_14_01_15:50:07"
"MP_JO_50","JO",50,"C_EGD_1337",,0,,"jhm","06_15_01_09:26:03","jhm","06_15_01_09:27:52"
"MP_JO_550","JO",550,"C_EGD_2153","Hilltop",0,"Hill_of_Cragleauche","jhm","03_07_02_16:21:33","jhm","03_07_02_16:21:51"
"MP_JO_551","JO",551,"C_EGD_2119","Mercat_Cross",0,"Aberdeen","jhm","05_02_02_12:45:55","jhm","05_02_02_12:55:51"
"MP_JO_552","JO",552,"C_EGD_2119","Fish_cross",0,"Aberdeen","jhm","05_02_02_12:55:35","jhm","05_02_02_12:56:02"
"MP_JO_553","JO",553,"C_EGD_2119","Meal_market",0,"Aberdeen","jhm","05_02_02_12:56:04","jhm","05_02_02_12:56:27"
"MP_JO_554","JO",554,"C_EGD_2159","Jail",0,"Slains","jhm","05_09_02_13:05:59","jhm","05_09_02_13:06:13"
"MP_JO_555","JO",555,"C_EGD_2159","Loch",0,"near_her_house","jhm","05_09_02_13:06:26","jhm","05_09_02_13:06:48"
"MP_JO_556","JO",556,"C_EGD_2163",,0,"between_Lumphanan_and_Cragleuch","jhm","05_14_02_16:17:02","jhm","05_14_02_16:18:15"
"MP_JO_558","JO",558,"C_EGD_2154",,0,"Craigleauch","jhm","05_16_02_11:55:19","jhm","05_16_02_11:55:38"
"MP_JO_561","JO",561,"C_EGD_2161","Foot_of_hill",0,"Craigleuch","jhm","06_03_02_12:28:32","jhm","06_03_02_12:35:23"
"MP_JO_562","JO",562,"C_EGD_2162","Hilltop",0,"Hill_of_Cragleuche","jhm","06_03_02_15:25:35","jhm","06_03_02_15:26:08"
"MP_JO_565","JO",565,"C_EGD_2130","Yard",0,"Lammyntownis_yard","jhm","06_10_02_18:07:17","jhm","06_10_02_18:07:38"
"MP_JO_566","JO",566,"C_EGD_2130","yard",0,"James_Thomsoun's_yard","jhm","06_10_02_18:07:51","jhm","06_10_02_18:08:03"
"MP_JO_567","JO",567,"C_EGD_2130","Cross",0,"Fish_cross","jhm","06_10_02_18:08:11","jhm","06_10_02_18:08:18"
"MP_JO_568","JO",568,"C_EGD_2130","Mercat_Cross",0,"meal_market","jhm","06_10_02_18:08:19","jhm","06_10_02_18:08:51"
"MP_JO_569","JO",569,"C_EGD_2122","Yard",0,"James_Thomsouns's_yard","jhm","06_10_02_18:50:20","jhm","06_10_02_18:50:51"
"MP_JO_570","JO",570,"C_EGD_2122","Cross",0,"Fish_cross","jhm","06_10_02_18:50:52","jhm","06_10_02_18:51:00"
"MP_JO_571","JO",571,"C_EGD_2122","Mercat_Cross",0,"meal_market","jhm","06_10_02_18:51:00","jhm","06_10_02_18:51:10"
"MP_JO_572","JO",572,"C_EGD_2123","Yard",0,"James_Thomsoun's_yard","jhm","06_10_02_20:51:06","jhm","06_10_02_20:51:34"
"MP_JO_573","JO",573,"C_EGD_2123","Cross",0,"Fish_cross","jhm","06_10_02_20:51:36","jhm","06_10_02_20:51:41"
"MP_JO_574","JO",574,"C_EGD_2123","Mercat_Cross",0,"meal_mercat","jhm","06_10_02_20:51:42","jhm","06_10_02_20:51:53"
"MP_JO_575","JO",575,"C_EGD_2141","House",0,"own_house","jhm","06_10_02_21:50:22","jhm","06_10_02_21:50:27"
"MP_JO_576","JO",576,"C_EGD_2141","Field",0,"assorted_fields","jhm","06_10_02_21:50:28","jhm","06_10_02_21:50:44"
"MP_JO_577","JO",577,"C_JO_3046","Links",0,"Links_of_Muness","jhm","06_17_02_16:04:29","jhm","06_17_02_16:04:42"
"MP_JO_582","JO",582,"C_JO_3059",,0,"between_mill_and_park","jhm","06_27_02_14:38:51","jhm","06_27_02_14:38:58"
"MP_JO_583","JO",583,"C_JO_3059","Hilltop",0,"above_Kincardine","jhm","06_27_02_14:38:58","jhm","06_27_02_14:39:09"
"MP_JO_584","JO",584,"C_JO_3068","House",0,"neighbour's_house","jhm","07_02_02_09:21:58","jhm","07_02_02_09:22:10"
"MP_JO_585","JO",585,"C_EGD_297","House",0,"neighbour's_house","jhm","07_03_02_16:23:59","jhm","07_03_02_16:25:13"
"MP_JO_586","JO",586,"C_EGD_297","Cross",0,"Alloa_cross","jhm","07_04_02_10:57:34","jhm","07_04_02_10:57:39"
"MP_JO_587","JO",587,"C_EGD_297",,0,"Cunigar?","jhm","07_04_02_10:57:42","jhm","07_04_02_10:57:47"
"MP_JO_588","JO",588,"C_EGD_297","Barn",0,"at_barn_door","jhm","07_04_02_10:58:26","jhm","07_04_02_10:58:47"
"MP_JO_589","JO",589,"C_EGD_297","House",0,"other_person's_house","jhm","07_04_02_10:58:48","jhm","07_04_02_10:59:08"
"MP_JO_590","JO",590,"C_EGD_294","Meadow",0,,"jhm","07_04_02_11:49:57","jhm","11_13_02_12:37:48"
"MP_JO_591","JO",591,"C_EGD_294","Burn",0,"Bagraburn","jhm","07_04_02_11:50:00","jhm","07_04_02_14:16:09"
"MP_JO_592","JO",592,"C_EGD_294","House",0,"other_people's_houses","jhm","07_04_02_11:50:26","jhm","07_04_02_11:50:36"
"MP_JO_593","JO",593,"C_EGD_291","Meadow",0,,"jhm","07_04_02_14:01:51","jhm","11_13_02_12:38:06"
"MP_JO_594","JO",594,"C_EGD_291","House",0,"other_people's_house","jhm","07_04_02_14:01:55","jhm","07_04_02_14:02:06"
"MP_JO_595","JO",595,"C_EGD_293","Meadow",0,,"jhm","07_04_02_15:17:20","jhm","11_13_02_12:38:38"
"MP_JO_596","JO",596,"C_EGD_293","Burn",0,"Bagraburn","jhm","07_04_02_15:17:24","jhm","07_04_02_15:17:31"
"MP_JO_597","JO",597,"C_EGD_293","House",0,"other_person's_house","jhm","07_04_02_15:17:31","jhm","07_04_02_15:17:52"
"MP_JO_598","JO",598,"C_EGD_293","Barn",0,,"jhm","07_04_02_15:18:33","jhm","07_04_02_15:18:46"
"MP_JO_599","JO",599,"C_EGD_1746","House",0,"own_house","jhm","07_10_02_13:10:26","jhm","07_10_02_13:10:52"
"MP_JO_600","JO",600,"C_EGD_2373","Town_wall",0,"town_wall_at_West_Post,_Edinburgh","jhm","07_11_02_10:56:04","jhm","07_11_02_10:58:34"
"MP_JO_601","JO",601,"C_EGD_2373","Quarry",0,"Quarrell_hole_(quarry)","jhm","07_11_02_10:58:37","jhm","07_11_02_10:59:10"
"MP_JO_602","JO",602,"C_EGD_2373",,0,"place_of_Merchiston","jhm","07_11_02_11:04:49","jhm","07_11_02_11:05:07"
"MP_JO_603","JO",603,"C_EGD_1813","Hilltop",0,"Corstorphine_hill","jhm","07_11_02_12:47:44","jhm","07_11_02_12:47:58"
"MP_JO_604","JO",604,"C_EGD_1813","Park",0,,"jhm","07_11_02_12:47:59","jhm","07_11_02_12:48:13"
"MP_JO_605","JO",605,"C_EGD_1628","Park",0,,"jhm","07_11_02_13:45:06","jhm","07_11_02_13:45:13"
"MP_JO_606","JO",606,"C_JO_3093","House",0,"her_own_house","jhm","07_18_02_10:29:07","jhm","07_18_02_10:29:28"
"MP_JO_622","JO",622,"C_EGD_2446","Loan",0,"Pittenweem","jhm","08_02_02_15:10:36","jhm","08_02_02_15:11:08"
"MP_JO_623","JO",623,"C_EGD_830","Loan",0,"Pittenweem","jhm","08_02_02_15:16:00","jhm","08_02_02_15:16:06"
"MP_JO_624","JO",624,"C_EGD_831","Moor",0,"Ceres_Moor","jhm","08_02_02_15:28:16","jhm","08_02_02_15:28:22"
"MP_JO_625","JO",625,"C_EGD_2446","Tolbooth",0,"Laigh_Tolbooth","jhm","08_02_02_15:36:17","jhm","08_06_02_09:40:46"
"MP_JO_626","JO",626,"C_EGD_2444","House",0,"McGregor's_house","jhm","08_02_02_15:38:29","jhm","08_02_02_15:38:39"
"MP_JO_646","JO",646,"C_EGD_1533","Moor",0,"Corsmore","jhm","08_27_02_09:51:52","jhm","08_27_02_09:53:27"
"MP_JO_647","JO",647,"C_EGD_1533",,0,"between_Kilmachalmok_and_Edinmore","jhm","08_27_02_10:03:37","jhm","08_27_02_10:05:00"
"MP_JO_648","JO",648,"C_EGD_1533","Moor",0,"between_Mikell_Kilmorie_and_Killeferne_Moore","jhm","08_27_02_10:06:01","jhm","08_27_02_10:06:43"
"MP_JO_649","JO",649,"C_EGD_1533",,0,"Lochfyne","jhm","08_27_02_10:07:16","jhm","08_27_02_10:07:21"
"MP_JO_650","JO",650,"C_EGD_1527","House",0,"own_house","jhm","08_27_02_10:26:54","jhm","08_27_02_10:27:12"
"MP_JO_651","JO",651,"C_EGD_1527",,0,"Cregandow_or_Bute_quay","jhm","08_27_02_10:27:20","jhm","08_27_02_10:27:33"
"MP_JO_652","JO",652,"C_JO_3246","Field",0,"Faldtombuie","jhm","08_27_02_11:56:58","jhm","08_27_02_11:57:18"
"MP_JO_653","JO",653,"C_JO_3246","Yard",0,"Caleyaird","jhm","08_27_02_11:57:30","jhm","08_27_02_11:57:47"
"MP_JO_654","JO",654,"C_JO_3246","Hilltop",0,"Kilmory","jhm","08_27_02_11:59:29","jhm","08_27_02_12:06:10"
"MP_JO_655","JO",655,"C_JO_3247","Hilltop",0,"Ardturr_and_Glackiriska,_Appin","jhm","08_27_02_13:45:16","jhm","08_27_02_13:45:55"
"MP_JO_656","JO",656,"C_JO_3247",,0,"Lismore","jhm","08_27_02_13:49:17","jhm","08_27_02_13:49:20"
"MP_JO_657","JO",657,"C_JO_3247","Fairy_mound",0,"Shian_of_Barcaldine","jhm","08_27_02_13:49:22","jhm","08_27_02_13:50:05"
"MP_JO_658","JO",658,"C_JO_3248",,0,"Knockanrioch","jhm","08_28_02_10:00:46","jhm","08_28_02_10:01:02"
"MP_JO_659","JO",659,"C_JO_3248",,0,"Bute_quay","jhm","08_28_02_10:14:42","jhm","08_28_02_10:14:52"
"MP_JO_66","JO",66,"C_EGD_604","Shore",0,"Bute_Quau","jhm","06_27_01_12:13:09","jhm","08_27_02_11:20:57"
"MP_JO_660","JO",660,"C_JO_3071","House",0,"Neighbour's_house","jhm","09_26_02_12:57:23","jhm","09_26_02_12:57:39"
"MP_LA_1","LA",1,"C_EGD_160","Hilltop",0,"Dounhill_of_Spott","LEM","05_17_01_10:49:52","LEM","05_17_01_10:50:38"
"MP_LA_10","LA",10,"C_EGD_166","Valley",0,"Den_betwixt_Nidrie_and_Edmestoun","LEM","05_18_01_15:15:24","LEM","05_21_01_11:22:06"
"MP_LA_100","LA",100,"C_EGD_364","Dam",0,"Newtown_Deinhead","LEM","06_29_01_11:55:56","LEM","06_29_01_11:56:05"
"MP_LA_102","LA",102,"C_EGD_384","Shore",0,"on_the_other_side_of_the_water","LEM","06_29_01_12:24:32","LEM","06_29_01_12:24:39"
"MP_LA_103","LA",103,"C_EGD_384","House",0,"her_house","LEM","06_29_01_12:24:40","LEM","06_29_01_12:24:55"
"MP_LA_105","LA",105,"C_EGD_381","Shore",0,"near_the_bridge_at_the_bank_of_John_Ballingtyne's","LEM","06_29_01_12:50:38","LEM","07_17_01_12:01:29"
"MP_LA_106","LA",106,"C_EGD_381","Yard",0,"at_her_farm","LEM","06_29_01_12:50:47","LEM","06_29_01_12:50:51"
"MP_LA_107","LA",107,"C_EGD_381","Road",0,"between_Skloutford_and_nether_Liberton","LEM","06_29_01_12:50:54","jhm","11_05_02_15:12:52"
"MP_LA_108","LA",108,"C_EGD_382","Dam",0,"Causland_dam","LEM","06_29_01_13:01:14","jhm","11_05_02_15:18:15"
"MP_LA_109","LA",109,"C_EGD_382","Yard",0,"back_of_Dalkeith_yards","LEM","06_29_01_13:01:28","jhm","11_05_02_15:18:33"
"MP_LA_110","LA",110,"C_EGD_382","Mill",0,"Millgreen_of_Dalkeith","LEM","06_29_01_13:01:40","jhm","11_05_02_15:18:27"
"MP_LA_111","LA",111,"C_EGD_385","Barn",0,"her_byre_while_milking","LEM","06_29_01_13:18:56","LEM","06_29_01_13:19:11"
"MP_LA_112","LA",112,"C_EGD_390","Yard",0,"just_outside_her_house","LEM","07_02_01_09:34:26","LEM","07_02_01_09:34:33"
"MP_LA_113","LA",113,"C_EGD_388",,0,"Gilmerton_Ward","LEM","07_02_01_09:48:36","LEM","07_02_01_09:49:04"
"MP_LA_114","LA",114,"C_EGD_389","House",0,"his_own","LEM","07_02_01_09:59:22","LEM","07_02_01_09:59:32"
"MP_LA_115","LA",115,"C_EGD_389","Yard",0,"Lady_Laytoun's","LEM","07_02_01_09:59:44","LEM","07_02_01_09:59:54"
"MP_LA_116","LA",116,"C_EGD_389","Barn",0,"drawing_down_of_Robert_Mitchell's","LEM","07_02_01_09:59:58","LEM","07_02_01_10:00:17"
"MP_LA_117","LA",117,"C_EGD_391","Yard",0,"neighbours_yard_dyke","LEM","07_02_01_10:11:50","LEM","07_02_01_10:11:58"
"MP_LA_118","LA",118,"C_EGD_391",,0,"Carthall","LEM","07_02_01_10:12:02","LEM","07_02_01_10:12:14"
"MP_LA_119","LA",119,"C_EGD_386","Bed",0,"her_bed","LEM","07_02_01_10:30:24","LEM","07_02_01_10:31:13"
"MP_LA_12","LA",12,"C_EGD_166","Hilltop",0,"a)_Hugstoun_Hillis,_12:00","LEM","05_21_01_11:04:56","LEM","05_21_01_11:07:55"
"MP_LA_120","LA",120,"C_EGD_386",,0,"stick_gathering","LEM","07_02_01_10:35:58","LEM","07_02_01_10:36:02"
"MP_LA_121","LA",121,"C_EGD_404","Hilltop",0,,"LEM","07_02_01_10:51:47","LEM","07_02_01_10:52:10"
"MP_LA_122","LA",122,"C_EGD_392","Hilltop",0,,"LEM","07_02_01_10:53:30","LEM","07_02_01_10:53:33"
"MP_LA_123","LA",123,"C_EGD_387","Hilltop",0,,"LEM","07_02_01_10:58:49","LEM","07_02_01_10:58:51"
"MP_LA_124","LA",124,"C_EGD_387","Bed",0,"her_own","LEM","07_02_01_10:58:52","LEM","07_02_01_10:58:58"
"MP_LA_125","LA",125,"C_EGD_398","Shore",0,"tweedsyde","LEM","07_02_01_12:20:18","LEM","07_02_01_12:20:30"
"MP_LA_126","LA",126,"C_EGD_398","Dyke",0,"green_dykes","LEM","07_02_01_12:20:32","LEM","07_02_01_12:20:57"
"MP_LA_127","LA",127,"C_EGD_395","Dyke",0,"green_dykes","LEM","07_02_01_12:23:29","LEM","07_02_01_12:23:36"
"MP_LA_128","LA",128,"C_EGD_397","Dyke",0,"green_dykes","LEM","07_02_01_12:26:04","LEM","07_02_01_12:26:09"
"MP_LA_13","LA",13,"C_EGD_166","Hilltop",0,"b)_Gairnetoun_Hillis","LEM","05_21_01_11:07:12","LEM","05_21_01_11:08:04"
"MP_LA_130","LA",130,"C_LA_2785","Dyke",0,"green_dyke","LEM","07_02_01_12:31:57","LEM","07_02_01_12:32:02"
"MP_LA_131","LA",131,"C_LA_2786","Dyke",0,"green_dyke","LEM","07_02_01_12:33:47","LEM","07_02_01_12:33:57"
"MP_LA_132","LA",132,"C_EGD_1954","Links",0,"Duddingston","LEM","07_02_01_13:17:54","LEM","07_02_01_13:18:00"
"MP_LA_133","LA",133,"C_EGD_400","Howe",0,"howe_by_standing_stone_near_Newbridge_Kirkliston","LEM","07_02_01_15:38:18","jhm","07_11_01_12:33:24"
"MP_LA_134","LA",134,"C_EGD_400","Shore",0,"Cliftonhall_side_of_the_water","LEM","07_02_01_15:40:55","jhm","07_11_01_12:35:00"
"MP_LA_135","LA",135,"C_EGD_409","Dam",0,"Newtoun_Deam","LEM","07_04_01_12:54:06","LEM","07_04_01_12:54:27"
"MP_LA_136","LA",136,"C_EGD_377","Dam",0,"Newtown_Dam","LEM","07_04_01_13:23:10","jhm","11_05_02_14:47:20"
"MP_LA_137","LA",137,"C_EGD_370","House",0,"Wolmet","LEM","07_09_01_10:25:38","LEM","07_09_01_10:25:43"
"MP_LA_138","LA",138,"C_EGD_378","Hilltop",0,"Blewhill","LEM","07_09_01_10:46:31","LEM","07_09_01_10:46:37"
"MP_LA_139","LA",139,"C_LA_2798","Den",0,"Newtown_Dean","LEM","07_09_01_12:56:42","LEM","07_09_01_12:56:56"
"MP_LA_14","LA",14,"C_EGD_166","Hilltop",0,"bewest_the_castle_of_Dunce","LEM","05_21_01_11:11:52","LEM","05_21_01_11:12:10"
"MP_LA_140","LA",140,"C_LA_2798","House",0,"her_house","LEM","07_09_01_12:57:04","LEM","07_09_01_12:57:09"
"MP_LA_141","LA",141,"C_EGD_374","House",0,"her_own","LEM","07_09_01_13:17:26","LEM","07_09_01_13:18:35"
"MP_LA_142","LA",142,"C_EGD_371","River",0,"Newtown_Burne","LEM","07_09_01_13:46:52","LEM","07_09_01_13:47:51"
"MP_LA_143","LA",143,"C_EGD_392","Yard",0,"Kirkyard_of_Dunfyre","LEM","07_09_01_15:34:02","LEM","07_10_01_10:15:10"
"MP_LA_149","LA",149,"C_LA_2787","Yard",0,"Lady_Langtoun's_yard","LEM","07_10_01_09:26:00","LEM","07_10_01_09:26:09"
"MP_LA_15","LA",15,"C_EGD_166","Forest",0,"Saltoun_woid","LEM","05_21_01_11:12:11","LEM","05_21_01_11:12:55"
"MP_LA_151","LA",151,"C_EGD_359","Well",0,"Roland_Rutherford's","LEM","07_10_01_09:43:40","LEM","07_10_01_09:43:55"
"MP_LA_152","LA",152,"C_EGD_359","Ward",0,"Gilmerton_Ward","LEM","07_10_01_09:44:01","LEM","07_10_01_09:44:35"
"MP_LA_153","LA",153,"C_EGD_360","Road",0,"between_William_Graham's_house_and_hers","LEM","07_10_01_09:59:49","LEM","07_10_01_10:00:06"
"MP_LA_154","LA",154,"C_EGD_360","River",0,"pow-burn_on_the_route_home_from_Edinburgh","LEM","07_10_01_10:00:12","LEM","07_10_01_10:00:45"
"MP_LA_155","LA",155,"C_EGD_404","Road",0,"coming_from_Brandis_Milne","LEM","07_10_01_10:05:10","LEM","07_10_01_10:05:44"
"MP_LA_156","LA",156,"C_EGD_387","Yard",0,"Mortonhall_Park","LEM","07_10_01_10:11:00","LEM","07_10_01_10:11:58"
"MP_LA_157","LA",157,"C_EGD_415","Yard",0,"Gilmerton_Park","LEM","07_10_01_15:25:01","LEM","07_10_01_15:25:13"
"MP_LA_158","LA",158,"C_EGD_335","Bush",0,,"LEM","07_11_01_10:37:03","LEM","07_11_01_10:37:08"
"MP_LA_16","LA",16,"C_EGD_166","Hilltop",0,"Monkrig_above_the_stob_stane","LEM","05_21_01_11:12:56","LEM","05_21_01_11:13:45"
"MP_LA_160","LA",160,"C_EGD_1374","Den",0,"Hodin_Dean","LEM","07_11_01_12:11:16","LEM","07_11_01_12:11:22"
"MP_LA_163","LA",163,"C_EGD_1375","Den",0,"hodin_dean","LEM","07_11_01_12:16:20","LEM","07_11_01_12:16:25"
"MP_LA_164","LA",164,"C_EGD_411","Den",0,"hodin_dean","LEM","07_11_01_12:18:31","LEM","07_11_01_12:19:28"
"MP_LA_166","LA",166,"C_EGD_385","Road",0,"while_ridding_a_horse_to_the_coal_hill","LEM","07_17_01_10:03:46","LEM","07_17_01_10:05:17"
"MP_LA_167","LA",167,"C_EGD_377",,0,"Newtown","LEM","07_17_01_10:17:15","LEM","07_17_01_10:17:22"
"MP_LA_168","LA",168,"C_EGD_381","House",0,"either_her's_or_William_Tweedie's","LEM","07_17_01_11:55:18","jhm","11_05_02_15:12:38"
"MP_LA_17","LA",17,"C_EGD_166","Links",0,"Linkis_of_Prestoun","LEM","05_21_01_11:13:48","LEM","05_21_01_11:14:11"
"MP_LA_178","LA",178,"C_LA_2876","River_mouth",0,"Dee,_beside_the_blockehous","LEM","09_06_01_13:21:58","LEM","09_06_01_13:23:34"
"MP_LA_179","LA",179,"C_EGD_1243","River_mouth",0,"Dee,_near_the_blockehous","LEM","09_06_01_13:26:33","LEM","09_06_01_13:26:43"
"MP_LA_18","LA",18,"C_EGD_166","Moor",0,"Cauld_Coit_mure","LEM","05_21_01_11:15:01","LEM","05_21_01_11:19:10"
"MP_LA_180","LA",180,"C_EGD_1242","River_mouth",0,"Dee,_beside_the_blockehous","LEM","09_06_01_13:30:09","LEM","09_06_01_13:30:22"
"MP_LA_181","LA",181,"C_EGD_1241","River_mouth",0,"Dee,_beside_the_blockehous","LEM","09_06_01_13:32:10","LEM","09_06_01_13:32:33"
"MP_LA_182","LA",182,"C_EGD_1244","River_mouth",0,"Dee,_beside_the_blockehous","LEM","09_06_01_13:33:52","LEM","09_06_01_13:34:05"
"MP_LA_183","LA",183,"C_EGD_1245","River_mouth",0,"Dee,_beside_the_blockehous","LEM","09_06_01_13:40:02","LEM","09_06_01_13:40:23"
"MP_LA_184","LA",184,"C_EGD_1246","River_mouth",0,"Dee,_beside_the_blockehous","LEM","09_06_01_13:42:00","LEM","09_06_01_13:42:08"
"MP_LA_185","LA",185,"C_EGD_1247","River_mouth",0,"Dee,_beside_the_blockehous","LEM","09_06_01_13:50:54","LEM","09_06_01_13:51:09"
"MP_LA_186","LA",186,"C_EGD_1248","River_mouth",0,"Dee,_near_the_blockehous","LEM","09_06_01_15:07:21","LEM","09_06_01_15:07:34"
"MP_LA_187","LA",187,"C_EGD_1249","River_mouth",0,"Dee,_by_the_blockhous","LEM","09_06_01_15:08:49","LEM","09_06_01_15:09:03"
"MP_LA_188","LA",188,"C_EGD_1250","River_mouth",0,"Dee,_by_the_blockehous","LEM","09_06_01_15:11:06","LEM","09_06_01_15:11:23"
"MP_LA_189","LA",189,"C_EGD_1251","River_mouth",0,"Dee,_by_the_blockehous","LEM","09_06_01_15:12:27","LEM","09_06_01_15:12:40"
"MP_LA_19","LA",19,"C_EGD_166","Road",0,"c)_heid_of_the_broken_Calsey_of_Niddry","LEM","05_21_01_11:19:13","LEM","05_21_01_11:24:36"
"MP_LA_190","LA",190,"C_EGD_1252","River_mouth",0,"Dee,_by_the_blockehous","LEM","09_06_01_15:14:25","LEM","09_06_01_15:14:37"
"MP_LA_191","LA",191,"C_EGD_606","Kirkyard",0,"west_Kirk_of_Culross","LEM","09_07_01_10:42:18","LEM","09_07_01_10:42:33"
"MP_LA_192","LA",192,"C_EGD_607","Kirkyard",0,"west_kirk_of_Culross","LEM","09_07_01_10:44:56","LEM","09_07_01_10:45:06"
"MP_LA_193","LA",193,"C_EGD_607","House",0,"her_own","LEM","09_07_01_10:45:06","LEM","09_07_01_10:45:12"
"MP_LA_194","LA",194,"C_EGD_608","Kirkyard",0,"west_kirk_of_culross","LEM","09_07_01_10:48:44","LEM","09_07_01_10:48:53"
"MP_LA_195","LA",195,"C_EGD_609","Kirkyard",0,"west_kirk_of_culross","LEM","09_07_01_10:52:48","LEM","09_07_01_10:52:56"
"MP_LA_196","LA",196,"C_EGD_609","Bank_Side",0,"at_her_mother's_house","LEM","09_07_01_10:56:12","LEM","09_07_01_10:56:42"
"MP_LA_197","LA",197,"C_EGD_607",,0,"the_strand","LEM","09_07_01_12:35:56","LEM","09_07_01_12:36:09"
"MP_LA_198","LA",198,"C_EGD_607","Hollow",0,"Cannieman's_hollow","LEM","09_07_01_12:36:10","LEM","09_07_01_12:36:41"
"MP_LA_199","LA",199,"C_EGD_606","Shore",0,,"LEM","09_07_01_12:42:40","LEM","09_07_01_12:43:00"
"MP_LA_2","LA",2,"C_EGD_160",,0,"Madeis_Loupe","LEM","05_17_01_10:50:41","LEM","05_17_01_10:51:05"
"MP_LA_201","LA",201,"C_EGD_694","Haugh",0,"Ward_Haugh","LEM","09_11_01_12:12:34","LEM","09_11_01_12:12:53"
"MP_LA_202","LA",202,"C_EGD_694","Bridge",0,"kirk_bridge","LEM","09_11_01_12:12:54","LEM","09_11_01_12:13:00"
"MP_LA_203","LA",203,"C_EGD_694","Hilltop",0,"corsehill","LEM","09_11_01_12:13:04","LEM","09_11_01_12:13:23"
"MP_LA_204","LA",204,"C_EGD_694","Wood",0,"Ormeston_Wood","LEM","09_11_01_12:13:25","LEM","09_11_01_12:13:35"
"MP_LA_21","LA",21,"C_EGD_162","Road",0,"Heid_of_the_broken_Clasay_of_Nydrie","LEM","05_21_01_13:15:22","LEM","05_21_01_13:15:48"
"MP_LA_214","LA",214,"C_EGD_624","Bridge",0,"kirk_bridge","LEM","09_11_01_12:27:56","LEM","09_11_01_12:28:00"
"MP_LA_215","LA",215,"C_EGD_624","Haugh",0,"ward_haugh","LEM","09_11_01_12:28:00","LEM","09_11_01_12:28:04"
"MP_LA_216","LA",216,"C_EGD_624","Hilltop",0,"corsehill","LEM","09_11_01_12:28:06","LEM","09_11_01_12:28:10"
"MP_LA_217","LA",217,"C_EGD_693","Burn",0,"Murrais_burne","LEM","09_11_01_12:59:36","LEM","09_11_01_12:59:50"
"MP_LA_219","LA",219,"C_EGD_692","Burn",0,"Murrais_Burne","LEM","09_11_01_13:02:08","LEM","09_11_01_13:02:19"
"MP_LA_220","LA",220,"C_EGD_613","Hilltop",0,"Barliehill","LEM","09_11_01_13:24:07","LEM","09_11_01_13:24:16"
"MP_LA_221","LA",221,"C_EGD_613","Wood",0,"wood_head_of_crighton","LEM","09_11_01_13:24:46","LEM","09_11_01_13:24:54"
"MP_LA_222","LA",222,"C_EGD_614","Hilltop",0,"Barliehill","LEM","09_11_01_13:31:43","LEM","09_11_01_13:31:50"
"MP_LA_223","LA",223,"C_EGD_691","House",0,"Helen_Laying's_(c_egd_692)","LEM","09_21_01_09:09:54","LEM","09_21_01_09:10:25"
"MP_LA_224","LA",224,"C_EGD_691",,1,"flaming_fire_in_Crighton","LEM","09_21_01_09:10:57","LEM","09_21_01_09:11:30"
"MP_LA_225","LA",225,"C_EGD_694",,0,"Leswade","LEM","09_21_01_09:16:10","LEM","09_21_01_09:16:16"
"MP_LA_226","LA",226,"C_EGD_694",,0,"Loanhead","LEM","09_21_01_09:16:16","LEM","09_21_01_09:16:24"
"MP_LA_227","LA",227,"C_EGD_694","Field",0,,"LEM","09_21_01_09:18:09","LEM","09_21_01_09:18:38"
"MP_LA_228","LA",228,"C_EGD_694","Burn",0,"Cowe_burn","LEM","09_21_01_09:18:39","LEM","09_21_01_10:28:54"
"MP_LA_229","LA",229,"C_EGD_620","Haugh",0,"Ward_haugh","LEM","09_21_01_09:23:36","LEM","09_21_01_09:23:43"
"MP_LA_23","LA",23,"C_EGD_179","Kirkyard",0,"in_Glendovan","LEM","05_21_01_16:56:53","LEM","05_21_01_16:57:27"
"MP_LA_230","LA",230,"C_EGD_620","Burn",0,"Cowe_burn","LEM","09_21_01_09:23:45","LEM","09_21_01_10:31:00"
"MP_LA_231","LA",231,"C_EGD_692","Burn",0,"ward_burn","LEM","09_21_01_09:25:16","LEM","09_21_01_09:25:36"
"MP_LA_232","LA",232,"C_EGD_692","Yard",0,"own_yard","LEM","09_21_01_09:25:38","LEM","09_21_01_09:26:27"
"MP_LA_233","LA",233,"C_EGD_692","Field",0,"black_faugh","LEM","09_21_01_09:29:04","LEM","09_21_01_09:30:04"
"MP_LA_234","LA",234,"C_EGD_693","House",0,"own_house_between_bed_and_fire","LEM","09_21_01_09:30:13","LEM","09_21_01_09:30:23"
"MP_LA_235","LA",235,"C_EGD_693","Burn",0,"Templehall_burne","LEM","09_21_01_09:31:04","LEM","09_21_01_09:31:12"
"MP_LA_237","LA",237,"C_EGD_611","Hilltop",0,"Birliehill","LEM","09_21_01_09:43:45","LEM","09_21_01_09:43:55"
"MP_LA_24","LA",24,"C_EGD_179","Kirkyard",0,"Muckhart","LEM","05_21_01_16:58:39","jhm","10_22_02_11:16:42"
"MP_LA_240","LA",240,"C_EGD_696","burn",0,"cowe_burn","LEM","09_21_01_13:07:49","LEM","09_21_01_13:07:53"
"MP_LA_241","LA",241,"C_EGD_696","Bridge",0,"Keith_Bridge","LEM","09_21_01_13:07:55","LEM","09_21_01_13:08:01"
"MP_LA_242","LA",242,"C_EGD_696","House",0,"white_house_in_Cranstoun's_back_yard","LEM","09_21_01_13:08:01","LEM","09_21_01_13:08:16"
"MP_LA_245","LA",245,"C_EGD_697","Farm",0,"farm_brae_at_midnight","LEM","09_21_01_13:22:09","LEM","09_21_01_13:22:15"
"MP_LA_246","LA",246,"C_EGD_697","Dam",0,"Line_dean","LEM","09_21_01_13:24:12","LEM","09_21_01_13:24:25"
"MP_LA_247","LA",247,"C_EGD_697","House",0,"white_house","LEM","09_21_01_13:24:27","LEM","09_21_01_13:24:49"
"MP_LA_25","LA",25,"C_EGD_179",,0,"Rumbling_Bridge","LEM","05_21_01_16:59:10","LEM","05_21_01_17:03:47"
"MP_LA_252","LA",252,"C_EGD_695","Dam",0,"Lin_Dean","LEM","09_21_01_13:35:33","LEM","09_21_01_13:35:36"
"MP_LA_253","LA",253,"C_EGD_695","House",0,"whitehouse","LEM","09_21_01_13:35:38","LEM","09_21_01_13:35:50"
"MP_LA_254","LA",254,"C_EGD_140","Shore",0,"Common_Waist_Sandhillis_near_Irving","LEM","09_25_01_17:02:58","LEM","10_01_01_10:29:55"
"MP_LA_256","LA",256,"C_EGD_147","Dam",0,"Deam_futtie_of_Longniddry","LEM","09_26_01_16:03:19","LEM","09_26_01_16:03:41"
"MP_LA_257","LA",257,"C_EGD_147","House",0,"Beigis'_house","LEM","09_26_01_16:03:42","LEM","09_26_01_16:03:52"
"MP_LA_265","LA",265,"C_EGD_140","Kirkyard",0,,"LEM","10_01_01_10:27:23","LEM","10_01_01_10:27:25"
"MP_LA_266","LA",266,"C_EGD_140","Kirk",0,,"LEM","10_01_01_10:27:25","LEM","10_01_01_10:27:33"
"MP_LA_267","LA",267,"C_EGD_140","Hilltop",0,"Lowdon_Hill","LEM","10_01_01_10:27:33","LEM","10_01_01_10:28:23"
"MP_LA_280","LA",280,"C_EGD_147","Thorn",0,"Seaton-thorn","LEM","10_01_01_15:26:21","LEM","10_01_01_15:27:10"
"MP_LA_281","LA",281,"C_EGD_147","Gate",0,"iron_gate_of_Seaton","LEM","10_01_01_15:27:17","LEM","10_01_01_15:27:23"
"MP_LA_290","LA",290,"C_EGD_137","Craigs",0,"Bynnie-craigs","LEM","10_03_01_09:38:51","LEM","10_03_01_09:39:10"
"MP_LA_291","LA",291,"C_EGD_137","Craigs",0,"Corstorphine-craigs","LEM","10_03_01_09:39:13","jhm","10_03_02_16:25:22"
"MP_LA_292","LA",292,"C_EGD_34","Moor",0,"Grange-more","LEM","10_08_01_09:54:35","LEM","10_08_01_09:54:45"
"MP_LA_293","LA",293,"C_EGD_59","Kirk",1,"North_Berwick_kirk","LEM","10_09_01_09:31:27","LEM","10_09_01_09:32:05"
"MP_LA_294","LA",294,"C_EGD_59","Ship",0,"A_ship_off_the_coast_of_the_pannes","LEM","10_09_01_09:44:14","LEM","10_09_01_09:44:24"
"MP_LA_295","LA",295,"C_EGD_59","Hilltop",0,"Brumhoillis","LEM","10_09_01_09:48:00","LEM","10_09_01_09:48:11"
"MP_LA_300","LA",300,"C_EGD_63","Kirk",1,"North_Berwick_Kirk","LEM","10_09_01_10:04:55","LEM","10_09_01_10:05:00"
"MP_LA_301","LA",301,"C_EGD_63","Ship",0,"off_the_coast_of_the_pannes","LEM","10_09_01_10:05:01","LEM","10_09_01_10:05:08"
"MP_LA_306","LA",306,"C_EGD_63","Ship",0,"the_grace_of_God","LEM","10_09_01_10:46:11","LEM","10_09_01_10:46:25"
"MP_LA_307","LA",307,"C_EGD_63","Shore",1,"all_along_the_south_coast_of_the_forth","LEM","10_09_01_11:00:04","LEM","10_09_01_11:48:50"
"MP_LA_308","LA",308,"C_EGD_63","Kirk",0,"Kirk_of_Garvett,_be-eist_Burn_syde","LEM","10_09_01_11:58:11","LEM","10_09_01_11:58:29"
"MP_LA_309","LA",309,"C_EGD_63",,0,"Foulstruther","LEM","10_09_01_12:01:09","LEM","10_09_01_12:02:29"
"MP_LA_310","LA",310,"C_EGD_63","Kirk",0,"Natoun_Kirk","LEM","10_09_01_12:46:59","LEM","10_09_01_12:47:15"
"MP_LA_311","LA",311,"C_EGD_63",,0,"pier-head","LEM","10_09_01_12:47:18","LEM","10_09_01_12:47:21"
"MP_LA_312","LA",312,"C_EGD_63","Kirk",1,"North_Berwick","LEM","10_09_01_12:47:38","LEM","10_09_01_12:47:49"
"MP_LA_32","LA",32,"C_LA_2638","House",0,"accomplices'_house","LEM","05_22_01_12:18:33","LEM","05_22_01_12:18:45"
"MP_LA_33","LA",33,"C_EGD_180","House",0,"accomplice's_house","LEM","05_22_01_12:28:24","LEM","05_22_01_12:28:34"
"MP_LA_34","LA",34,"C_EGD_180",,0,"on_the_way_to_get_ale","LEM","05_22_01_12:29:18","jhm","10_22_02_11:52:07"
"MP_LA_355","LA",355,"C_EGD_120",,0,"Foulstruther","LEM","10_10_01_09:14:45","LEM","10_10_01_09:14:52"
"MP_LA_356","LA",356,"C_EGD_110","Kirk",1,"North_Berwick","LEM","10_10_01_09:18:54","LEM","10_10_01_09:19:00"
"MP_LA_357","LA",357,"C_EGD_110","Salt_pans",0,"near_the_pannes","LEM","10_10_01_09:20:15","LEM","10_10_01_09:20:22"
"MP_LA_358","LA",358,"C_EGD_110","House",0,"wobster's_house","LEM","10_10_01_09:20:31","LEM","10_10_01_09:20:44"
"MP_LA_359","LA",359,"C_EGD_110",,0,"Foulstruther","LEM","10_10_01_09:20:45","LEM","10_10_01_09:20:50"
"MP_LA_360","LA",360,"C_EGD_104","Kirk",0,"Natoun","LEM","10_10_01_09:25:29","LEM","10_16_01_10:08:37"
"MP_LA_365","LA",365,"C_EGD_110","House",0,"Beigis_Tod's_house","LEM","10_10_01_09:33:59","LEM","10_10_01_09:34:06"
"MP_LA_373","LA",373,"C_EGD_147","Salt_pans",0,"near_the_pannes","LEM","10_10_01_10:12:49","LEM","10_10_01_10:12:57"
"MP_LA_381","LA",381,"C_LA_2911","Ship",0,,"LEM","10_10_01_10:43:22","LEM","10_10_01_10:43:25"
"MP_LA_387","LA",387,"C_EGD_104","Kirk",1,"North_Berwick","LEM","10_10_01_15:28:24","LEM","10_10_01_15:28:30"
"MP_LA_388","LA",388,"C_EGD_103","Kirk",1,"North_Berwick","LEM","10_10_01_15:30:37","LEM","10_10_01_15:30:58"
"MP_LA_389","LA",389,"C_EGD_103","Shore",0,"Aitchesounes-heavin_between_musselburgh_and_pannes","LEM","10_10_01_15:33:15","LEM","10_10_01_15:33:41"
"MP_LA_390","LA",390,"C_EGD_107","Shore",0,"Aitchesounes_heavin,_btw_musselburgh_and_pannes","LEM","10_10_01_15:39:57","LEM","10_10_01_15:40:17"
"MP_LA_391","LA",391,"C_EGD_107","Kirk",1,"North_Berwick","LEM","10_10_01_15:40:18","LEM","10_10_01_15:40:24"
"MP_LA_393","LA",393,"C_EGD_110","Shore",0,"Aitchisoune's_heavin_btw_Musselburgh_and_pannes","LEM","10_10_01_15:47:35","LEM","10_10_01_15:47:55"
"MP_LA_394","LA",394,"C_EGD_108","Shore",0,"Aitchisoune's_heavin_btw_Musselbrugh_and_pannes","LEM","10_10_01_15:50:04","LEM","10_10_01_15:50:24"
"MP_LA_397","LA",397,"C_EGD_104","Shore",0,"New-heavin_also_called_fairy-hoillis","LEM","10_16_01_10:08:38","LEM","10_16_01_10:09:31"
"MP_LA_398","LA",398,"C_EGD_104","Hilltop",0,"Brum-hoillis","LEM","10_16_01_10:09:50","LEM","10_16_01_10:10:03"
"MP_LA_399","LA",399,"C_EGD_104","Shore",0,"Leith","LEM","10_16_01_10:10:03","LEM","10_16_01_10:10:10"
"MP_LA_4","LA",4,"C_EGD_159","Hilltop",0,"Dounhill_of_Spott","LEM","05_17_01_11:39:28","LEM","05_17_01_11:39:47"
"MP_LA_403","LA",403,"C_EGD_1268","House",0,"abandoned_old_house","LEM","10_16_01_15:24:53","LEM","10_16_01_15:25:04"
"MP_LA_404","LA",404,"C_EGD_1269","House",0,"abandoned_house_called_Howing_Greyman","LEM","10_16_01_15:47:18","LEM","10_16_01_15:47:44"
"MP_LA_405","LA",405,"C_EGD_29","Field",0,"near_her_house","LEM","10_18_01_09:42:49","LEM","10_18_01_09:45:10"
"MP_LA_406","LA",406,"C_EGD_29","Thorn",0,"thorne_of_Damwstarnok","LEM","10_18_01_09:48:29","LEM","10_18_01_09:48:50"
"MP_LA_407","LA",407,"C_EGD_29","House",0,"her_own","LEM","10_18_01_09:50:12","LEM","10_18_01_09:50:16"
"MP_LA_408","LA",408,"C_EGD_1329",,0,"low_place_above_Cransmouth","LEM","10_19_01_09:53:32","LEM","10_19_01_09:53:46"
"MP_LA_409","LA",409,"C_EGD_1334","Yard",0,"back_of_Thomas_Browun's_barn","LEM","10_19_01_10:09:44","LEM","10_19_01_10:09:53"
"MP_LA_410","LA",410,"C_EGD_1334","Yard",0,"back_of_Laurd_of_Wedderburn's_house","LEM","10_19_01_10:09:58","LEM","10_19_01_10:11:02"
"MP_LA_411","LA",411,"C_EGD_1334","River_mouth",0,"Forth_of_Eyemouth","LEM","10_19_01_10:11:53","LEM","10_19_01_10:12:18"
"MP_LA_412","LA",412,"C_EGD_1333","Yard",0,"back_of_Laird_of_Wedderburn's_house","LEM","10_19_01_10:14:08","LEM","10_19_01_10:14:22"
"MP_LA_417","LA",417,"C_EGD_1312","Green",0,"Dirleton","LEM","10_19_01_15:29:20","LEM","10_19_01_15:29:41"
"MP_LA_424","LA",424,"C_EGD_1322","House",0,,"LEM","10_19_01_16:09:23","LEM","10_19_01_16:09:59"
"MP_LA_425","LA",425,"C_EGD_1322","House",0,,"LEM","10_19_01_16:09:59","LEM","10_19_01_16:10:05"
"MP_LA_430","LA",430,"C_EGD_1308","Kirk",0,"High_kirk_of_Lanark","LEM","10_22_01_15:46:18","LEM","10_22_01_15:46:25"
"MP_LA_431","LA",431,"C_EGD_1308","Kirk",0,"kirk_of_Carnwath","LEM","10_22_01_15:46:25","LEM","10_22_01_15:46:35"
"MP_LA_434","LA",434,"C_EGD_1310","Road",0,"on_her_way_home_at_12:00am","LEM","10_23_01_10:36:18","LEM","10_23_01_10:36:43"
"MP_LA_44","LA",44,"C_EGD_169",,0,"Coldingham_Law","LEM","06_14_01_13:45:52","LEM","06_14_01_13:47:23"
"MP_LA_441","LA",441,"C_EGD_1749","House",0,"Her_own","LEM","01_16_02_10:51:28","LEM","01_16_02_10:51:32"
"MP_LA_442","LA",442,"C_EGD_1748","House",0,"his_own","LEM","01_16_02_11:49:17","LEM","01_16_02_11:49:23"
"MP_LA_443","LA",443,"C_EGD_1747","House",0,"her_mother's","LEM","01_16_02_12:02:19","LEM","01_16_02_12:02:23"
"MP_LA_444","LA",444,"C_EGD_1747","House",0,"her_brother's","LEM","01_16_02_12:02:23","LEM","01_16_02_12:02:30"
"MP_LA_445","LA",445,"C_EGD_1746","House",0,"Mathie's","LEM","01_16_02_12:16:37","LEM","01_16_02_12:16:45"
"MP_LA_446","LA",446,"C_EGD_1746","House",0,"John_Stewart's","LEM","01_16_02_12:16:46","LEM","01_16_02_12:16:54"
"MP_LA_447","LA",447,"C_EGD_1745","House",0,"Mathie's","LEM","01_16_02_12:27:20","LEM","01_16_02_12:27:24"
"MP_LA_448","LA",448,"C_EGD_1745","House",0,"John_Stewart's","LEM","01_16_02_12:27:24","LEM","01_16_02_12:27:33"
"MP_LA_449","LA",449,"C_EGD_1744","House",0,"Mathie's","LEM","01_16_02_12:40:03","LEM","01_16_02_12:40:08"
"MP_LA_45","LA",45,"C_EGD_173","Barn",0,"head_of_the_dead_mans_burne","LEM","06_15_01_12:19:52","LEM","06_15_01_12:25:48"
"MP_LA_450","LA",450,"C_EGD_1744","House",0,"John_Stewart's","LEM","01_16_02_12:40:08","LEM","01_16_02_12:40:15"
"MP_LA_451","LA",451,"C_EGD_1773",,0,"Kilpatrik","LEM","01_30_02_13:28:19","LEM","01_30_02_13:28:22"
"MP_LA_452","LA",452,"C_EGD_1773","Moor",0,"Kilmacolme","LEM","01_30_02_13:28:27","LEM","01_30_02_13:28:46"
"MP_LA_453","LA",453,"C_EGD_1773","Yard",0,"Christian_Shaw","LEM","01_30_02_13:29:37","LEM","01_30_02_13:29:43"
"MP_LA_454","LA",454,"C_EGD_1773","Yard",0,"murdered_minister","LEM","01_30_02_13:29:55","LEM","01_30_02_13:30:02"
"MP_LA_455","LA",455,"C_EGD_1773","House",0,"murdered_child","LEM","01_30_02_13:31:00","LEM","01_30_02_13:31:05"
"MP_LA_456","LA",456,"C_LA_2959",,0,"Kilpatrick","LEM","01_31_02_09:27:47","LEM","01_31_02_09:27:50"
"MP_LA_457","LA",457,"C_LA_2959","Moor",0,"Kilmacolme","LEM","01_31_02_09:27:52","LEM","01_31_02_09:27:59"
"MP_LA_458","LA",458,"C_LA_2959","Yard",0,"Christian_Shaw","LEM","01_31_02_09:28:01","LEM","01_31_02_09:28:05"
"MP_LA_459","LA",459,"C_LA_2959","Yard",0,"murdered_minister,_Mr._John_Hardie","LEM","01_31_02_09:28:07","LEM","01_31_02_09:28:36"
"MP_LA_46","LA",46,"C_EGD_173","Mill",0,,"LEM","06_15_01_12:25:58","LEM","06_15_01_12:26:17"
"MP_LA_460","LA",460,"C_LA_2959","House",0,"murdered_child","LEM","01_31_02_09:28:38","LEM","01_31_02_09:29:35"
"MP_LA_461","LA",461,"C_EGD_1778",,0,"kilpatrick","LEM","01_31_02_09:31:44","LEM","01_31_02_09:31:46"
"MP_LA_462","LA",462,"C_EGD_1778","Moor",0,"Kilmacolme","LEM","01_31_02_09:31:47","LEM","01_31_02_09:31:54"
"MP_LA_463","LA",463,"C_EGD_1778","Yard",0,"christian_Shaw","LEM","01_31_02_09:31:54","LEM","01_31_02_09:31:59"
"MP_LA_464","LA",464,"C_EGD_1778","Yard",0,"murdered_minister,_Mr._John_Hardie","LEM","01_31_02_09:31:59","LEM","01_31_02_09:32:12"
"MP_LA_465","LA",465,"C_EGD_1778","House",0,"murdered_child","LEM","01_31_02_09:32:13","LEM","01_31_02_09:32:22"
"MP_LA_466","LA",466,"C_EGD_1781",,0,"Kilpatrick","LEM","01_31_02_09:34:46","LEM","01_31_02_09:34:47"
"MP_LA_467","LA",467,"C_EGD_1781","Moor",0,"Kilmacolme","LEM","01_31_02_09:34:48","LEM","01_31_02_09:34:53"
"MP_LA_468","LA",468,"C_EGD_1781","Yard",0,"christian_Shaw's","LEM","01_31_02_09:34:54","LEM","01_31_02_09:34:59"
"MP_LA_469","LA",469,"C_EGD_1781","Yard",0,"murdered_minister,_Mr._John_Hardie","LEM","01_31_02_09:34:59","LEM","01_31_02_09:35:08"
"MP_LA_47","LA",47,"C_EGD_173","Yard",0,"tenth_(teynd)_yard","LEM","06_15_01_12:40:27","LEM","06_15_01_12:41:21"
"MP_LA_470","LA",470,"C_EGD_1781","House",0,"murdered_boy","LEM","01_31_02_09:35:09","LEM","01_31_02_09:35:15"
"MP_LA_471","LA",471,"C_EGD_1774",,0,"Kilpatrick","LEM","01_31_02_09:37:54","jhm","10_22_02_10:24:04"
"MP_LA_472","LA",472,"C_EGD_1774","Moor",0,"Kilmacolme","LEM","01_31_02_09:37:57","LEM","01_31_02_09:38:02"
"MP_LA_473","LA",473,"C_EGD_1774","Yard",0,"christian_Shaw's","LEM","01_31_02_09:38:03","LEM","01_31_02_09:38:08"
"MP_LA_474","LA",474,"C_EGD_1774","Yard",0,"murdered_minister,_Mr._John_Hardie","LEM","01_31_02_09:38:09","LEM","01_31_02_09:38:17"
"MP_LA_475","LA",475,"C_EGD_1774","House",0,"murdered_boy","LEM","01_31_02_09:38:18","LEM","01_31_02_09:38:23"
"MP_LA_476","LA",476,"C_EGD_1780",,0,"Kilpatrick","LEM","01_31_02_09:47:24","jhm","10_22_02_10:50:11"
"MP_LA_477","LA",477,"C_EGD_1780","Moor",0,"Kilmacolme","LEM","01_31_02_09:47:28","LEM","01_31_02_09:47:33"
"MP_LA_478","LA",478,"C_EGD_1780","Yard",0,"christian_shaw's","LEM","01_31_02_09:47:34","LEM","01_31_02_09:47:43"
"MP_LA_479","LA",479,"C_EGD_1780","Yard",0,"murdered_minsiter,_Mr._John_Hardie","LEM","01_31_02_09:47:43","LEM","01_31_02_09:47:53"
"MP_LA_48","LA",48,"C_EGD_173","Shore",0,"in_Eyemouth","LEM","06_15_01_12:41:25","LEM","06_15_01_12:42:14"
"MP_LA_480","LA",480,"C_EGD_1780","House",0,"murdered_boy","LEM","01_31_02_09:47:54","LEM","01_31_02_09:47:59"
"MP_LA_481","LA",481,"C_EGD_1777",,0,"kilpatrick","LEM","01_31_02_09:50:39","LEM","01_31_02_09:50:42"
"MP_LA_482","LA",482,"C_EGD_1777","Moor",0,"Kilmacolme","LEM","01_31_02_09:50:43","LEM","01_31_02_09:50:49"
"MP_LA_483","LA",483,"C_EGD_1777","Yard",0,"christian_shaw's","LEM","01_31_02_09:50:50","LEM","01_31_02_09:50:55"
"MP_LA_484","LA",484,"C_EGD_1777","Yard",0,"murdered_minister,_Mr._John_Hardie","LEM","01_31_02_09:50:55","LEM","01_31_02_09:51:03"
"MP_LA_485","LA",485,"C_EGD_1777","House",0,"murdered_boy","LEM","01_31_02_09:51:04","LEM","01_31_02_09:51:08"
"MP_LA_486","LA",486,"C_EGD_1935",,0,"Kilpatrick","LEM","01_31_02_10:39:33","LEM","01_31_02_10:39:35"
"MP_LA_487","LA",487,"C_EGD_1935","Moor",0,"Kilmacolme","LEM","01_31_02_10:39:36","LEM","01_31_02_10:39:45"
"MP_LA_488","LA",488,"C_EGD_1935","Yard",0,"christian_shaw","LEM","01_31_02_10:39:46","LEM","01_31_02_10:39:50"
"MP_LA_489","LA",489,"C_EGD_1935","Yard",0,"murdered_minister,_Mr._John_Hardie","LEM","01_31_02_10:39:52","jhm","10_23_02_10:49:38"
"MP_LA_490","LA",490,"C_EGD_1935","House",0,"murdered_boy","LEM","01_31_02_10:40:02","LEM","01_31_02_10:40:07"
"MP_LA_492","LA",492,"C_LA_2968","Moor",0,"kilmacolme","LEM","01_31_02_13:17:45","LEM","01_31_02_13:18:01"
"MP_LA_493","LA",493,"C_LA_2968","Yard",0,"Christian_Shaw's","LEM","01_31_02_13:19:12","LEM","01_31_02_13:19:18"
"MP_LA_494","LA",494,"C_LA_2969","Yard",0,"Christian_Shaw's","LEM","01_31_02_13:26:23","LEM","01_31_02_13:26:31"
"MP_LA_495","LA",495,"C_LA_2970",,0,"kilpatrick","LEM","01_31_02_14:59:44","LEM","01_31_02_14:59:47"
"MP_LA_496","LA",496,"C_LA_2970","Moor",0,"Kilmacolme","LEM","01_31_02_14:59:48","LEM","01_31_02_15:00:04"
"MP_LA_497","LA",497,"C_LA_2970","Yard",0,"Christian_Shaw","LEM","01_31_02_15:00:05","LEM","01_31_02_15:00:09"
"MP_LA_498","LA",498,"C_LA_2970","Yard",0,"murdered_minister,_Mr._John_Hardie","LEM","01_31_02_15:00:12","LEM","01_31_02_15:00:22"
"MP_LA_499","LA",499,"C_LA_2970","House",0,"murdered_child","LEM","01_31_02_15:00:24","LEM","01_31_02_15:00:29"
"MP_LA_5","LA",5,"C_EGD_948","Hilltop",0,"Dounhill_of_Spott","LEM","05_17_01_11:44:37","LEM","05_17_01_11:44:58"
"MP_LA_500","LA",500,"C_LA_2972",,0,"kilpatrick","LEM","01_31_02_20:55:03","LEM","01_31_02_20:55:10"
"MP_LA_501","LA",501,"C_LA_2972","Yard",0,"christian_Shaw's","LEM","01_31_02_20:55:11","LEM","01_31_02_20:55:22"
"MP_LA_502","LA",502,"C_LA_2972","Yard",0,"murdered_minsiter,_mr_John_Hardie","LEM","01_31_02_20:55:23","LEM","01_31_02_20:55:33"
"MP_LA_503","LA",503,"C_LA_2972","House",0,"murdered_boy's","LEM","01_31_02_20:55:34","LEM","01_31_02_20:55:48"
"MP_LA_504","LA",504,"C_LA_2972","Moor",0,"kilmacolme","LEM","01_31_02_20:55:51","LEM","01_31_02_20:55:58"
"MP_LA_505","LA",505,"C_EGD_1779",,0,"Kilpatrick","LEM","01_31_02_21:07:13","jhm","10_22_02_10:39:09"
"MP_LA_506","LA",506,"C_EGD_1779","Moor",0,"Kilmacolme","LEM","01_31_02_21:07:17","LEM","01_31_02_21:07:22"
"MP_LA_507","LA",507,"C_EGD_1779","Yard",0,"christian_shaw's","LEM","01_31_02_21:07:22","LEM","01_31_02_21:07:27"
"MP_LA_508","LA",508,"C_EGD_1779","Yard",0,"murdered_minister,_Mr._John_Hardie","LEM","01_31_02_21:07:28","LEM","01_31_02_21:07:36"
"MP_LA_509","LA",509,"C_EGD_1779","House",0,"murdered_child","LEM","01_31_02_21:07:37","LEM","01_31_02_21:07:44"
"MP_LA_510","LA",510,"C_LA_2973",,0,"kilpatrick","LEM","01_31_02_21:22:35","LEM","01_31_02_21:22:38"
"MP_LA_511","LA",511,"C_LA_2973","Moor",0,"kilmacolme","LEM","01_31_02_21:22:39","LEM","01_31_02_21:22:43"
"MP_LA_512","LA",512,"C_LA_2973","Yard",0,"Christian_Shaw's","LEM","01_31_02_21:22:44","LEM","01_31_02_21:22:52"
"MP_LA_513","LA",513,"C_LA_2973","Yard",0,"murdered_minister,_Mr._John_Hardie","LEM","01_31_02_21:22:53","LEM","01_31_02_21:23:01"
"MP_LA_514","LA",514,"C_LA_2973","House",0,"murdered_boy","LEM","01_31_02_21:23:03","LEM","01_31_02_21:23:15"
"MP_LA_515","LA",515,"C_LA_2974",,0,"kilpatrick","LEM","01_31_02_21:34:35","LEM","01_31_02_21:34:37"
"MP_LA_516","LA",516,"C_LA_2974","Moor",0,"kilmacolme","LEM","01_31_02_21:34:39","LEM","01_31_02_21:34:42"
"MP_LA_517","LA",517,"C_LA_2974","Yard",0,"Christian_Shaw's","LEM","01_31_02_21:34:43","LEM","01_31_02_21:34:48"
"MP_LA_518","LA",518,"C_LA_2974","Yard",0,"murdered_minister,_Mr._John_Hardie","LEM","01_31_02_21:34:48","LEM","01_31_02_21:35:06"
"MP_LA_519","LA",519,"C_LA_2974","House",0,"murdered_boy","LEM","01_31_02_21:35:07","LEM","01_31_02_21:35:22"
"MP_LA_520","LA",520,"C_LA_2975",,0,"Kilpatrick","LEM","02_01_02_11:22:18","LEM","02_01_02_11:22:21"
"MP_LA_521","LA",521,"C_LA_2975","Moor",0,"Kilmacolme","LEM","02_01_02_11:22:22","LEM","02_01_02_11:22:25"
"MP_LA_522","LA",522,"C_LA_2975","Yard",0,"Christian_Shaw's","LEM","02_01_02_11:22:26","LEM","02_01_02_11:22:34"
"MP_LA_523","LA",523,"C_LA_2975","Yard",0,"murdered_minister,_Mr._John_Hardie","LEM","02_01_02_11:22:36","LEM","02_01_02_11:22:54"
"MP_LA_524","LA",524,"C_LA_2975","House",0,"murdered_boy","LEM","02_01_02_11:22:55","LEM","02_01_02_11:23:02"
"MP_LA_525","LA",525,"C_LA_2976",,0,"kilpatrick","LEM","02_01_02_11:45:30","LEM","02_01_02_11:45:31"
"MP_LA_526","LA",526,"C_LA_2976","Moor",0,"kilmacolme","LEM","02_01_02_11:45:33","LEM","02_01_02_11:45:37"
"MP_LA_527","LA",527,"C_LA_2976","Yard",0,"Christian_Shaw's","LEM","02_01_02_11:45:38","LEM","02_01_02_11:45:45"
"MP_LA_528","LA",528,"C_LA_2976","Yard",0,"murdered_minister,_Mr._John_Hardie","LEM","02_01_02_11:45:45","LEM","02_01_02_11:45:52"
"MP_LA_529","LA",529,"C_LA_2976","House",0,"murdered_boy","LEM","02_01_02_11:45:53","LEM","02_01_02_11:46:13"
"MP_LA_530","LA",530,"C_LA_2977",,0,"kilpatrick","LEM","02_01_02_11:56:25","LEM","02_01_02_11:56:28"
"MP_LA_531","LA",531,"C_LA_2977","Moor",0,"Kilmacolme","LEM","02_01_02_11:56:57","LEM","02_01_02_11:57:00"
"MP_LA_532","LA",532,"C_LA_2977","Yard",0,"christian_shaw's","LEM","02_01_02_11:57:02","LEM","02_01_02_11:57:08"
"MP_LA_533","LA",533,"C_LA_2977","Yard",0,"murdered_minister,_Mr._John_Hardie","LEM","02_01_02_11:57:09","LEM","02_01_02_11:57:15"
"MP_LA_534","LA",534,"C_LA_2977","House",0,"murdered_boy","LEM","02_01_02_11:57:16","LEM","02_01_02_11:57:21"
"MP_LA_535","LA",535,"C_LA_2978",,0,"kilpatrick","LEM","02_01_02_12:17:48","LEM","02_01_02_12:17:51"
"MP_LA_536","LA",536,"C_LA_2978","Moor",0,"Kilmacolme","LEM","02_01_02_12:17:54","LEM","02_01_02_12:17:58"
"MP_LA_537","LA",537,"C_LA_2978","Yard",0,"christian_shaw","LEM","02_01_02_12:17:59","LEM","02_01_02_12:18:07"
"MP_LA_538","LA",538,"C_LA_2978","Yard",0,"murdered_minister,_Mr._John_Hardie","LEM","02_01_02_12:18:08","LEM","02_01_02_12:18:13"
"MP_LA_539","LA",539,"C_LA_2978","House",0,"murdered_boy","LEM","02_01_02_12:18:14","LEM","02_01_02_12:18:21"
"MP_LA_540","LA",540,"C_LA_2979",,0,"kilpatrick","LEM","02_01_02_12:29:06","LEM","02_01_02_12:29:10"
"MP_LA_541","LA",541,"C_LA_2979","Moor",0,"kilmacolme","LEM","02_01_02_12:29:10","LEM","02_01_02_12:29:14"
"MP_LA_542","LA",542,"C_LA_2979","Yard",0,"christian_shaw","LEM","02_01_02_12:29:35","LEM","02_01_02_12:29:59"
"MP_LA_543","LA",543,"C_LA_2979","Yard",0,"murdered_minister,_Mr._John_Hardie","LEM","02_01_02_12:29:59","LEM","02_01_02_12:30:07"
"MP_LA_544","LA",544,"C_LA_2979","House",0,"murdered_boy","LEM","02_01_02_12:30:15","LEM","02_01_02_12:30:33"
"MP_LA_545","LA",545,"C_LA_2980",,0,"Kilpatrick","LEM","02_01_02_12:40:08","LEM","02_01_02_12:40:13"
"MP_LA_546","LA",546,"C_LA_2980","Moor",0,"Kilmacolme","LEM","02_01_02_12:40:22","LEM","02_01_02_12:40:26"
"MP_LA_547","LA",547,"C_LA_2980","Yard",0,"Christian_Shaw","LEM","02_01_02_12:40:27","LEM","02_01_02_12:40:31"
"MP_LA_548","LA",548,"C_LA_2980","Yard",0,"murdered_minister,_Mr._John_Hardie","LEM","02_01_02_12:40:32","LEM","02_01_02_12:40:38"
"MP_LA_549","LA",549,"C_LA_2980","House",0,"murdered_boy","LEM","02_01_02_12:40:39","LEM","02_01_02_12:40:46"
"MP_LA_55","LA",55,"C_EGD_1170","River",0,"head_of_deadman's_burne","LEM","06_18_01_10:03:29","LEM","06_18_01_10:03:44"
"MP_LA_552","LA",552,"C_EGD_162","Den",0,"near_Niddrie","LEM","05_06_02_20:05:57","LEM","05_06_02_20:06:41"
"MP_LA_553","LA",553,"C_EGD_166","Hilltop",0,"Coldingham_Law","LEM","05_07_02_10:33:37","LEM","05_07_02_10:33:48"
"MP_LA_554","LA",554,"C_EGD_674","Yard",0,,"LEM","05_07_02_11:03:28","LEM","05_07_02_11:03:33"
"MP_LA_555","LA",555,"C_EGD_674","Shore",0,"Eyemouth","LEM","05_07_02_11:03:39","LEM","05_07_02_11:03:55"
"MP_LA_556","LA",556,"C_LA_3019","Shore",0,"Eyemouth","LEM","05_07_02_12:09:47","LEM","05_07_02_12:09:54"
"MP_LA_557","LA",557,"C_LA_3019","Yard",0,,"LEM","05_07_02_12:10:31","LEM","05_07_02_12:10:37"
"MP_LA_558","LA",558,"C_EGD_301","Forest",0,,"LEM","05_07_02_15:53:41","LEM","05_07_02_15:53:46"
"MP_LA_559","LA",559,"C_EGD_301","House",0,"her_own","LEM","05_07_02_15:53:47","LEM","05_07_02_15:53:51"
"MP_LA_560","LA",560,"C_EGD_238","Mill",0,"Babirn","LEM","05_07_02_16:31:41","LEM","05_07_02_16:31:51"
"MP_LA_561","LA",561,"C_EGD_435","Mill",0,"Haddington","LEM","06_06_02_12:43:36","LEM","06_06_02_12:43:54"
"MP_LA_562","LA",562,"C_EGD_435","Moor",0,"Tranent_Muir_Brae","LEM","06_06_02_12:52:57","LEM","06_06_02_12:53:14"
"MP_LA_563","LA",563,"C_EGD_435",,0,"West_Port_of_Edinburgh","LEM","06_06_02_12:53:16","LEM","06_06_02_12:53:22"
"MP_LA_564","LA",564,"C_EGD_435","Kirk",0,"Gladsmuir_Kirk","LEM","06_06_02_12:53:42","LEM","06_06_02_12:53:45"
"MP_LA_565","LA",565,"C_EGD_435","Wood",0,"Saltoun_Wood","LEM","06_06_02_12:53:48","LEM","06_06_02_12:53:53"
"MP_LA_566","LA",566,"C_EGD_435",,0,"Wester_Saltoun","LEM","06_06_02_12:54:03","LEM","06_06_02_12:54:06"
"MP_LA_567","LA",567,"C_EGD_435","Mill",0,"Paiston","LEM","06_06_02_12:54:27","LEM","06_06_02_12:54:30"
"MP_LA_568","LA",568,"C_EGD_435",,0,"Haddington","LEM","06_06_02_12:54:36","LEM","06_06_02_12:54:43"
"MP_LA_569","LA",569,"C_EGD_435","Kirkyard",0,"Haddington","LEM","06_06_02_12:54:45","LEM","06_06_02_12:54:57"
"MP_LA_570","LA",570,"C_EGD_435","Burn",0,"Lethair_burn","LEM","06_06_02_12:55:00","LEM","06_06_02_12:55:10"
"MP_LA_571","LA",571,"C_EGD_435","Barn",0,,"LEM","06_06_02_12:55:11","LEM","06_06_02_12:55:18"
"MP_LA_572","LA",572,"C_EGD_435","Moor",0,"Gladsmuir","LEM","06_06_02_12:55:19","LEM","06_06_02_12:55:24"
"MP_LA_573","LA",573,"C_EGD_435",,0,"East_Barnes,_Dunbar","LEM","06_06_02_12:55:29","LEM","06_06_02_12:55:39"
"MP_LA_574","LA",574,"C_EGD_435",,0,"Broxburn","LEM","06_06_02_12:55:41","LEM","06_06_02_12:55:54"
"MP_LA_575","LA",575,"C_EGD_435","Links",0,"Gullane","LEM","06_06_02_12:56:00","LEM","06_06_02_12:56:19"
"MP_LA_578","LA",578,"C_EGD_2244","Hilltop",0,"Hill_of_Rendall","LEM","06_19_02_11:02:26","LEM","06_19_02_11:02:34"
"MP_LA_579","LA",579,"C_EGD_2208","Kirkyard",0,"Cross_Kirk_of_Westray","LEM","06_19_02_11:45:18","jhm","10_24_02_14:23:27"
"MP_LA_580","LA",580,"C_EGD_2212","Loch",0,,"LEM","06_19_02_12:00:17","LEM","08_06_02_12:10:21"
"MP_LA_581","LA",581,"C_EGD_2211","Hilltop",0,"between_Harray_and_Rendall","LEM","06_19_02_16:00:36","LEM","06_19_02_16:00:50"
"MP_LA_582","LA",582,"C_EGD_694","Ford",0,"Reidfoord","LEM","06_24_02_22:30:41","LEM","06_24_02_22:31:10"
"MP_LA_583","LA",583,"C_EGD_687",,0,"between_Winton_and_Seaton","LEM","06_25_02_11:06:25","LEM","06_25_02_11:06:36"
"MP_LA_584","LA",584,"C_LA_3061","House",0,"Sarah_Cranston's","LEM","06_25_02_12:34:39","LEM","06_25_02_12:34:51"
"MP_LA_585","LA",585,"C_LA_3061","Burn",0,"cow_burn","LEM","06_25_02_12:35:25","LEM","06_25_02_12:35:30"
"MP_LA_586","LA",586,"C_LA_3061","Burn",0,"Manispark_burn","LEM","06_25_02_12:35:32","LEM","06_25_02_12:35:54"
"MP_LA_587","LA",587,"C_EGD_694","Bridge",0,"Keith_Bridge","LEM","06_25_02_12:43:36","LEM","06_25_02_12:43:40"
"MP_LA_588","LA",588,"C_EGD_620","Ford",0,"Reidfoord","LEM","06_25_02_13:14:35","LEM","06_25_02_13:14:48"
"MP_LA_589","LA",589,"C_EGD_620","Wood",0,"Ormiston_wood","LEM","06_25_02_13:15:11","LEM","06_25_02_13:15:16"
"MP_LA_590","LA",590,"C_EGD_620","Haugh",0,"Lint_Haugh","LEM","06_25_02_13:15:17","LEM","06_25_02_13:15:21"
"MP_LA_591","LA",591,"C_EGD_620","Haugh",0,"Ward_Haugh","LEM","06_25_02_13:15:22","LEM","06_25_02_13:15:34"
"MP_LA_592","LA",592,"C_EGD_616","Dam",0,"Ormiston,_Cowsland_dean","LEM","06_25_02_13:36:13","LEM","06_25_02_13:36:20"
"MP_LA_593","LA",593,"C_EGD_616","Burn",0,"cows_burn","LEM","06_25_02_13:36:24","LEM","06_25_02_13:36:30"
"MP_LA_594","LA",594,"C_EGD_703","Links",0,,"LEM","07_04_02_14:25:29","LEM","07_04_02_14:25:36"
"MP_LA_595","LA",595,"C_EGD_702","Links",0,"Bo'ness","LEM","07_04_02_14:25:59","LEM","07_04_02_14:26:11"
"MP_LA_599","LA",599,"C_EGD_203","House",0,"A_fellow_witch's_house","LEM","07_12_02_10:41:11","jhm","10_23_02_14:17:33"
"MP_LA_6","LA",6,"C_EGD_162","Salt_pans",0,"pan_brae_of_salt_pans","LEM","05_18_01_13:00:02","LEM","05_18_01_13:00:21"
"MP_LA_60","LA",60,"C_LA_2689","Yard",0,"tenth_yard_of_eyemouth","LEM","06_18_01_10:35:19","LEM","06_18_01_10:35:31"
"MP_LA_600","LA",600,"C_EGD_204","House",0,"another_witch's_house","LEM","07_12_02_12:41:53","jhm","10_23_02_14:37:05"
"MP_LA_601","LA",601,"C_EGD_205","House",0,"another_witch's_house","LEM","07_12_02_12:56:17","jhm","10_23_02_14:54:57"
"MP_LA_602","LA",602,"C_EGD_291","Yard",0,"a_yard_dyk","LEM","07_18_02_10:36:29","LEM","07_18_02_10:36:43"
"MP_LA_603","LA",603,"C_EGD_292","House",0,,"LEM","07_18_02_11:15:50","LEM","07_18_02_11:16:02"
"MP_LA_604","LA",604,"C_EGD_293",,0,"Loanhead","LEM","07_18_02_11:52:57","LEM","07_18_02_11:54:21"
"MP_LA_607","LA",607,"C_EGD_311",,0,"Gallowhop","LEM","07_18_02_17:23:37","LEM","07_18_02_17:23:39"
"MP_LA_608","LA",608,"C_EGD_311","Hilltop",0,"Sandie's_Hill","LEM","07_18_02_17:23:40","LEM","07_18_02_17:23:51"
"MP_LA_609","LA",609,"C_EGD_311",,0,"The_Home,_in_Stenton","LEM","07_18_02_17:33:34","LEM","07_18_02_17:34:06"
"MP_LA_61","LA",61,"C_LA_2689","Shore",0,"shore_of_eyemouth","LEM","06_18_01_10:35:35","LEM","06_18_01_10:35:43"
"MP_LA_610","LA",610,"C_EGD_309","House",0,"Lacost's_house","LEM","07_18_02_17:57:40","jhm","11_04_02_13:06:44"
"MP_LA_611","LA",611,"C_EGD_309",,0,"Gallowhop","LEM","07_18_02_17:57:44","LEM","07_18_02_17:58:08"
"MP_LA_612","LA",612,"C_EGD_309","Hilltop",0,"Sandie's_Hill","LEM","07_18_02_17:58:09","LEM","07_18_02_17:58:14"
"MP_LA_613","LA",613,"C_EGD_310","Yard",0,"her_own","LEM","07_18_02_18:09:56","jhm","11_04_02_13:12:20"
"MP_LA_614","LA",614,"C_EGD_310",,0,"Hallowhop","LEM","07_18_02_18:17:46","jhm","11_04_02_13:12:10"
"MP_LA_615","LA",615,"C_EGD_319","House",0,"Allesone_Fermor's","LEM","07_19_02_09:28:19","LEM","07_19_02_09:28:28"
"MP_LA_616","LA",616,"C_EGD_319",,0,"Gallowhop","LEM","07_19_02_09:28:30","LEM","07_19_02_09:28:49"
"MP_LA_617","LA",617,"C_EGD_318","Burn",0,"Carfrae_Burn","LEM","07_19_02_09:52:12","LEM","07_19_02_09:52:18"
"MP_LA_618","LA",618,"C_EGD_318",,0,"Gallowhop","LEM","07_19_02_09:52:19","LEM","07_19_02_09:52:42"
"MP_LA_619","LA",619,"C_LA_3135","Kirk",0,"Chaple_Stair","LEM","07_19_02_12:49:51","LEM","07_19_02_12:50:12"
"MP_LA_620","LA",620,"C_EGD_792","House",0,"Jon_Wilson's","LEM","07_23_02_15:12:59","LEM","07_23_02_15:13:24"
"MP_LA_621","LA",621,"C_EGD_33","Glen",0,"Glen_of_Corloy","LEM","07_24_02_10:30:48","LEM","07_24_02_10:31:13"
"MP_LA_622","LA",622,"C_EGD_108",,0,"Presonpans","LEM","07_26_02_09:49:54","LEM","07_26_02_09:50:03"
"MP_LA_623","LA",623,"C_EGD_120",,0,"Prestonpans","LEM","07_26_02_09:55:02","LEM","07_26_02_09:55:06"
"MP_LA_624","LA",624,"C_EGD_120","Kirk",0,"North_Berwick","LEM","07_26_02_09:56:31","LEM","07_26_02_09:56:38"
"MP_LA_625","LA",625,"C_EGD_120","Kirkyard",0,"North_Berwick","LEM","07_26_02_09:56:39","LEM","07_26_02_09:56:45"
"MP_LA_626","LA",626,"C_EGD_107",,0,"Fyrnt_Hoillis_of_Prestonpans","LEM","07_26_02_10:02:30","LEM","07_26_02_10:03:14"
"MP_LA_627","LA",627,"C_EGD_110",,0,"The_Ship","LEM","07_26_02_10:32:53","LEM","07_26_02_10:32:59"
"MP_LA_628","LA",628,"C_EGD_63","Hilltop",0,,"LEM","07_26_02_10:57:25","LEM","07_26_02_11:43:13"
"MP_LA_629","LA",629,"C_EGD_345","Dam",0,"The_Stone_Well","LEM","07_30_02_11:11:32","LEM","07_30_02_11:11:40"
"MP_LA_630","LA",630,"C_EGD_345","Green",0,"between_Tranent_and_Seaton","LEM","07_30_02_11:12:10","LEM","07_30_02_11:12:29"
"MP_LA_631","LA",631,"C_EGD_346","Dam",0,"of_Tranent","LEM","07_30_02_12:13:54","LEM","07_30_02_12:14:12"
"MP_LA_632","LA",632,"C_EGD_346","Green",0,"Bragreen_between_Seaton_and_Tranent","LEM","07_30_02_12:14:14","LEM","07_30_02_12:14:31"
"MP_LA_633","LA",633,"C_EGD_347",,0,"Prestonpans","LEM","07_30_02_13:46:54","LEM","07_30_02_13:47:22"
"MP_LA_634","LA",634,"C_EGD_353","Kirk",0,"the_Old_Kirk","LEM","08_01_02_09:28:04","LEM","08_01_02_09:28:11"
"MP_LA_635","LA",635,"C_EGD_344","Windmill",0,"of_the_pans","LEM","08_01_02_09:38:47","LEM","08_01_02_09:39:09"
"MP_LA_636","LA",636,"C_EGD_349","Green",0,"Bragreen_between_Seaton_and_Tranent","LEM","08_01_02_09:46:58","LEM","08_01_02_09:47:21"
"MP_LA_637","LA",637,"C_EGD_343","Green",0,"Bragreen_between_Seaton_and_Tranent","LEM","08_01_02_09:56:06","LEM","08_01_02_09:56:24"
"MP_LA_638","LA",638,"C_EGD_273","Hilltop",0,,"LEM","08_01_02_10:53:01","LEM","08_01_02_10:53:13"
"MP_LA_639","LA",639,"C_EGD_273","Kirk",0,"Irvine","LEM","08_01_02_10:54:04","jhm","10_31_02_11:30:51"
"MP_LA_640","LA",640,"C_EGD_1474","Kirk",0,"Nairn","LEM","08_20_02_14:50:54","LEM","08_20_02_14:50:58"
"MP_LA_641","LA",641,"C_EGD_1474",,0,"Darnvay","LEM","08_20_02_15:02:36","LEM","08_20_02_15:02:41"
"MP_LA_642","LA",642,"C_EGD_1558","Kirk",0,"The_Kirk_of_Auldearn","LEM","08_22_02_10:41:55","LEM","08_22_02_10:42:08"
"MP_LA_643","LA",643,"C_EGD_1558","Kirk",0,"Kirk_of_Nairn","LEM","08_22_02_10:44:37","LEM","08_22_02_10:44:42"
"MP_LA_644","LA",644,"C_EGD_1558","Hilltop",0,"Hill_of_Earlfeat","LEM","08_22_02_10:49:53","LEM","08_22_02_10:50:00"
"MP_LA_645","LA",645,"C_EGD_1558","Dye-House",0,"Auldearn","LEM","08_22_02_11:09:46","LEM","08_22_02_11:09:55"
"MP_LA_65","LA",65,"C_EGD_1605","House",0,"Her_house","LEM","06_19_01_14:10:38","LEM","06_19_01_14:11:07"
"MP_LA_66","LA",66,"C_EGD_372","Bank_Head",0,"Wolmet_Bank","LEM","06_27_01_16:09:33","LEM","06_27_01_16:10:57"
"MP_LA_661","LA",661,"C_EGD_1224","Hilltop",0,"Coldinghame_Law","LEM","11_18_02_15:51:06","LEM","11_18_02_15:51:26"
"MP_LA_662","LA",662,"C_EGD_1224","House",0,"Bessie_Sleigh's","LEM","11_18_02_15:51:27","LEM","11_18_02_15:51:35"
"MP_LA_663","LA",663,"C_EGD_1224","Hilltop",0,"Borthwick_Hill","LEM","11_18_02_15:51:36","LEM","11_18_02_15:51:48"
"MP_LA_664","LA",664,"C_EGD_1224","Hilltop",0,"Duns_Law","LEM","11_18_02_15:51:48","LEM","11_18_02_15:51:56"
"MP_LA_665","LA",665,"C_EGD_1225","Hilltop",0,"Coldingham_Law","LEM","11_18_02_16:05:59","LEM","11_18_02_16:06:08"
"MP_LA_666","LA",666,"C_EGD_1225","Hilltop",0,"Duns_Law","LEM","11_18_02_16:06:22","LEM","11_18_02_16:06:26"
"MP_LA_667","LA",667,"C_EGD_1225","Hilltop",0,"Borthwick_Hill","LEM","11_18_02_16:06:26","LEM","11_18_02_16:06:46"
"MP_LA_668","LA",668,"C_EGD_1226","Hilltop",0,"Duns_Law","LEM","11_18_02_16:18:29","LEM","11_18_02_16:18:36"
"MP_LA_669","LA",669,"C_EGD_1226","Hilltop",0,"Borthwick_Hills","LEM","11_18_02_16:18:42","LEM","11_18_02_16:18:54"
"MP_LA_67","LA",67,"C_EGD_372","Moor",0,"Burrow_Mure","LEM","06_27_01_16:11:04","LEM","06_27_01_16:11:26"
"MP_LA_68","LA",68,"C_EGD_371","Road",0,"between_Sheriffhall_burn_and_Dalkeith","LEM","06_27_01_16:18:01","jhm","11_05_02_14:21:56"
"MP_LA_69","LA",69,"C_EGD_374","Yard",0,"Sheriffhall","LEM","06_27_01_16:21:48","LEM","06_27_01_16:22:13"
"MP_LA_7","LA",7,"C_EGD_162","House",0,"suspect's_in_Nyddrie_Myln","LEM","05_18_01_13:00:21","LEM","05_18_01_13:00:59"
"MP_LA_70","LA",70,"C_EGD_374","House",0,"fellow_accused_witch's,_at_11pm","LEM","06_27_01_16:23:02","jhm","11_05_02_14:44:36"
"MP_LA_71","LA",71,"C_EGD_373","Bank_Head",0,"Wolmet_bank","LEM","06_28_01_09:20:53","LEM","06_28_01_09:22:20"
"MP_LA_72","LA",72,"C_EGD_370","Bank_Head",0,"Wolmet_Bank","LEM","06_28_01_09:31:25","LEM","07_09_01_10:25:51"
"MP_LA_73","LA",73,"C_EGD_370","Yard",0,"Sheriffhall","LEM","06_28_01_09:31:35","LEM","06_28_01_09:31:57"
"MP_LA_78","LA",78,"C_EGD_1390","Yard",0,"Sheriffhall","LEM","06_28_01_09:57:01","LEM","06_28_01_09:57:05"
"MP_LA_79","LA",79,"C_EGD_1390","House",0,"her_house","LEM","06_28_01_09:57:22","LEM","06_28_01_09:57:40"
"MP_LA_8","LA",8,"C_EGD_162","Salt_pans",0,"Salt_Coitmure","LEM","05_18_01_13:01:08","LEM","05_18_01_13:01:38"
"MP_LA_9","LA",9,"C_EGD_166","House",0,"Oswald's_in_Nyddrie_Mylne","LEM","05_18_01_15:13:52","LEM","05_18_01_15:15:22"
"MP_LA_96","LA",96,"C_EGD_380","House",0,"her_own_house","LEM","06_29_01_11:06:53","LEM","06_29_01_11:06:58"
"MP_LA_97","LA",97,"C_EGD_380","Dam",0,"Newtown_Deimhead","LEM","06_29_01_11:09:00","LEM","06_29_01_11:09:19"
"MP_LA_98","LA",98,"C_EGD_380","Road",0,"on_the_way_to_the_Mill","LEM","06_29_01_11:09:26","LEM","06_29_01_11:09:33"
"MP_LA_99","LA",99,"C_EGD_365","Dam",0,"Newtown_Deinhead","LEM","06_29_01_11:54:36","LEM","06_29_01_11:54:43"
