DevilRef,DevilSystemId,DevilID,CaseRef,Devil_Type,Devil_Text,Createdby,Createdate,Lastupdatedby,Lastupdatedon
"DVA_JO_107","JO",107,"C_JO_2846","Male","fearful_shape","jhm","07_24_01_10:25:30","LEM","11_01_02_14:29:50"
"DVA_JO_108","JO",108,"C_EGD_1817","Male","in_green_clothing","jhm","07_31_01_13:33:23","jhm","10_22_02_12:54:21"
"DVA_JO_109","JO",109,"C_EGD_1862","Male","large,_black_man","jhm","07_31_01_14:43:45","LEM","10_10_02_11:30:37"
"DVA_JO_110","JO",110,"C_EGD_2005","Male","in_green_with_black_hat","jhm","07_31_01_14:59:28","jhm","10_23_02_13:40:54"
"DVA_JO_111","JO",111,"C_EGD_2005","Male","young_man_in_green","jhm","07_31_01_14:59:53","jhm","10_23_02_13:40:53"
"DVA_JO_112","JO",112,"C_EGD_1859","Male","little_man,_in_blue,_blue_hat,_black_staff","jhm","07_31_01_15:24:44","jhm","10_22_02_14:38:02"
"DVA_JO_113","JO",113,"C_EGD_1758","Male","grim_black_man","jhm","08_17_01_12:21:52","jhm","10_22_02_09:50:47"
"DVA_JO_114","JO",114,"C_JO_2882","Male","black_clothing","jhm","09_07_01_12:14:18","LEM","11_01_02_10:48:16"
"DVA_JO_116","JO",116,"C_JO_2883","Female_Fairy","green_clothes_kirtall","jhm","09_07_01_12:55:32","jhm","09_07_01_12:55:57"
"DVA_JO_117","JO",117,"C_JO_2883","Male","black_man_in_black_clothes","jhm","09_07_01_12:55:59","LEM","11_01_02_10:44:13"
"DVA_JO_118","JO",118,"C_JO_2883","Male_Fairy","green_clothes_grey_hat","jhm","09_07_01_12:56:39","jhm","09_07_01_12:57:40"
"DVA_JO_119","JO",119,"C_JO_2882","Female_Fairy",,"jhm","09_07_01_13:14:52","jhm","09_07_01_13:14:53"
"DVA_JO_120","JO",120,"C_JO_2882","Male_Fairy",,"jhm","09_07_01_13:14:56","jhm","09_07_01_13:15:07"
"DVA_JO_155","JO",155,"C_EGD_1367","Male","in_brown_clothes","jhm","10_19_01_10:32:30","jhm","10_03_02_16:16:38"
"DVA_JO_156","JO",156,"C_EGD_1368","Male","black_clothes","jhm","10_19_01_10:54:40","jhm","10_03_02_16:18:37"
"DVA_JO_157","JO",157,"C_EGD_1375","Animal_Devil","dog","jhm","10_19_01_12:04:43","jhm","10_19_01_12:04:54"
"DVA_JO_158","JO",158,"C_EGD_1375","Male",,"jhm","10_19_01_12:04:55","jhm","09_30_02_16:54:16"
"DVA_JO_159","JO",159,"C_EGD_1372","Male","in_black_clothes","jhm","10_19_01_12:20:09","jhm","10_03_02_16:30:44"
"DVA_JO_160","JO",160,"C_EGD_1373","Male","black_man_in_green","jhm","10_19_01_12:38:23","jhm","10_01_02_09:53:36"
"DVA_JO_161","JO",161,"C_JO_2905","Male","gentleman","jhm","10_19_01_12:59:24","jhm","10_01_02_09:53:29"
"DVA_JO_162","JO",162,"C_EGD_1374","Male","in_black_clothes","jhm","10_19_01_13:08:00","jhm","10_01_02_09:53:08"
"DVA_JO_163","JO",163,"C_EGD_1374","Animal_Devil","dog","jhm","10_19_01_13:08:13","jhm","10_19_01_13:08:32"
"DVA_JO_21","JO",21,"C_EGD_2121","Male","a_little_cuttie_fellow_with_a_staff","jhm","06_05_01_14:47:14","jhm","10_24_02_09:40:21"
"DVA_JO_22","JO",22,"C_EGD_2121","Animal_Devil","magpie","jhm","06_05_01_14:50:03","jhm","06_05_01_14:50:46"
"DVA_JO_229","JO",229,"C_EGD_2453","Spirit","non-visible_spirits","jhm","10_23_01_10:49:37","jhm","10_23_01_10:50:03"
"DVA_JO_23","JO",23,"C_EGD_2121","Animal_Devil","jackdaw","jhm","06_05_01_14:50:47","jhm","06_05_01_14:51:21"
"DVA_JO_236","JO",236,"C_EGD_1818","Male",,"jhm","11_27_01_13:40:42","jhm","10_22_02_13:02:41"
"DVA_JO_237","JO",237,"C_EGD_1818","Animal_Devil","young_dog","jhm","11_27_01_13:40:46","jhm","11_27_01_13:45:34"
"DVA_JO_238","JO",238,"C_EGD_1818","Animal_Devil","young_brown_dog","jhm","11_27_01_13:45:36","jhm","11_27_01_13:45:49"
"DVA_JO_24","JO",24,"C_EGD_1324","Animal_Devil","black_dog","jhm","06_13_01_12:37:32","jhm","06_13_01_12:37:50"
"DVA_JO_249","JO",249,"C_EGD_2387","Male",,"jhm","02_07_02_10:24:57","jhm","10_29_02_10:06:26"
"DVA_JO_25","JO",25,"C_EGD_1323","Male","man_wearing_green_clothes","jhm","06_13_01_13:15:21","jhm","10_03_02_14:38:15"
"DVA_JO_250","JO",250,"C_EGD_1856","Animal_Devil","round_headed_cat","jhm","02_07_02_11:19:18","jhm","02_07_02_11:26:37"
"DVA_JO_251","JO",251,"C_EGD_1856","Animal_Devil","black_dog","jhm","02_07_02_11:19:22","jhm","02_07_02_11:19:31"
"DVA_JO_252","JO",252,"C_EGD_1856","Male","cold_man","jhm","02_07_02_11:21:18","jhm","10_22_02_14:32:27"
"DVA_JO_253","JO",253,"C_JO_2959","Male",,"jhm","02_07_02_15:16:53","LEM","10_31_02_16:16:02"
"DVA_JO_254","JO",254,"C_EGD_1848","Male",,"jhm","02_07_02_16:01:56","jhm","10_22_02_14:16:23"
"DVA_JO_255","JO",255,"C_EGD_1855","Animal_Devil","cat","jhm","02_14_02_10:45:04","jhm","02_14_02_10:45:10"
"DVA_JO_256","JO",256,"C_EGD_1855","Animal_Devil","dog","jhm","02_14_02_10:45:11","jhm","02_14_02_10:45:15"
"DVA_JO_31","JO",31,"C_EGD_604","Male","leper","jhm","06_27_01_12:11:38","LEM","11_07_02_12:56:24"
"DVA_JO_312","JO",312,"C_EGD_2153","Animal_Devil","Beast","jhm","03_07_02_16:22:30","jhm","03_07_02_16:22:44"
"DVA_JO_313","JO",313,"C_EGD_2172","Female_Fairy","Quene_of_Elphen","jhm","05_08_02_16:44:26","jhm","05_08_02_16:44:48"
"DVA_JO_314","JO",314,"C_EGD_2172","Spirit","Christonday_Angel","jhm","05_08_02_16:44:54","jhm","05_09_02_12:23:10"
"DVA_JO_315","JO",315,"C_EGD_2172","Ghost","Thomas_Rhymer_James_IV","jhm","05_08_02_16:47:07","jhm","05_08_02_16:47:26"
"DVA_JO_316","JO",316,"C_EGD_2172","Animal_Devil","Stag_deer","jhm","05_08_02_16:50:35","jhm","05_08_02_16:50:51"
"DVA_JO_317","JO",317,"C_EGD_2172","Other_Demon","Black_beast","jhm","05_09_02_12:23:16","jhm","05_09_02_12:25:34"
"DVA_JO_319","JO",319,"C_EGD_2159","Male","Old_beared_man_in_white","jhm","05_09_02_13:03:46","jhm","10_24_02_11:26:01"
"DVA_JO_320","JO",320,"C_EGD_2159","Male","no_details","jhm","05_09_02_13:04:35","jhm","10_24_02_11:26:01"
"DVA_JO_321","JO",321,"C_EGD_2160","Animal_Devil","as_a_lamb","jhm","05_09_02_16:54:18","jhm","05_09_02_16:54:33"
"DVA_JO_322","JO",322,"C_EGD_2160","Animal_Devil","as_a_calf","jhm","05_09_02_16:55:02","jhm","05_09_02_16:55:30"
"DVA_JO_323","JO",323,"C_EGD_2162","Animal_Devil","as_beast","jhm","06_03_02_15:27:27","jhm","06_03_02_15:27:47"
"DVA_JO_324","JO",324,"C_JO_3033","Animal_Devil","grey_stag","jhm","06_10_02_17:31:52","jhm","06_10_02_17:32:56"
"DVA_JO_325","JO",325,"C_JO_3033","Animal_Devil","bird","jhm","06_10_02_17:32:07","jhm","06_10_02_17:32:23"
"DVA_JO_326","JO",326,"C_JO_3033","Animal_Devil","horse","jhm","06_10_02_17:36:59","jhm","06_10_02_17:37:13"
"DVA_JO_327","JO",327,"C_EGD_2130","Male","little_cripple_man","jhm","06_10_02_18:11:05","jhm","10_24_02_10:15:44"
"DVA_JO_328","JO",328,"C_EGD_2141","Male",,"jhm","06_10_02_21:45:23","jhm","10_24_02_10:30:16"
"DVA_JO_329","JO",329,"C_EGD_2141","Animal_Devil","unspecified_beast","jhm","06_10_02_21:45:33","jhm","06_10_02_21:45:47"
"DVA_JO_330","JO",330,"C_EGD_2141","Animal_Devil","black_stag","jhm","06_10_02_21:46:01","jhm","06_10_02_21:46:04"
"DVA_JO_331","JO",331,"C_EGD_2141","Male","in_silk_clothing_white_candle_in_hand","jhm","06_10_02_21:46:11","jhm","10_24_02_10:30:14"
"DVA_JO_332","JO",332,"C_EGD_2141","Male","black_man","jhm","06_10_02_21:46:37","jhm","10_24_02_10:30:13"
"DVA_JO_333","JO",333,"C_EGD_2141","Female","dressed_in_white_wylicoat","jhm","06_10_02_21:48:49","jhm","10_24_02_10:30:12"
"DVA_JO_334","JO",334,"C_JO_3046","Male","man","jhm","06_17_02_16:04:03","LEM","10_31_02_12:58:16"
"DVA_JO_335","JO",335,"C_JO_3046",,,"jhm","06_19_02_15:41:48","jhm","06_19_02_15:41:51"
"DVA_JO_336","JO",336,"C_EGD_2327","Animal_Devil","crows","jhm","06_19_02_16:02:33","jhm","06_19_02_16:02:48"
"DVA_JO_342","JO",342,"C_JO_3059","Spirit","as_angel","jhm","06_27_02_14:32:02","jhm","06_27_02_14:32:18"
"DVA_JO_343","JO",343,"C_JO_3059","Male","as_Thomas_Murray","jhm","06_27_02_14:34:48","LEM","10_31_02_12:45:27"
"DVA_JO_344","JO",344,"C_JO_3068","Male","man_in_green_clothes","jhm","07_02_02_09:21:16","LEM","11_11_02_11:25:34"
"DVA_JO_345","JO",345,"C_EGD_297","Male","in_brown_clothes_and_black_hat","jhm","07_03_02_16:22:54","jhm","11_04_02_09:36:31"
"DVA_JO_346","JO",346,"C_EGD_294","Male",,"jhm","07_04_02_11:27:32","jhm","10_31_02_12:38:57"
"DVA_JO_347","JO",347,"C_EGD_294","Female","wearing_green_waistcoat_with_grey_tails","jhm","07_04_02_11:53:18","jhm","10_31_02_12:38:53"
"DVA_JO_348","JO",348,"C_EGD_291","Male","in_grey_clothes_and_blue_hat","jhm","07_04_02_14:00:03","jhm","10_31_02_12:14:02"
"DVA_JO_349","JO",349,"C_EGD_291","Fairy","in_green_waistcoat_and_grey_gown","jhm","07_04_02_14:00:13","jhm","10_31_02_12:14:01"
"DVA_JO_350","JO",350,"C_EGD_291","Female","in_white_gown","jhm","07_04_02_14:00:39","jhm","10_31_02_12:13:59"
"DVA_JO_351","JO",351,"C_EGD_294","Animal_Devil","feltered_beast","jhm","07_04_02_14:21:26","jhm","07_04_02_14:22:32"
"DVA_JO_352","JO",352,"C_EGD_293","Female","woman_with_black_pot","jhm","07_04_02_15:17:00","jhm","10_31_02_12:31:12"
"DVA_JO_354","JO",354,"C_EGD_2373","Male",,"jhm","07_11_02_10:55:29","jhm","10_29_02_09:29:33"
"DVA_JO_355","JO",355,"C_EGD_1813","Male","grim_man_in_black_clothes","jhm","07_11_02_12:45:09","jhm","10_22_02_12:05:25"
"DVA_JO_356","JO",356,"C_EGD_1628","Male","in_grey_clothes","jhm","07_11_02_13:42:37","jhm","10_21_02_13:40:58"
"DVA_JO_357","JO",357,"C_EGD_1627","Male","in_brown_clothes","jhm","07_11_02_13:49:48","jhm","10_21_02_13:38:23"
"DVA_JO_358","JO",358,"C_JO_3093","Unspecified_Devil",,"jhm","07_18_02_10:28:22","jhm","07_18_02_10:29:33"
"DVA_JO_359","JO",359,"C_EGD_2161","Animal_Devil","four_legged_beast","jhm","07_18_02_10:41:52","jhm","07_18_02_10:42:39"
"DVA_JO_369","JO",369,"C_EGD_831","Animal_Devil","black_dog","jhm","08_02_02_15:29:11","jhm","08_02_02_15:29:23"
"DVA_JO_395","JO",395,"C_EGD_1533","Male","man","jhm","08_27_02_09:30:46","jhm","10_08_02_14:23:40"
"DVA_JO_396","JO",396,"C_EGD_1527","Male","young_man","jhm","08_27_02_10:26:12","jhm","10_08_02_12:31:43"
"DVA_JO_397","JO",397,"C_EGD_604","Male","gross_copperfaced_man","jhm","08_27_02_11:19:42","LEM","11_07_02_12:56:06"
"DVA_JO_398","JO",398,"C_JO_3246","Animal_Devil","little_brown_dog","jhm","08_27_02_11:53:44","jhm","08_27_02_11:54:04"
"DVA_JO_399","JO",399,"C_JO_3246","Male","well_favoured_young_man","jhm","08_27_02_11:54:05","LEM","10_30_02_14:02:19"
"DVA_JO_400","JO",400,"C_JO_3246","Animal_Devil","cat","jhm","08_27_02_11:54:56","jhm","08_27_02_11:55:13"
"DVA_JO_401","JO",401,"C_JO_3248","Male","black_rough_fierce_man","jhm","08_27_02_14:09:38","LEM","10_30_02_13:43:10"
"DVA_JO_402","JO",402,"C_JO_3248","Male","with_a_white_'midell'","jhm","08_28_02_09:52:18","LEM","10_30_02_13:42:47"
"DVA_JO_403","JO",403,"C_JO_3248","Male","naked_with_black_head","jhm","08_28_02_09:55:29","LEM","10_30_02_13:42:46"
"DVA_JO_404","JO",404,"C_JO_3248","Ghost","spirit_of_Adam_Ker","jhm","08_28_02_09:58:07","jhm","08_28_02_09:58:21"
"DVA_JO_405","JO",405,"C_JO_3248","Male","called_Klareanough","jhm","08_28_02_10:02:01","LEM","10_30_02_13:42:44"
"DVA_JO_406","JO",406,"C_EGD_2148","Spirit","Christonday","jhm","10_24_02_10:56:45","jhm","10_24_02_10:56:55"
"DVA_JO_407","JO",407,"C_EGD_2255","Fairy",,"jhm","10_24_02_15:53:26","jhm","10_28_02_16:36:56"
"DVA_JO_79","JO",79,"C_JO_2830","Male","little,_black_man","jhm","07_10_01_10:04:24","LEM","11_01_02_14:43:48"
"DVA_JO_80","JO",80,"C_JO_2830","Male","in_green_cothes","jhm","07_10_01_10:04:37","LEM","11_01_02_14:43:45"
"DVA_JO_81","JO",81,"C_LA_2786","Male","man_in_black","jhm","07_10_01_10:33:01","LEM","11_11_02_11:26:11"
"DVA_JO_83","JO",83,"C_LA_2785","Male","in_black_clothes","jhm","07_10_01_12:04:37","LEM","11_11_02_11:26:28"
"DVA_JO_84","JO",84,"C_EGD_395","Male","heavy_as_millstone","jhm","07_10_01_12:42:26","jhm","11_06_02_12:35:02"
"DVA_JO_85","JO",85,"C_EGD_397","Male","black_man","jhm","07_10_01_12:59:45","jhm","11_06_02_12:38:50"
"DVA_JO_86","JO",86,"C_EGD_1954","Male","very_well_clothed","jhm","07_10_01_15:41:42","jhm","10_23_02_11:09:25"
"DVA_JO_87","JO",87,"C_EGD_401","Male",,"jhm","07_10_01_16:05:29","jhm","11_06_02_12:59:31"
"DVA_JO_88","JO",88,"C_JO_2832","Male",,"jhm","07_11_01_10:58:36","LEM","11_01_02_14:41:48"
"DVA_JO_89","JO",89,"C_EGD_1954","Male","cloven_feet","jhm","07_11_01_11:04:38","jhm","10_23_02_11:09:24"
"DVA_LA_1","LA",1,"C_EGD_160","Unspecified_Devil",,"LEM","05_17_01_10:48:30","LEM","05_17_01_10:48:35"
"DVA_LA_10","LA",10,"C_EGD_166","Male","man_in_grey_clothes","LEM","05_21_01_11:14:12","jhm","10_21_02_14:59:24"
"DVA_LA_100","LA",100,"C_EGD_365","Insect_Devil","Bee","LEM","07_16_01_12:59:39","LEM","07_16_01_12:59:46"
"DVA_LA_101","LA",101,"C_EGD_365","Male","pretty_boy_in_Green_Clothes","LEM","07_16_01_12:59:49","jhm","11_05_02_14:01:32"
"DVA_LA_102","LA",102,"C_EGD_364","Male","young_man","LEM","07_16_01_13:18:27","jhm","11_05_02_10:00:37"
"DVA_LA_103","LA",103,"C_EGD_384","Male","meikle_headed_body","LEM","07_16_01_13:23:42","jhm","11_05_02_15:31:09"
"DVA_LA_104","LA",104,"C_EGD_406","Male",,"LEM","07_16_01_14:53:17","jhm","11_06_02_14:14:52"
"DVA_LA_105","LA",105,"C_EGD_1398","Male",,"LEM","07_16_01_15:00:38","jhm","10_07_02_14:28:33"
"DVA_LA_106","LA",106,"C_EGD_377","Male","with_green_clothes","LEM","07_17_01_10:16:14","LEM","10_10_02_15:42:25"
"DVA_LA_114","LA",114,"C_EGD_576","Spirit","as_a_woman","LEM","09_05_01_10:28:38","LEM","09_05_01_10:28:44"
"DVA_LA_115","LA",115,"C_EGD_576","Female_Fairy","queen_of_fairy","LEM","09_05_01_10:31:48","LEM","11_06_01_14:52:28"
"DVA_LA_116","LA",116,"C_EGD_606","Male",,"LEM","09_07_01_10:41:23","LEM","11_11_02_11:26:41"
"DVA_LA_117","LA",117,"C_EGD_607","Male",,"LEM","09_07_01_10:44:23","LEM","11_07_02_12:47:08"
"DVA_LA_118","LA",118,"C_EGD_609","Male","gentleman","LEM","09_07_01_10:50:05","LEM","11_07_02_12:45:08"
"DVA_LA_119","LA",119,"C_EGD_608","Male","Sade_coloured_habit","LEM","09_07_01_12:04:01","LEM","11_07_02_12:46:23"
"DVA_LA_12","LA",12,"C_EGD_162","Male","black_man_in_black_clothes","LEM","05_21_01_13:23:31","jhm","10_18_02_16:12:50"
"DVA_LA_120","LA",120,"C_EGD_607","Spirit","her's_named_Laurie_Moir","LEM","09_07_01_12:34:38","LEM","09_07_01_12:35:07"
"DVA_LA_121","LA",121,"C_EGD_608","Spirit","her's_named_Peter_Drysdale","LEM","09_07_01_12:35:27","LEM","09_07_01_12:35:46"
"DVA_LA_122","LA",122,"C_EGD_606","Spirit","Peiter_Solloway","LEM","09_07_01_12:43:52","LEM","09_07_01_12:44:01"
"DVA_LA_123","LA",123,"C_EGD_691","Male",,"LEM","09_11_01_11:52:03","LEM","11_06_02_15:45:23"
"DVA_LA_124","LA",124,"C_EGD_616","Male",,"LEM","09_11_01_11:56:39","LEM","11_07_02_12:36:51"
"DVA_LA_127","LA",127,"C_EGD_694","Male",,"LEM","09_11_01_12:08:07","LEM","11_06_02_15:28:06"
"DVA_LA_128","LA",128,"C_EGD_693","Male",,"LEM","09_11_01_12:59:13","LEM","11_06_02_15:34:28"
"DVA_LA_129","LA",129,"C_EGD_692","Male","Black_Man_in_black_clothes","LEM","09_11_01_13:06:14","LEM","11_06_02_15:38:02"
"DVA_LA_130","LA",130,"C_EGD_622","Male","an_English_healer_named_Webb","LEM","09_11_01_13:15:40","LEM","11_07_02_12:05:26"
"DVA_LA_131","LA",131,"C_EGD_613","Male",,"LEM","09_11_01_13:23:15","LEM","11_07_02_12:39:59"
"DVA_LA_132","LA",132,"C_EGD_614","Male",,"LEM","09_11_01_13:31:05","LEM","11_07_02_12:38:56"
"DVA_LA_134","LA",134,"C_EGD_696","Male","gentleman","LEM","09_21_01_13:05:10","LEM","11_06_02_15:22:37"
"DVA_LA_137","LA",137,"C_EGD_697","Male","Black_man","LEM","09_21_01_13:22:21","LEM","11_06_02_15:20:08"
"DVA_LA_138","LA",138,"C_EGD_34","Female_Fairy","Queen_of_Elphane","LEM","09_25_01_11:58:06","LEM","09_25_01_11:58:14"
"DVA_LA_139","LA",139,"C_EGD_137","Male",,"LEM","09_25_01_16:47:57","jhm","10_03_02_16:24:26"
"DVA_LA_140","LA",140,"C_EGD_137","Animal_Devil","Horse","LEM","09_25_01_16:49:28","LEM","09_25_01_16:49:49"
"DVA_LA_141","LA",141,"C_EGD_140","Spirit","Helena_McBurnie","LEM","09_25_01_17:03:17","LEM","09_25_01_17:03:58"
"DVA_LA_148","LA",148,"C_EGD_141","Male","Black_man","LEM","10_01_01_12:40:15","jhm","10_08_02_08:39:45"
"DVA_LA_149","LA",149,"C_EGD_141","Baby","naked_infant_bairn","LEM","10_01_01_12:40:29","jhm","10_08_02_08:39:41"
"DVA_LA_15","LA",15,"C_EGD_179","Human_Devil","non-specific","LEM","05_22_01_11:48:22","LEM","05_22_01_11:48:33"
"DVA_LA_150","LA",150,"C_EGD_141","Animal_Devil","the_witch's_Cat","LEM","10_01_01_12:41:04","LEM","10_01_01_12:41:18"
"DVA_LA_151","LA",151,"C_EGD_141","Female","in_likeness_of_the_accused","LEM","10_01_01_12:41:19","jhm","10_08_02_08:39:43"
"DVA_LA_152","LA",152,"C_EGD_935","Male_Fairy","grey_beard.","LEM","10_01_01_13:57:52","LEM","10_01_01_13:58:40"
"DVA_LA_153","LA",153,"C_EGD_34","Male_Fairy","man_in_Green_clothes","LEM","10_08_01_09:54:06","LEM","10_08_01_09:54:14"
"DVA_LA_154","LA",154,"C_EGD_54","Male","Black_man","LEM","10_08_01_14:55:55","jhm","11_07_02_15:03:09"
"DVA_LA_155","LA",155,"C_EGD_59","Male","In_quhyte_rayment","LEM","10_09_01_09:24:45","jhm","10_10_02_14:33:18"
"DVA_LA_156","LA",156,"C_EGD_59","Male","a_black_man","LEM","10_09_01_09:39:50","jhm","10_10_02_14:33:14"
"DVA_LA_159","LA",159,"C_EGD_63","Male","black_man","LEM","10_09_01_10:05:11","LEM","11_07_02_11:23:23"
"DVA_LA_16","LA",16,"C_LA_2638","Male","a_trymme_gentleman","LEM","05_22_01_12:16:35","LEM","11_11_02_11:27:06"
"DVA_LA_161","LA",161,"C_EGD_63","Animal_Devil","a_dog","LEM","10_09_01_10:45:23","LEM","10_09_01_10:46:11"
"DVA_LA_162","LA",162,"C_EGD_63","Spirit","named_Elva_(Eloa)","LEM","10_09_01_11:52:36","LEM","07_26_02_10:52:05"
"DVA_LA_17","LA",17,"C_LA_2638","Animal_Devil","dog","LEM","05_22_01_12:16:58","LEM","05_22_01_12:17:00"
"DVA_LA_18","LA",18,"C_LA_2638","Human_Devil","heavy_like_an_ox","LEM","05_22_01_12:17:18","LEM","05_22_01_12:17:23"
"DVA_LA_19","LA",19,"C_EGD_180","Male","Tryme_gentleman","LEM","05_22_01_12:24:59","jhm","10_22_02_11:51:49"
"DVA_LA_194","LA",194,"C_EGD_110","Male","mekle_black_man","LEM","10_10_01_09:18:45","jhm","10_02_02_10:06:08"
"DVA_LA_199","LA",199,"C_EGD_103","Male","black_man","LEM","10_10_01_15:22:04","jhm","10_01_02_11:31:22"
"DVA_LA_2","LA",2,"C_EGD_162","Animal_Devil","Foil","LEM","05_18_01_12:58:11","LEM","05_18_01_12:58:26"
"DVA_LA_20","LA",20,"C_EGD_180","Animal_Devil","rough_calf","LEM","05_22_01_12:27:15","LEM","05_22_01_12:28:02"
"DVA_LA_200","LA",200,"C_EGD_104","Male","black_man","LEM","10_10_01_15:28:15","jhm","10_01_02_12:00:31"
"DVA_LA_201","LA",201,"C_EGD_107","Male","black_man","LEM","10_10_01_15:39:47","jhm","10_01_02_15:04:11"
"DVA_LA_202","LA",202,"C_EGD_108","Male",,"LEM","10_10_01_15:49:57","jhm","10_01_02_15:28:42"
"DVA_LA_205","LA",205,"C_EGD_104","Spirit","in_voice","LEM","10_16_01_10:12:51","LEM","10_16_01_10:13:05"
"DVA_LA_206","LA",206,"C_EGD_1268","Male","Black_man","LEM","10_16_01_15:24:43","jhm","10_03_02_11:31:00"
"DVA_LA_207","LA",207,"C_EGD_1269","Male","black_man","LEM","10_16_01_15:47:11","jhm","10_03_02_11:34:17"
"DVA_LA_208","LA",208,"C_EGD_29","Ghost","Thom_Reid","LEM","10_18_01_09:39:14","LEM","10_18_01_09:39:27"
"DVA_LA_209","LA",209,"C_EGD_29","Ghost","The_laird_of_Auchinsteyth_who_had_died","LEM","10_18_01_10:12:25","LEM","10_18_01_10:13:36"
"DVA_LA_210","LA",210,"C_EGD_1329","Male","great_man","LEM","10_19_01_09:53:04","jhm","10_03_02_14:57:21"
"DVA_LA_211","LA",211,"C_EGD_1334","Animal_Devil","great_dog","LEM","10_19_01_10:07:21","LEM","10_19_01_10:07:30"
"DVA_LA_212","LA",212,"C_EGD_1334","Male",,"LEM","10_19_01_10:07:41","jhm","10_03_02_15:11:21"
"DVA_LA_213","LA",213,"C_EGD_1334","Animal_Devil","as_a_foal","LEM","10_19_01_10:11:03","LEM","10_19_01_10:11:10"
"DVA_LA_216","LA",216,"C_EGD_1338","Male","gentleman","LEM","10_19_01_10:32:15","jhm","10_03_02_15:24:09"
"DVA_LA_217","LA",217,"C_EGD_1312","Animal_Devil","a_black_dun_dogg","LEM","10_19_01_15:25:02","LEM","10_19_01_15:25:09"
"DVA_LA_218","LA",218,"C_EGD_1312","Male","black_man","LEM","10_19_01_15:25:10","jhm","10_03_02_14:08:36"
"DVA_LA_219","LA",219,"C_EGD_1312","Male","black_man_with_a_staff","LEM","10_19_01_15:29:52","jhm","10_03_02_14:08:34"
"DVA_LA_226","LA",226,"C_EGD_1322","Male","gentleman","LEM","10_19_01_16:05:15","jhm","10_03_02_14:35:28"
"DVA_LA_227","LA",227,"C_EGD_1322","Animal_Devil","meikle_grayhound","LEM","10_19_01_16:05:23","LEM","10_19_01_16:05:41"
"DVA_LA_228","LA",228,"C_EGD_1322","Male","man_in_green_clothes","LEM","10_19_01_16:05:41","jhm","10_03_02_14:35:27"
"DVA_LA_229","LA",229,"C_EGD_1308","Male","black_man","LEM","10_22_01_15:45:42","jhm","10_03_02_13:54:47"
"DVA_LA_231","LA",231,"C_EGD_1306","Male","black_man","LEM","10_22_01_16:20:37","LEM","11_11_02_11:28:04"
"DVA_LA_233","LA",233,"C_EGD_1310","Animal_Devil","as_a_meikle_rouch_dog_with_speech","LEM","10_23_01_10:35:07","LEM","10_23_01_10:35:15"
"DVA_LA_234","LA",234,"C_EGD_1310","Animal_Devil","colt_foal","LEM","10_23_01_10:35:19","LEM","10_23_01_10:35:27"
"DVA_LA_235","LA",235,"C_EGD_1310","Male","the_spirit_of_her_dead_husband","LEM","10_23_01_10:35:29","jhm","10_03_02_14:04:31"
"DVA_LA_236","LA",236,"C_EGD_228","Male","Meikle_blak_man","LEM","11_26_01_12:10:32","jhm","10_24_02_16:45:30"
"DVA_LA_237","LA",237,"C_EGD_785","Male","as_her_husband","LEM","11_26_01_15:53:36","LEM","11_06_02_09:54:14"
"DVA_LA_239","LA",239,"C_EGD_1379","Male",,"LEM","11_29_01_14:21:05","jhm","10_03_02_16:39:21"
"DVA_LA_24","LA",24,"C_EGD_1094","Spirit","a_familiar_spreit","LEM","06_12_01_12:26:24","LEM","06_12_01_12:27:24"
"DVA_LA_240","LA",240,"C_EGD_792","Male_Fairy",,"LEM","11_30_01_10:09:09","LEM","11_30_01_10:09:10"
"DVA_LA_241","LA",241,"C_EGD_792","Male",,"LEM","11_30_01_10:09:13","LEM","11_05_02_16:34:03"
"DVA_LA_242","LA",242,"C_EGD_1749","Male","Black_man","LEM","01_16_02_10:49:05","jhm","10_22_02_09:25:18"
"DVA_LA_243","LA",243,"C_EGD_1748","Male","black_man_in_black_clothes","LEM","01_16_02_11:46:28","jhm","10_22_02_09:22:02"
"DVA_LA_244","LA",244,"C_EGD_1747","Male","black_man_in_black_clothes","LEM","01_16_02_11:58:54","jhm","10_22_02_09:04:20"
"DVA_LA_245","LA",245,"C_EGD_1746","Male","black_man","LEM","01_16_02_12:13:44","jhm","10_22_02_08:59:25"
"DVA_LA_246","LA",246,"C_EGD_1746","Spirit","a_man_like_her_dead_husband","LEM","01_16_02_12:18:36","LEM","01_16_02_12:18:45"
"DVA_LA_247","LA",247,"C_EGD_1745","Male","black_man","LEM","01_16_02_12:25:54","jhm","10_22_02_08:55:28"
"DVA_LA_248","LA",248,"C_EGD_1744","Male","black_man","LEM","01_16_02_12:36:44","jhm","10_22_02_08:51:48"
"DVA_LA_249","LA",249,"C_EGD_1773","Male","black_shawl_and_black_hood","LEM","01_30_02_13:29:06","LEM","11_11_02_11:19:39"
"DVA_LA_250","LA",250,"C_EGD_1773","Male","black-haired_mane,_black_coat,_blue_cravat","LEM","01_30_02_13:31:05","LEM","11_11_02_11:19:37"
"DVA_LA_251","LA",251,"C_EGD_1777","Male","black_hood_and_shawl","LEM","01_30_02_16:18:55","jhm","10_22_02_10:30:18"
"DVA_LA_252","LA",252,"C_EGD_1773","Female","Antiochia,_gentle_wife_of_the_Devil","LEM","01_31_02_09:11:08","LEM","11_11_02_11:19:35"
"DVA_LA_253","LA",253,"C_LA_2959","Male","black_shawl,_black_hood","LEM","01_31_02_09:26:22","LEM","11_11_02_11:20:40"
"DVA_LA_254","LA",254,"C_LA_2959","Male",,"LEM","01_31_02_09:26:44","LEM","11_11_02_11:20:18"
"DVA_LA_255","LA",255,"C_LA_2959","Female","Antiochia,_gentle_wife_of_the_devil","LEM","01_31_02_09:27:01","LEM","11_11_02_11:20:17"
"DVA_LA_256","LA",256,"C_EGD_1778","Male","black_shawl_and_hood","LEM","01_31_02_09:30:09","jhm","10_22_02_10:34:59"
"DVA_LA_257","LA",257,"C_EGD_1778","Male","black_mane,_black_coat,_blue_cravat","LEM","01_31_02_09:30:22","jhm","10_22_02_10:34:58"
"DVA_LA_258","LA",258,"C_EGD_1778","Female","Antiochia,_gentle_wife_of_the_devil","LEM","01_31_02_09:30:37","jhm","10_22_02_10:34:57"
"DVA_LA_259","LA",259,"C_EGD_1781","Male","black_shawl_and_hood","LEM","01_31_02_09:32:34","jhm","10_22_02_10:53:33"
"DVA_LA_26","LA",26,"C_EGD_169","Unspecified_Devil",,"LEM","06_14_01_13:42:42","LEM","06_14_01_13:42:47"
"DVA_LA_260","LA",260,"C_EGD_1781","Male","black_mane,_black_coat,_blue_cravat","LEM","01_31_02_09:32:45","jhm","10_22_02_10:53:32"
"DVA_LA_261","LA",261,"C_EGD_1781","Female","Antiochia,_gentle_wife_of_the_devil","LEM","01_31_02_09:32:56","jhm","10_22_02_10:53:31"
"DVA_LA_262","LA",262,"C_EGD_1774","Male","black_shawl_and_hood","LEM","01_31_02_09:35:38","jhm","10_22_02_10:23:30"
"DVA_LA_263","LA",263,"C_EGD_1774","Male","black_mane,_black_coat,_blue_cravat","LEM","01_31_02_09:35:47","jhm","10_22_02_10:23:29"
"DVA_LA_264","LA",264,"C_EGD_1774","Female","Antiochia,_gentle_wife_of_the_devil","LEM","01_31_02_09:35:58","jhm","10_22_02_10:23:27"
"DVA_LA_265","LA",265,"C_EGD_1780","Male","black_shawl_and_hood","LEM","01_31_02_09:46:32","jhm","10_22_02_10:49:52"
"DVA_LA_266","LA",266,"C_EGD_1780","Male","black_mane,_black_coat,_blue_cravat","LEM","01_31_02_09:46:42","jhm","10_22_02_10:49:51"
"DVA_LA_267","LA",267,"C_EGD_1780","Female","Antiochia,_gentle_wife_of_the_devil","LEM","01_31_02_09:46:54","jhm","10_22_02_10:49:50"
"DVA_LA_268","LA",268,"C_EGD_1777","Male","black_mane,_black_coat,_blue_cravat","LEM","01_31_02_09:48:55","jhm","10_22_02_10:30:17"
"DVA_LA_269","LA",269,"C_EGD_1777","Female","Antiochia,_gentle_wife_of_the_devil","LEM","01_31_02_09:49:04","jhm","10_22_02_10:30:15"
"DVA_LA_27","LA",27,"C_EGD_173","Male","grey_clothes","LEM","06_15_01_12:27:40","jhm","10_22_02_08:29:29"
"DVA_LA_270","LA",270,"C_EGD_1935","Male","black_shawl_and_hood","LEM","01_31_02_10:38:47","jhm","10_23_02_10:49:20"
"DVA_LA_271","LA",271,"C_EGD_1935","Male","black_mane,_black_coat,_blue_cravat","LEM","01_31_02_10:38:56","jhm","10_23_02_10:49:19"
"DVA_LA_272","LA",272,"C_EGD_1935","Female","Antiochia,_gentle_wife_of_the_devil","LEM","01_31_02_10:39:13","jhm","10_23_02_10:49:18"
"DVA_LA_274","LA",274,"C_LA_2968","Male",,"LEM","01_31_02_13:18:47","LEM","11_11_02_11:20:58"
"DVA_LA_275","LA",275,"C_LA_2968","Female","Antiochia,_gentle_wife_of_the_Devil","LEM","01_31_02_13:18:49","LEM","11_11_02_11:20:56"
"DVA_LA_276","LA",276,"C_LA_2969","Female","Antiochia,_gentle_wife_of_the_Devil","LEM","01_31_02_13:25:49","LEM","11_11_02_11:21:17"
"DVA_LA_277","LA",277,"C_LA_2969","Male",,"LEM","01_31_02_13:26:18","LEM","11_11_02_11:21:25"
"DVA_LA_278","LA",278,"C_LA_2970","Male","black_shawl_and_hood","LEM","01_31_02_14:58:44","LEM","11_11_02_11:21:49"
"DVA_LA_279","LA",279,"C_LA_2970","Male","black_mane,_black_coat,_blue_cravat","LEM","01_31_02_14:58:54","LEM","11_11_02_11:21:38"
"DVA_LA_280","LA",280,"C_LA_2970","Female","Antiochia,_gentle_wife_of_the_devil","LEM","01_31_02_14:59:07","LEM","11_11_02_11:21:36"
"DVA_LA_281","LA",281,"C_LA_2972","Male","black_shawl_and_hood","LEM","01_31_02_20:54:21","LEM","11_11_02_11:22:16"
"DVA_LA_282","LA",282,"C_LA_2972","Male","black_mane,_black_coat,_blue_cravat","LEM","01_31_02_20:54:29","LEM","11_11_02_11:22:03"
"DVA_LA_283","LA",283,"C_LA_2972","Female","Antiochia,_gentle_wife_to_the_devil","LEM","01_31_02_20:54:38","LEM","11_11_02_11:22:02"
"DVA_LA_284","LA",284,"C_EGD_1779","Male","black_shawl_and_hood","LEM","01_31_02_21:06:30","jhm","10_22_02_10:38:48"
"DVA_LA_285","LA",285,"C_EGD_1779","Male","black_coat,_black_mane,_blue_cravate","LEM","01_31_02_21:06:36","jhm","10_22_02_10:38:47"
"DVA_LA_286","LA",286,"C_EGD_1779","Female","Antiochia,_gentle_wife_of_the_devil","LEM","01_31_02_21:06:48","jhm","10_22_02_10:38:46"
"DVA_LA_287","LA",287,"C_LA_2973","Male","black_shawl_and_hood","LEM","01_31_02_21:21:53","LEM","11_11_02_11:22:37"
"DVA_LA_288","LA",288,"C_LA_2973","Male","black_mane,_black_coat,_blue_cravat","LEM","01_31_02_21:21:58","LEM","11_11_02_11:22:28"
"DVA_LA_289","LA",289,"C_LA_2973","Female","Antiochia,_gentle_wife_of_the_devil","LEM","01_31_02_21:22:11","LEM","11_11_02_11:22:27"
"DVA_LA_29","LA",29,"C_EGD_1605","Animal_Devil","cat","LEM","06_19_01_14:09:51","LEM","06_19_01_14:09:56"
"DVA_LA_290","LA",290,"C_LA_2974","Male","black_shawl_and_hood","LEM","01_31_02_21:34:00","LEM","11_11_02_11:23:00"
"DVA_LA_291","LA",291,"C_LA_2974","Male","black_mane_and_coat,_blue_cravat","LEM","01_31_02_21:34:07","LEM","11_11_02_11:22:51"
"DVA_LA_292","LA",292,"C_LA_2974","Female","Antiochia,_gentle_wife_of_the_devil","LEM","01_31_02_21:34:15","LEM","11_11_02_11:22:49"
"DVA_LA_293","LA",293,"C_LA_2975","Male","black_shawl_and_hood","LEM","02_01_02_11:21:15","LEM","11_11_02_11:23:28"
"DVA_LA_294","LA",294,"C_LA_2975","Male","black_mane_and_coat,_blue_cravat","LEM","02_01_02_11:21:23","LEM","11_11_02_11:23:11"
"DVA_LA_295","LA",295,"C_LA_2975","Female","Antiochia,_gentle_wife_of_the_Devil","LEM","02_01_02_11:21:34","LEM","11_11_02_11:23:10"
"DVA_LA_296","LA",296,"C_LA_2976","Male","black_shawl_and_hood","LEM","02_01_02_11:44:47","LEM","11_11_02_11:23:47"
"DVA_LA_297","LA",297,"C_LA_2976","Male","black_coat_and_mane,_blue_cravat","LEM","02_01_02_11:44:53","LEM","11_11_02_11:23:39"
"DVA_LA_298","LA",298,"C_LA_2976","Female","Antiochia,_gentlewife_of_the_devil","LEM","02_01_02_11:45:08","LEM","11_11_02_11:23:37"
"DVA_LA_299","LA",299,"C_LA_2977","Male","black_shawl_and_hood","LEM","02_01_02_11:55:55","LEM","11_11_02_11:24:07"
"DVA_LA_3","LA",3,"C_EGD_162","Male","Man","LEM","05_18_01_12:58:29","jhm","10_18_02_16:12:47"
"DVA_LA_30","LA",30,"C_EGD_1605","Male",,"LEM","06_19_01_14:10:14","jhm","10_18_02_15:48:44"
"DVA_LA_300","LA",300,"C_LA_2977","Male","black_coat_and_mane,_blue_cravat","LEM","02_01_02_11:56:00","LEM","11_11_02_11:24:00"
"DVA_LA_301","LA",301,"C_LA_2977","Female","Antiochia,_gentle_wife_of_the_devil","LEM","02_01_02_11:56:10","LEM","11_11_02_11:23:57"
"DVA_LA_302","LA",302,"C_LA_2978","Male","black_shawl_and_hood","LEM","02_01_02_12:17:10","LEM","11_11_02_11:24:24"
"DVA_LA_303","LA",303,"C_LA_2978","Male","black_coat_and_mane,_blue_cravat","LEM","02_01_02_12:17:25","LEM","11_11_02_11:24:18"
"DVA_LA_304","LA",304,"C_LA_2978","Female","Antiochia,_gentle_wife_of_the_devil","LEM","02_01_02_12:17:34","LEM","11_11_02_11:24:16"
"DVA_LA_305","LA",305,"C_LA_2979","Male","black_shawl_and_hood","LEM","02_01_02_12:28:18","LEM","11_11_02_11:24:44"
"DVA_LA_306","LA",306,"C_LA_2979","Male","black_coat_and_mane,_blue_cravat","LEM","02_01_02_12:28:23","LEM","11_11_02_11:24:35"
"DVA_LA_307","LA",307,"C_LA_2979","Female","Antiochia,_gentle_wife_of_the_devil","LEM","02_01_02_12:28:31","LEM","11_11_02_11:24:34"
"DVA_LA_308","LA",308,"C_LA_2980","Male","black_shawl_and_hood","LEM","02_01_02_12:39:35","LEM","11_11_02_11:25:12"
"DVA_LA_309","LA",309,"C_LA_2980","Male","black_mane_and_coat,_blue_cravat","LEM","02_01_02_12:39:40","LEM","11_11_02_11:24:56"
"DVA_LA_31","LA",31,"C_EGD_372","Male","meikle_grim_man_in_black_clothes","LEM","06_27_01_16:07:21","jhm","11_05_02_14:24:50"
"DVA_LA_310","LA",310,"C_LA_2980","Female","Antiochia,_gentle_wife_of_the_devil","LEM","02_01_02_12:39:51","LEM","11_11_02_11:24:55"
"DVA_LA_311","LA",311,"C_EGD_735","Male","black_man","LEM","02_18_02_15:08:19","LEM","11_06_02_12:52:57"
"DVA_LA_313","LA",313,"C_EGD_162","Male","green_clad_man","LEM","05_06_02_20:04:55","jhm","10_18_02_16:12:45"
"DVA_LA_314","LA",314,"C_LA_2689","Spirit",,"LEM","05_07_02_11:30:42","LEM","05_07_02_11:30:44"
"DVA_LA_315","LA",315,"C_EGD_301","Male","black_clothes_and_a_cloven_lip","LEM","05_07_02_15:53:03","jhm","11_04_02_12:39:56"
"DVA_LA_316","LA",316,"C_EGD_238","Male","black_man","LEM","05_07_02_16:32:05","jhm","10_29_02_09:47:01"
"DVA_LA_317","LA",317,"C_EGD_238","Male","with_a_cloven_lip","LEM","05_07_02_16:35:05","jhm","10_29_02_09:47:00"
"DVA_LA_32","LA",32,"C_EGD_371","Male","green_clothes","LEM","06_27_01_16:16:42","jhm","11_05_02_14:21:05"
"DVA_LA_323","LA",323,"C_EGD_435","Fairy","a_bonnie_lass","LEM","06_06_02_12:43:55","jhm","11_07_02_09:13:25"
"DVA_LA_324","LA",324,"C_EGD_435","Male","gentleman","LEM","06_06_02_12:45:05","jhm","11_07_02_09:13:22"
"DVA_LA_325","LA",325,"C_EGD_435","Male","green_clothes","LEM","06_06_02_12:45:12","jhm","11_07_02_09:13:32"
"DVA_LA_33","LA",33,"C_EGD_374","Male","black_man","LEM","06_27_01_16:22:14","jhm","11_05_02_14:44:11"
"DVA_LA_334","LA",334,"C_EGD_2478","Male_Fairy",,"LEM","06_17_02_16:36:24","LEM","06_17_02_16:36:26"
"DVA_LA_335","LA",335,"C_EGD_2244","Male","white_clothes_with_a_white_head_and_a_grey_beard","LEM","06_19_02_11:02:36","jhm","10_24_02_15:34:18"
"DVA_LA_336","LA",336,"C_EGD_2264","Male","black_man","LEM","06_19_02_11:11:06","jhm","10_24_02_16:22:07"
"DVA_LA_337","LA",337,"C_EGD_2212","Male","in_black","LEM","06_19_02_11:59:56","jhm","10_24_02_14:35:22"
"DVA_LA_338","LA",338,"C_EGD_2212","Male","in_green_tartan","LEM","06_19_02_12:00:01","jhm","10_24_02_14:35:21"
"DVA_LA_339","LA",339,"C_EGD_2212","Male_Fairy","who_was_her_kinsman","LEM","06_19_02_12:05:03","LEM","06_19_02_12:05:15"
"DVA_LA_34","LA",34,"C_EGD_373","Male",,"LEM","06_28_01_09:20:46","jhm","11_05_02_14:27:44"
"DVA_LA_340","LA",340,"C_EGD_2220","Male","The_bowman_of_Hildiswick_and_Eschenes","LEM","06_19_02_14:00:40","jhm","10_24_02_15:00:04"
"DVA_LA_341","LA",341,"C_EGD_2219","Child_Devil","a_little_creature,_the_bowman's_bairn","LEM","06_19_02_14:29:59","LEM","06_19_02_14:30:32"
"DVA_LA_342","LA",342,"C_EGD_687","Male","black_grim_man","LEM","06_25_02_11:05:42","LEM","11_11_02_11:28:18"
"DVA_LA_343","LA",343,"C_EGD_624","Male",,"LEM","06_25_02_11:21:38","LEM","11_07_02_12:03:37"
"DVA_LA_344","LA",344,"C_LA_3061","Male","black_grim_man_in_black_clothes","LEM","06_25_02_12:33:20","LEM","11_11_02_11:28:50"
"DVA_LA_345","LA",345,"C_EGD_620","Male","black_man","LEM","06_25_02_13:13:34","LEM","11_07_02_12:09:27"
"DVA_LA_346","LA",346,"C_EGD_616","Male","Green_Clothes","LEM","06_25_02_13:35:17","LEM","11_07_02_12:36:42"
"DVA_LA_347","LA",347,"C_EGD_702","Male","as_a_Gallant_young_man","LEM","07_04_02_13:53:10","LEM","11_06_02_14:55:19"
"DVA_LA_348","LA",348,"C_EGD_703","Male","black_man_with_black_clothes","LEM","07_04_02_14:23:17","LEM","11_06_02_14:53:18"
"DVA_LA_349","LA",349,"C_EGD_703","Animal_Devil","black_dog","LEM","07_04_02_14:23:30","LEM","07_04_02_14:23:35"
"DVA_LA_35","LA",35,"C_EGD_370","Male",,"LEM","06_28_01_09:30:06","jhm","11_05_02_14:17:47"
"DVA_LA_350","LA",350,"C_EGD_703","Male","cloven_feet_and_cold","LEM","07_04_02_14:24:25","LEM","11_06_02_14:53:07"
"DVA_LA_351","LA",351,"C_EGD_703","Male","he_called_himself_Robin","LEM","07_04_02_14:28:07","LEM","11_06_02_14:53:06"
"DVA_LA_352","LA",352,"C_EGD_704","Male","a_little_thick_man","LEM","07_04_02_14:56:19","LEM","11_06_02_14:50:23"
"DVA_LA_353","LA",353,"C_EGD_705","Male","grey_clothes","LEM","07_04_02_16:16:45","LEM","11_06_02_14:47:45"
"DVA_LA_354","LA",354,"C_EGD_129","Male",,"LEM","07_10_02_09:29:08","jhm","10_03_02_12:23:10"
"DVA_LA_355","LA",355,"C_EGD_203","Male","gentleman","LEM","07_12_02_10:40:29","jhm","10_23_02_14:17:03"
"DVA_LA_356","LA",356,"C_EGD_204","Male","in_brown_clothes","LEM","07_12_02_12:40:54","LEM","10_10_02_14:21:19"
"DVA_LA_357","LA",357,"C_EGD_785","Male","a_man_of_midle_stature_40_years_old,_flaxen_hair","LEM","07_15_02_11:06:02","LEM","11_06_02_09:54:11"
"DVA_LA_358","LA",358,"C_EGD_294","Male","young_man_in_gray_clothes,_blue_bonnet","LEM","07_18_02_10:06:44","jhm","10_31_02_12:38:54"
"DVA_LA_359","LA",359,"C_EGD_293","Animal_Devil","dog_with_a_sow's_head","LEM","07_18_02_11:52:01","LEM","07_18_02_11:52:12"
"DVA_LA_360","LA",360,"C_EGD_293","Animal_Devil","black_dog","LEM","07_18_02_11:54:44","LEM","07_18_02_11:54:53"
"DVA_LA_361","LA",361,"C_EGD_313","Male","sea_green_clothes_with_a_hat_or_bonnet","LEM","07_18_02_17:14:23","jhm","11_04_02_14:14:12"
"DVA_LA_362","LA",362,"C_EGD_309","Male","grey_clothes_with_a_grey_cap,_called_himself_Simon","LEM","07_18_02_17:58:55","jhm","11_04_02_13:06:26"
"DVA_LA_363","LA",363,"C_EGD_310","Male","grey_clothes","LEM","07_18_02_18:09:47","jhm","11_04_02_14:58:26"
"DVA_LA_364","LA",364,"C_EGD_319","Male","grey_clothes_like_a_gentleman","LEM","07_19_02_09:30:43","jhm","11_04_02_15:44:35"
"DVA_LA_365","LA",365,"C_EGD_318","Male",,"LEM","07_19_02_09:51:33","LEM","11_11_02_11:28:34"
"DVA_LA_366","LA",366,"C_EGD_28","Spirit","appeared_in_a_whirlwind","LEM","07_24_02_12:23:36","LEM","07_24_02_12:24:19"
"DVA_LA_367","LA",367,"C_EGD_28","Male_Fairy",,"LEM","07_24_02_12:38:35","LEM","07_24_02_12:38:36"
"DVA_LA_368","LA",368,"C_EGD_28","Ghost","Maggie_Dewand","LEM","07_24_02_12:38:40","LEM","07_24_02_12:39:04"
"DVA_LA_369","LA",369,"C_EGD_107","Male","black_priest_with_black_clothes","LEM","07_26_02_10:27:08","jhm","10_01_02_15:04:08"
"DVA_LA_370","LA",370,"C_EGD_63","Animal_Devil","a_white_stag","LEM","07_26_02_10:53:21","LEM","07_26_02_10:53:36"
"DVA_LA_371","LA",371,"C_EGD_63","Inanimate_Object_Devil","ruck_of_hay","LEM","07_26_02_10:53:39","LEM","07_26_02_10:53:59"
"DVA_LA_372","LA",372,"C_LA_3142","Spirit","an_evil_spirit","LEM","07_26_02_11:55:19","LEM","07_26_02_11:56:08"
"DVA_LA_373","LA",373,"C_EGD_323","Male","in_green_clothes","LEM","07_30_02_10:52:12","jhm","11_04_02_16:54:17"
"DVA_LA_374","LA",374,"C_EGD_345","Animal_Devil","as_a_cow","LEM","07_30_02_11:10:22","LEM","07_30_02_11:10:26"
"DVA_LA_375","LA",375,"C_EGD_345","Male","green_clothes","LEM","07_30_02_11:10:27","jhm","11_05_02_09:03:42"
"DVA_LA_376","LA",376,"C_EGD_324","Male","in_green","LEM","07_30_02_11:57:37","jhm","11_04_02_16:58:27"
"DVA_LA_377","LA",377,"C_EGD_324","Male","in_black","LEM","07_30_02_11:57:44","jhm","11_04_02_16:58:27"
"DVA_LA_378","LA",378,"C_EGD_346","Male","green_clothes","LEM","07_30_02_12:12:34","jhm","11_05_02_09:05:38"
"DVA_LA_379","LA",379,"C_EGD_346","Male","meikle_black_man","LEM","07_30_02_12:13:25","jhm","11_05_02_09:05:56"
"DVA_LA_380","LA",380,"C_EGD_350","Male","green_clothes","LEM","07_30_02_13:30:44","LEM","10_10_02_14:36:00"
"DVA_LA_381","LA",381,"C_EGD_347","Male",,"LEM","07_30_02_13:43:53","jhm","11_05_02_09:10:38"
"DVA_LA_382","LA",382,"C_EGD_347","Male","a_gentleman","LEM","07_30_02_13:44:40","jhm","11_05_02_09:10:36"
"DVA_LA_383","LA",383,"C_EGD_347","Animal_Devil","black_dog","LEM","07_30_02_13:45:58","LEM","07_30_02_13:46:17"
"DVA_LA_384","LA",384,"C_EGD_344","Male","great_black_man","LEM","08_01_02_09:37:33","jhm","10_11_02_11:32:51"
"DVA_LA_385","LA",385,"C_EGD_344","Animal_Devil","rat","LEM","08_01_02_09:37:38","LEM","08_01_02_09:37:42"
"DVA_LA_386","LA",386,"C_EGD_349","Male","in_black_clothes","LEM","08_01_02_09:47:41","jhm","11_05_02_09:21:53"
"DVA_LA_387","LA",387,"C_EGD_343","Male","meikle_black_man","LEM","08_01_02_09:55:18","LEM","10_10_02_14:38:45"
"DVA_LA_388","LA",388,"C_EGD_1474","Male","mekle,_roch,_blackman_with_cloven_feet.","LEM","08_20_02_15:00:38","jhm","10_08_02_10:56:40"
"DVA_LA_389","LA",389,"C_EGD_1558","Male","with_cloven_feet","LEM","08_22_02_10:40:11","jhm","10_08_02_15:52:58"
"DVA_LA_390","LA",390,"C_EGD_1558","Male","meikle_black_roch_man","LEM","08_22_02_10:42:28","jhm","10_08_02_15:52:54"
"DVA_LA_391","LA",391,"C_EGD_1558","Animal_Devil","deer","LEM","08_22_02_10:43:50","jhm","10_08_02_15:52:51"
"DVA_LA_392","LA",392,"C_EGD_1558","Female_Fairy","Queen_dressed_in_white_and_brown","LEM","08_22_02_10:57:21","LEM","08_22_02_10:57:38"
"DVA_LA_393","LA",393,"C_EGD_1558","Male_Fairy","King,_a_braw,_well_favored_man_with_a_broad_face.","LEM","08_22_02_10:57:39","LEM","08_22_02_10:58:10"
"DVA_LA_394","LA",394,"C_EGD_1558","Spirit","to_wait_upon_each_witch","LEM","08_22_02_11:14:51","jhm","10_18_02_12:19:48"
"DVA_LA_395","LA",395,"C_LA_3277","Male","black_man","LEM","08_28_02_20:56:20","LEM","11_11_02_11:29:07"
"DVA_LA_396","LA",396,"C_LA_3277","Inanimate_Object_Devil","wind","LEM","08_28_02_20:56:28","LEM","08_28_02_20:56:45"
"DVA_LA_4","LA",4,"C_EGD_166","Animal_Devil","Foal","LEM","05_18_01_15:15:50","LEM","05_18_01_15:16:24"
"DVA_LA_408","LA",408,"C_EGD_604","Male","well-favoured_young_man","LEM","11_07_02_12:57:42","LEM","11_07_02_12:57:56"
"DVA_LA_43","LA",43,"C_LA_2770","Male",,"LEM","06_28_01_14:42:38","LEM","11_11_02_11:29:32"
"DVA_LA_45","LA",45,"C_EGD_378","Male",,"LEM","06_28_01_14:47:21","jhm","11_05_02_14:57:40"
"DVA_LA_5","LA",5,"C_EGD_166","Male","Man","LEM","05_18_01_15:15:54","jhm","10_21_02_14:59:01"
"DVA_LA_52","LA",52,"C_EGD_380","Male","in_green_clothes","LEM","06_29_01_11:05:08","jhm","11_05_02_15:05:48"
"DVA_LA_53","LA",53,"C_EGD_384","Animal_Devil","she_tumbled_over_him_on_the_floor","LEM","06_29_01_12:22:41","LEM","06_29_01_12:22:52"
"DVA_LA_54","LA",54,"C_EGD_384","Male","for_sex","LEM","06_29_01_12:22:54","jhm","11_05_02_15:31:08"
"DVA_LA_55","LA",55,"C_EGD_381","Male","a_man_named_William_Twedie","LEM","06_29_01_12:48:39","LEM","11_07_02_16:03:13"
"DVA_LA_56","LA",56,"C_EGD_381","Male","black_man","LEM","06_29_01_12:48:57","LEM","11_07_02_16:03:10"
"DVA_LA_57","LA",57,"C_EGD_381","Male","little_black_man","LEM","06_29_01_12:49:02","LEM","11_07_02_16:03:08"
"DVA_LA_58","LA",58,"C_EGD_381","Fairy","in_a_black_gown","LEM","06_29_01_12:49:10","jhm","11_05_02_15:11:42"
"DVA_LA_59","LA",59,"C_EGD_381","Animal_Devil","rat","LEM","06_29_01_12:49:19","LEM","06_29_01_12:49:22"
"DVA_LA_6","LA",6,"C_EGD_166","Male","black_man_in_black_clothes,_no_cloak_and_a_wand","LEM","05_21_01_11:06:10","jhm","10_21_02_14:58:56"
"DVA_LA_60","LA",60,"C_EGD_382","Male","a_man_in_black_clothes_with_a_black_hat","LEM","06_29_01_13:00:11","jhm","11_05_02_15:17:51"
"DVA_LA_61","LA",61,"C_EGD_385","Male","a_half_long_lad","LEM","06_29_01_13:17:36","jhm","11_05_02_15:34:23"
"DVA_LA_62","LA",62,"C_EGD_385","Animal_Devil","meikle_brown_dog","LEM","06_29_01_13:17:48","LEM","06_29_01_13:17:58"
"DVA_LA_63","LA",63,"C_EGD_390","Male",,"LEM","07_02_01_09:32:41","jhm","11_06_02_12:00:17"
"DVA_LA_64","LA",64,"C_EGD_388","Male",,"LEM","07_02_01_09:44:58","jhm","11_05_02_15:46:25"
"DVA_LA_65","LA",65,"C_EGD_389","Male",,"LEM","07_02_01_09:58:01","jhm","11_05_02_15:48:03"
"DVA_LA_66","LA",66,"C_EGD_391","Male",,"LEM","07_02_01_10:11:22","jhm","11_06_02_12:27:50"
"DVA_LA_67","LA",67,"C_EGD_386","Male","ill_hewed_man","LEM","07_02_01_10:25:47","jhm","11_05_02_15:40:52"
"DVA_LA_68","LA",68,"C_EGD_386","Animal_Devil","Dog","LEM","07_02_01_10:25:58","LEM","07_02_01_10:29:20"
"DVA_LA_69","LA",69,"C_EGD_387","Male","in_the_likeness_of_her_husband","LEM","07_02_01_10:58:10","LEM","10_10_02_16:14:06"
"DVA_LA_7","LA",7,"C_EGD_166","Animal_Devil","Corbie_(Raven)","LEM","05_21_01_11:10:29","LEM","05_21_01_11:11:06"
"DVA_LA_70","LA",70,"C_EGD_398","Male","black_man","LEM","07_02_01_12:16:12","jhm","11_06_02_12:40:16"
"DVA_LA_71","LA",71,"C_EGD_1954","Male","Green_Clothes","LEM","07_02_01_13:16:34","jhm","10_23_02_11:09:23"
"DVA_LA_72","LA",72,"C_EGD_402","Male","a_pleasant_young_man","LEM","07_02_01_13:34:07","jhm","11_06_02_14:04:18"
"DVA_LA_73","LA",73,"C_EGD_402","Male","as_her_husband","LEM","07_02_01_13:35:04","jhm","11_06_02_14:04:17"
"DVA_LA_74","LA",74,"C_EGD_400","Male","young_man","LEM","07_02_01_15:34:29","jhm","11_06_02_12:52:37"
"DVA_LA_75","LA",75,"C_EGD_400","Male","with_cloven_feet_like_an_ox","LEM","07_02_01_15:34:43","jhm","11_06_02_12:52:36"
"DVA_LA_76","LA",76,"C_EGD_434","Male",,"LEM","07_03_01_13:24:49","jhm","10_01_02_09:36:16"
"DVA_LA_77","LA",77,"C_EGD_409","Male","ill_favoured_black_man","LEM","07_04_01_12:52:53","jhm","11_06_02_14:41:42"
"DVA_LA_78","LA",78,"C_EGD_409","Male","Black_clothes","LEM","07_04_01_12:53:05","jhm","11_06_02_14:41:34"
"DVA_LA_79","LA",79,"C_EGD_904","Unspecified_Devil",,"LEM","07_05_01_12:03:10","LEM","07_05_01_12:03:12"
"DVA_LA_8","LA",8,"C_EGD_166","Animal_Devil","cat","LEM","05_21_01_11:11:13","LEM","05_21_01_11:11:15"
"DVA_LA_80","LA",80,"C_EGD_913","Unspecified_Devil",,"LEM","07_05_01_13:09:13","LEM","07_05_01_13:09:14"
"DVA_LA_81","LA",81,"C_EGD_914","Unspecified_Devil",,"LEM","07_05_01_13:20:24","LEM","07_05_01_13:20:25"
"DVA_LA_82","LA",82,"C_EGD_915","Unspecified_Devil",,"LEM","07_05_01_13:21:49","LEM","07_05_01_13:21:51"
"DVA_LA_83","LA",83,"C_EGD_916","Unspecified_Devil",,"LEM","07_05_01_13:24:59","LEM","07_05_01_13:24:59"
"DVA_LA_84","LA",84,"C_EGD_917","Unspecified_Devil",,"LEM","07_05_01_13:25:52","LEM","07_05_01_13:25:54"
"DVA_LA_85","LA",85,"C_EGD_372","Male","in_black_clothes","LEM","07_09_01_10:11:19","jhm","11_05_02_14:24:49"
"DVA_LA_86","LA",86,"C_LA_2798",,,"LEM","07_09_01_12:58:47","LEM","07_09_01_12:58:54"
"DVA_LA_87","LA",87,"C_EGD_392","Male",,"LEM","07_09_01_15:33:53","jhm","11_06_02_12:31:23"
"DVA_LA_88","LA",88,"C_EGD_408","Male","met_him_at_10pm","LEM","07_09_01_16:18:25","jhm","11_06_02_14:31:55"
"DVA_LA_89","LA",89,"C_EGD_407","Animal_Devil","dog","LEM","07_09_01_16:22:24","LEM","07_09_01_16:22:27"
"DVA_LA_9","LA",9,"C_EGD_166","Animal_Devil","dog","LEM","05_21_01_11:11:17","LEM","05_21_01_11:11:20"
"DVA_LA_90","LA",90,"C_EGD_407","Male",,"LEM","07_09_01_16:22:35","jhm","11_06_02_14:18:03"
"DVA_LA_91","LA",91,"C_EGD_359","Male",,"LEM","07_10_01_09:43:04","LEM","11_07_02_15:52:01"
"DVA_LA_92","LA",92,"C_EGD_360","Male",,"LEM","07_10_01_09:58:47","jhm","11_05_02_09:52:31"
"DVA_LA_93","LA",93,"C_EGD_404","Male","as_her_own_husband","LEM","07_10_01_10:04:38","jhm","11_06_02_14:08:59"
"DVA_LA_94","LA",94,"C_EGD_415","Animal_Devil","uncouth_beast","LEM","07_10_01_10:18:09","LEM","07_10_01_10:18:17"
"DVA_LA_95","LA",95,"C_EGD_415","Male",,"LEM","07_10_01_10:18:20","jhm","11_06_02_15:28:43"
"DVA_LA_96","LA",96,"C_EGD_335","Male",,"LEM","07_11_01_10:29:43","jhm","11_05_02_08:30:44"
"DVA_LA_97","LA",97,"C_EGD_411","Male","black_clothes_and_a_bonnet","LEM","07_11_01_12:17:27","jhm","11_06_02_15:03:38"
"DVA_LA_98","LA",98,"C_EGD_380","Animal_Devil","black_dog","LEM","07_16_01_09:47:47","LEM","07_16_01_09:47:53"
"DVA_LA_99","LA",99,"C_EGD_365","Animal_Devil","Black_Dog","LEM","07_16_01_12:59:31","LEM","07_16_01_12:59:38"
