RitualObjectRef,RitualObjectSystemId,RitualObjectID,CaseRef,RitualObject_Type,Createdby,Createdate,Lastupdatedby,Lastupdatedon
"RO_JO_1","JO",1,"C_JO_2632","Yarn","jhm","05_17_01_12:03:06","jhm","11_13_02_15:51:53"
"RO_JO_2","JO",2,"C_JO_2632","Egg","jhm","05_17_01_12:03:28","jhm","11_13_02_15:50:17"
"RO_JO_3","JO",3,"C_JO_2632","Meal","jhm","05_17_01_12:03:35","jhm","11_13_02_15:50:19"
"RO_JO_316","JO",316,"C_EGD_2453","Water","jhm","10_24_01_09:24:42","jhm","10_24_01_09:24:43"
"RO_JO_317","JO",317,"C_EGD_142","Elfshot","jhm","11_06_01_11:52:29","jhm","02_28_02_14:52:17"
"RO_JO_318","JO",318,"C_EGD_45","Elfshot","jhm","11_06_01_11:52:54","LEM","06_14_02_16:54:58"
"RO_JO_319","JO",319,"C_EGD_39","Elfshot","jhm","11_06_01_11:53:18","jhm","11_06_02_11:43:35"
"RO_JO_320","JO",320,"C_EGD_46","Elfshot","jhm","11_06_01_11:54:20","LEM","10_11_02_10:05:25"
"RO_JO_323","JO",323,"C_EGD_63","Elfshot","jhm","11_06_01_11:55:23","LEM","11_07_02_11:25:20"
"RO_JO_326","JO",326,"C_EGD_385","Knife","jhm","11_21_01_09:48:32","jhm","11_21_01_09:48:40"
"RO_JO_327","JO",327,"C_EGD_2231","Wayburn_leaf","jhm","11_23_01_11:12:50","jhm","11_23_01_11:14:43"
"RO_JO_328","JO",328,"C_EGD_2471","Axe","jhm","11_23_01_14:12:43","jhm","11_13_02_12:26:12"
"RO_JO_329","JO",329,"C_EGD_1309","Tree","jhm","11_23_01_15:39:25","jhm","11_23_01_15:43:12"
"RO_JO_331","JO",331,"C_EGD_29","Thread","jhm","11_26_01_15:07:12","jhm","11_13_02_12:39:14"
"RO_JO_338","JO",338,"C_EGD_1906","Bead","jhm","12_04_01_16:15:38","jhm","12_04_01_16:15:40"
"RO_JO_339","JO",339,"C_EGD_2269","Cloth","jhm","01_17_02_15:02:52","jhm","01_17_02_15:02:56"
"RO_JO_340","JO",340,"C_EGD_2260","Urine","jhm","01_23_02_11:33:22","jhm","01_23_02_11:33:23"
"RO_JO_342","JO",342,"C_EGD_2011","Fire","jhm","02_05_02_15:24:34","jhm","02_05_02_15:24:38"
"RO_JO_343","JO",343,"C_EGD_2011","Salt","jhm","02_05_02_15:24:38","jhm","02_05_02_15:24:43"
"RO_JO_348","JO",348,"C_EGD_2387","Fire","jhm","02_07_02_10:23:09","jhm","02_07_02_10:23:16"
"RO_JO_349","JO",349,"C_EGD_1856","Water","jhm","02_07_02_11:15:01","jhm","02_07_02_11:15:06"
"RO_JO_350","JO",350,"C_EGD_1855","Water","jhm","02_07_02_14:19:35","jhm","02_07_02_14:19:40"
"RO_JO_351","JO",351,"C_EGD_1848","Salt","jhm","02_14_02_09:20:32","jhm","02_14_02_09:20:33"
"RO_JO_353","JO",353,"C_EGD_1855","Foxtree_Leaves","jhm","02_14_02_10:48:41","jhm","02_14_02_10:48:45"
"RO_JO_4","JO",4,"C_JO_2632","Shirt","jhm","05_17_01_12:03:43","jhm","11_13_02_15:50:54"
"RO_JO_417","JO",417,"C_EGD_1025","Salve","jhm","02_18_02_16:08:32","jhm","02_18_02_16:08:36"
"RO_JO_418","JO",418,"C_EGD_1025","Drink","jhm","02_18_02_16:08:51","jhm","02_18_02_16:08:54"
"RO_JO_419","JO",419,"C_EGD_1025","Herb","jhm","02_18_02_16:11:53","jhm","02_18_02_16:11:53"
"RO_JO_426","JO",426,"C_EGD_745","Milk","jhm","03_07_02_15:35:20","jhm","03_07_02_15:35:21"
"RO_JO_427","JO",427,"C_EGD_745","Money","jhm","03_07_02_15:35:23","jhm","03_07_02_15:35:24"
"RO_JO_428","JO",428,"C_EGD_745","Nail_trimmings","jhm","03_07_02_15:35:26","jhm","03_07_02_15:35:27"
"RO_JO_429","JO",429,"C_EGD_745","Tree","jhm","03_07_02_15:35:28","jhm","03_07_02_15:35:29"
"RO_JO_431","JO",431,"C_EGD_745","Cloth","jhm","03_07_02_15:37:50","jhm","03_07_02_15:37:51"
"RO_JO_432","JO",432,"C_EGD_2153","Cloth","jhm","03_07_02_16:08:45","jhm","03_07_02_16:08:45"
"RO_JO_433","JO",433,"C_EGD_2153","Hair","jhm","03_07_02_16:08:53","jhm","11_13_02_13:41:21"
"RO_JO_434","JO",434,"C_EGD_2153","Nail_trimmings","jhm","03_07_02_16:08:58","jhm","03_07_02_16:09:00"
"RO_JO_435","JO",435,"C_EGD_2153","Herb","jhm","03_07_02_16:17:39","jhm","03_07_02_16:17:40"
"RO_JO_436","JO",436,"C_EGD_2153","Paper","jhm","03_07_02_16:20:00","jhm","03_07_02_16:20:05"
"RO_JO_437","JO",437,"C_EGD_2362","Water","jhm","03_27_02_10:24:36","jhm","03_27_02_10:24:37"
"RO_JO_438","JO",438,"C_EGD_2362","Salt","jhm","03_27_02_10:24:37","jhm","03_27_02_10:24:38"
"RO_JO_439","JO",439,"C_EGD_2362","Cloth","jhm","03_27_02_10:27:28","jhm","03_27_02_10:27:38"
"RO_JO_440","JO",440,"C_EGD_785","Plant","jhm","04_17_02_10:15:26","jhm","04_17_02_10:15:28"
"RO_JO_441","JO",441,"C_EGD_785","Salve","jhm","04_17_02_10:15:30","jhm","04_17_02_10:15:36"
"RO_JO_442","JO",442,"C_EGD_785","Water","jhm","04_17_02_10:15:37","jhm","04_17_02_10:15:38"
"RO_JO_443","JO",443,"C_JO_3012","Bannock","jhm","04_17_02_11:42:46","jhm","04_17_02_11:42:47"
"RO_JO_444","JO",444,"C_JO_3012","Tobacco","jhm","04_17_02_11:42:48","jhm","04_17_02_11:42:52"
"RO_JO_445","JO",445,"C_EGD_2119","Cloth","jhm","05_02_02_12:37:55","jhm","05_02_02_12:37:56"
"RO_JO_446","JO",446,"C_EGD_2119","Thread","jhm","05_02_02_12:59:42","jhm","11_13_02_12:39:43"
"RO_JO_447","JO",447,"C_EGD_2119","Herb","jhm","05_02_02_12:59:45","jhm","05_02_02_12:59:49"
"RO_JO_448","JO",448,"C_EGD_2119","Fire","jhm","05_02_02_13:01:13","jhm","05_02_02_13:01:14"
"RO_JO_449","JO",449,"C_EGD_2119","Water","jhm","05_02_02_13:02:48","jhm","05_02_02_13:02:53"
"RO_JO_45","JO",45,"C_EGD_884","Salt","jhm","07_23_01_10:41:27","jhm","07_23_01_10:41:29"
"RO_JO_450","JO",450,"C_EGD_2150","Cloth","jhm","05_08_02_14:50:34","jhm","05_08_02_14:50:35"
"RO_JO_451","JO",451,"C_EGD_2150","Fire","jhm","05_08_02_14:50:55","jhm","05_08_02_14:50:57"
"RO_JO_452","JO",452,"C_EGD_2150","Crook","jhm","05_08_02_14:51:21","jhm","05_08_02_14:51:24"
"RO_JO_453","JO",453,"C_EGD_2150","Herb","jhm","05_08_02_14:51:35","jhm","05_08_02_14:51:36"
"RO_JO_454","JO",454,"C_EGD_2172","Water","jhm","05_09_02_11:28:21","jhm","05_09_02_11:28:22"
"RO_JO_455","JO",455,"C_EGD_2172","Bird_(dead)","jhm","05_09_02_11:28:22","jhm","05_09_02_11:28:24"
"RO_JO_456","JO",456,"C_EGD_2172","Yarn","jhm","05_09_02_11:28:57","jhm","05_09_02_11:33:26"
"RO_JO_457","JO",457,"C_EGD_2172","Salt","jhm","05_09_02_11:29:02","jhm","05_09_02_11:29:03"
"RO_JO_458","JO",458,"C_EGD_2172","Blood_(animal)","jhm","05_09_02_11:30:32","jhm","05_09_02_11:30:35"
"RO_JO_459","JO",459,"C_EGD_2172","Stones","jhm","05_09_02_11:32:51","jhm","05_09_02_11:32:53"
"RO_JO_46","JO",46,"C_EGD_884","Shirt","jhm","07_23_01_10:41:31","LEM","11_11_02_11:15:29"
"RO_JO_460","JO",460,"C_EGD_2172","Cat","jhm","05_09_02_11:34:29","jhm","05_09_02_11:34:34"
"RO_JO_461","JO",461,"C_EGD_2172","Dog","jhm","05_09_02_11:36:38","jhm","05_09_02_11:36:41"
"RO_JO_462","JO",462,"C_EGD_2172","Plough","jhm","05_09_02_11:46:24","jhm","05_09_02_11:46:29"
"RO_JO_463","JO",463,"C_EGD_2160","Pottage","jhm","05_09_02_16:55:53","LEM","09_19_02_10:01:12"
"RO_JO_464","JO",464,"C_EGD_2160","Stones","jhm","05_09_02_17:01:33","jhm","05_09_02_17:01:34"
"RO_JO_465","JO",465,"C_EGD_2174","Feathers","jhm","05_13_02_12:17:00","jhm","05_13_02_12:17:01"
"RO_JO_466","JO",466,"C_EGD_2174","Fire","jhm","05_13_02_12:18:48","jhm","05_13_02_12:18:49"
"RO_JO_467","JO",467,"C_EGD_2174","Cockerel","jhm","05_13_02_12:18:51","jhm","05_13_02_12:19:02"
"RO_JO_468","JO",468,"C_EGD_2174","Thread","jhm","05_13_02_12:20:13","jhm","11_13_02_12:40:20"
"RO_JO_469","JO",469,"C_EGD_2174","Wax_clay_images","jhm","05_13_02_12:22:40","jhm","05_13_02_12:22:42"
"RO_JO_47","JO",47,"C_EGD_884","Water","jhm","07_23_01_10:41:50","jhm","07_23_01_10:41:51"
"RO_JO_470","JO",470,"C_EGD_2173","Shoes","jhm","05_14_02_11:04:27","jhm","05_14_02_11:04:33"
"RO_JO_471","JO",471,"C_EGD_2163","Pillows","jhm","05_14_02_15:23:39","jhm","05_14_02_15:23:43"
"RO_JO_472","JO",472,"C_EGD_2163","Belt","jhm","05_14_02_16:06:04","jhm","05_14_02_16:06:06"
"RO_JO_473","JO",473,"C_EGD_2163","Branch","jhm","05_14_02_16:07:07","jhm","05_14_02_16:07:13"
"RO_JO_474","JO",474,"C_EGD_2163","Thread","jhm","05_14_02_16:07:18","jhm","11_13_02_12:40:39"
"RO_JO_475","JO",475,"C_EGD_2163","Pot","jhm","05_14_02_16:11:35","jhm","05_14_02_16:11:37"
"RO_JO_477","JO",477,"C_JO_3035","Stones","jhm","06_03_02_11:52:35","jhm","06_03_02_11:52:37"
"RO_JO_478","JO",478,"C_JO_3035","Wax_clay_images","jhm","06_03_02_11:52:41","jhm","06_03_02_11:52:46"
"RO_JO_479","JO",479,"C_JO_3035","Milk","jhm","06_03_02_11:52:50","jhm","06_03_02_11:52:51"
"RO_JO_48","JO",48,"C_JO_2843","Water","jhm","07_23_01_12:09:49","jhm","07_23_01_12:09:51"
"RO_JO_481","JO",481,"C_EGD_2161","Thread","jhm","06_03_02_12:24:40","jhm","11_13_02_12:40:56"
"RO_JO_482","JO",482,"C_EGD_2162","Thread","jhm","06_03_02_15:21:49","jhm","11_13_02_12:44:13"
"RO_JO_483","JO",483,"C_EGD_2162","Beetle","jhm","06_03_02_15:21:51","jhm","06_03_02_15:21:57"
"RO_JO_485","JO",485,"C_JO_3036","Meal","jhm","06_03_02_15:48:44","jhm","06_03_02_15:48:45"
"RO_JO_486","JO",486,"C_JO_3036","Knife","jhm","06_03_02_15:48:51","jhm","06_03_02_15:48:52"
"RO_JO_487","JO",487,"C_JO_3035","Earth","jhm","06_03_02_16:47:31","jhm","06_03_02_16:47:33"
"RO_JO_488","JO",488,"C_EGD_2154","Ribbon","jhm","06_03_02_17:11:16","jhm","06_03_02_17:11:23"
"RO_JO_489","JO",489,"C_EGD_2154","Turf","jhm","06_03_02_17:11:27","jhm","06_03_02_17:11:30"
"RO_JO_49","JO",49,"C_JO_2843","Shirt","jhm","07_23_01_12:09:52","LEM","11_01_02_14:34:31"
"RO_JO_490","JO",490,"C_EGD_2154","Water","jhm","06_03_02_17:11:31","jhm","06_03_02_17:11:32"
"RO_JO_491","JO",491,"C_EGD_2154","Knife","jhm","06_03_02_17:14:33","jhm","06_03_02_17:14:34"
"RO_JO_492","JO",492,"C_JO_3033","Water","jhm","06_10_02_18:05:47","jhm","06_10_02_18:05:48"
"RO_JO_493","JO",493,"C_JO_3033","Stones","jhm","06_10_02_18:05:49","jhm","06_10_02_18:06:08"
"RO_JO_494","JO",494,"C_EGD_2122","Tree","jhm","06_10_02_18:49:49","jhm","06_10_02_18:49:50"
"RO_JO_495","JO",495,"C_EGD_2123","Water","jhm","06_10_02_20:49:01","jhm","06_10_02_20:49:02"
"RO_JO_496","JO",496,"C_EGD_2123","Stones","jhm","06_10_02_20:49:02","jhm","06_10_02_20:49:04"
"RO_JO_497","JO",497,"C_EGD_2141","Water","jhm","06_10_02_21:41:09","jhm","06_10_02_21:41:10"
"RO_JO_498","JO",498,"C_EGD_2141","Tree","jhm","06_10_02_21:41:19","jhm","06_10_02_21:41:21"
"RO_JO_499","JO",499,"C_EGD_1025","Book","jhm","06_11_02_14:46:19","jhm","06_11_02_14:46:26"
"RO_JO_5","JO",5,"C_JO_2632","Water","jhm","05_17_01_12:04:01","jhm","11_13_02_15:50:58"
"RO_JO_500","JO",500,"C_EGD_2312","Fire","jhm","06_19_02_13:52:58","jhm","06_19_02_13:52:59"
"RO_JO_501","JO",501,"C_JO_3044","Water","jhm","06_19_02_14:13:55","jhm","06_19_02_14:13:56"
"RO_JO_502","JO",502,"C_JO_3044","Straw","jhm","06_19_02_14:14:10","jhm","06_19_02_14:14:18"
"RO_JO_503","JO",503,"C_JO_3038","Water","jhm","06_19_02_14:40:39","jhm","06_19_02_14:40:39"
"RO_JO_504","JO",504,"C_EGD_2327","Bannock","jhm","06_19_02_15:58:27","jhm","06_19_02_15:58:28"
"RO_JO_52","JO",52,"C_EGD_2277","Nail_trimmings","jhm","07_30_01_10:51:57","jhm","07_30_01_10:52:03"
"RO_JO_53","JO",53,"C_EGD_2277","Tree","jhm","07_30_01_10:52:11","jhm","07_30_01_10:53:42"
"RO_JO_537","JO",537,"C_JO_3059","Rowan_tree","jhm","06_27_02_14:30:19","jhm","06_27_02_14:30:26"
"RO_JO_538","JO",538,"C_JO_3059","Hand_(dead)","jhm","06_27_02_14:30:42","jhm","06_27_02_14:30:58"
"RO_JO_539","JO",539,"C_JO_3059","Fire","jhm","07_02_02_14:56:10","jhm","07_02_02_14:56:12"
"RO_JO_54","JO",54,"C_EGD_2277","Earth","jhm","07_30_01_10:55:07","jhm","07_30_01_10:55:12"
"RO_JO_540","JO",540,"C_JO_3078","Belt","jhm","07_02_02_15:37:44","jhm","07_02_02_15:37:47"
"RO_JO_541","JO",541,"C_JO_3082","Water","jhm","07_03_02_11:39:37","jhm","07_03_02_11:39:38"
"RO_JO_542","JO",542,"C_JO_3082","Butter","jhm","07_03_02_11:39:39","jhm","07_03_02_11:39:43"
"RO_JO_543","JO",543,"C_EGD_1045","Water","jhm","07_03_02_14:21:16","jhm","07_03_02_14:21:16"
"RO_JO_544","JO",544,"C_EGD_1045","Stones","jhm","07_03_02_14:21:28","jhm","07_03_02_14:21:30"
"RO_JO_545","JO",545,"C_EGD_1045","Bread","jhm","07_03_02_14:21:33","jhm","07_03_02_14:21:37"
"RO_JO_546","JO",546,"C_EGD_1045","Cheese","jhm","07_03_02_14:21:38","jhm","07_03_02_14:21:41"
"RO_JO_547","JO",547,"C_EGD_1045","Sword","jhm","07_03_02_14:21:45","jhm","07_03_02_14:21:49"
"RO_JO_548","JO",548,"C_EGD_1045","Fire","jhm","07_03_02_14:22:19","jhm","07_03_02_14:22:21"
"RO_JO_549","JO",549,"C_EGD_1045","Shirt","jhm","07_03_02_14:23:15","LEM","11_11_02_11:15:56"
"RO_JO_55","JO",55,"C_EGD_1861","Butter","jhm","07_31_01_11:55:56","jhm","07_31_01_11:55:58"
"RO_JO_550","JO",550,"C_EGD_2262","Water","jhm","07_03_02_14:58:03","jhm","07_03_02_14:58:04"
"RO_JO_551","JO",551,"C_EGD_2262","Clothing","jhm","07_03_02_14:58:07","jhm","07_03_02_14:58:11"
"RO_JO_552","JO",552,"C_EGD_2262","Stones","jhm","07_03_02_14:58:14","jhm","07_03_02_14:58:17"
"RO_JO_553","JO",553,"C_EGD_2262","Nail_trimmings","jhm","07_03_02_14:58:47","jhm","07_03_02_14:58:50"
"RO_JO_554","JO",554,"C_EGD_2262","Bannock","jhm","07_03_02_14:58:51","jhm","07_03_02_14:58:52"
"RO_JO_555","JO",555,"C_EGD_2262","Hair","jhm","07_03_02_14:58:55","jhm","11_13_02_13:41:42"
"RO_JO_556","JO",556,"C_JO_3085","Water","jhm","07_03_02_15:25:02","jhm","07_03_02_15:25:03"
"RO_JO_557","JO",557,"C_EGD_292","Water","jhm","07_04_02_13:47:13","jhm","07_04_02_13:47:14"
"RO_JO_558","JO",558,"C_EGD_292","Salt","jhm","07_04_02_13:47:17","jhm","07_04_02_13:47:18"
"RO_JO_559","JO",559,"C_EGD_2148","Sand","jhm","07_09_02_09:15:31","jhm","07_09_02_09:15:38"
"RO_JO_56","JO",56,"C_EGD_1861","Meal","jhm","07_31_01_11:56:02","jhm","07_31_01_11:56:04"
"RO_JO_560","JO",560,"C_EGD_2148","Feathers","jhm","07_09_02_09:15:39","jhm","07_09_02_09:15:41"
"RO_JO_561","JO",561,"C_EGD_2149","Bread","jhm","07_09_02_09:43:44","jhm","07_09_02_09:43:45"
"RO_JO_562","JO",562,"C_EGD_2158","Coin","jhm","07_09_02_11:40:07","jhm","07_09_02_11:40:44"
"RO_JO_563","JO",563,"C_EGD_2158","Paper","jhm","07_09_02_11:40:21","jhm","07_09_02_11:40:22"
"RO_JO_564","JO",564,"C_EGD_2158","Thread","jhm","07_09_02_11:40:23","jhm","11_13_02_12:31:26"
"RO_JO_565","JO",565,"C_EGD_2158","Cloth","jhm","07_09_02_11:40:49","jhm","07_09_02_11:40:50"
"RO_JO_566","JO",566,"C_EGD_2158","Water","jhm","07_09_02_11:40:59","jhm","07_09_02_11:41:02"
"RO_JO_567","JO",567,"C_EGD_2158","Bone","jhm","07_09_02_11:41:04","jhm","07_09_02_11:41:25"
"RO_JO_568","JO",568,"C_EGD_2158","Wax","jhm","07_09_02_11:41:28","jhm","11_13_02_12:32:48"
"RO_JO_569","JO",569,"C_JO_3096","Ring","jhm","07_09_02_15:04:18","jhm","07_09_02_15:04:23"
"RO_JO_57","JO",57,"C_EGD_1770","Tether","jhm","08_16_01_09:34:59","jhm","08_16_01_09:35:03"
"RO_JO_570","JO",570,"C_EGD_1746","Pin","jhm","07_10_02_13:10:58","jhm","07_10_02_13:10:59"
"RO_JO_571","JO",571,"C_EGD_1747","Pin","jhm","07_10_02_13:21:09","jhm","07_10_02_13:21:10"
"RO_JO_572","JO",572,"C_EGD_1748","Pin","jhm","07_10_02_13:35:17","jhm","07_10_02_13:35:19"
"RO_JO_573","JO",573,"C_EGD_2158","Coal","jhm","07_11_02_09:14:03","jhm","07_11_02_09:14:05"
"RO_JO_574","JO",574,"C_EGD_2157","Spindle","jhm","07_11_02_09:17:09","jhm","07_11_02_09:17:19"
"RO_JO_575","JO",575,"C_EGD_2157","Rok(distaff)","jhm","07_11_02_09:20:36","jhm","07_11_02_09:20:46"
"RO_JO_576","JO",576,"C_JO_3107","Stones","jhm","07_18_02_08:59:32","jhm","07_18_02_08:59:34"
"RO_JO_578","JO",578,"C_JO_3107","Water","jhm","07_18_02_09:04:31","jhm","07_18_02_09:04:32"
"RO_JO_579","JO",579,"C_JO_3108","Thread","jhm","07_18_02_09:36:10","jhm","11_13_02_12:44:30"
"RO_JO_58","JO",58,"C_EGD_1770","Water","jhm","08_16_01_09:48:13","jhm","08_16_01_09:48:30"
"RO_JO_580","JO",580,"C_JO_3108","Cloth","jhm","07_18_02_09:36:14","jhm","07_18_02_09:36:15"
"RO_JO_581","JO",581,"C_JO_3108","Coal","jhm","07_18_02_09:36:48","jhm","07_18_02_09:36:49"
"RO_JO_582","JO",582,"C_JO_3095","Hair","jhm","07_18_02_09:55:55","jhm","11_13_02_13:42:30"
"RO_JO_583","JO",583,"C_JO_3095","Nail_trimmings","jhm","07_18_02_09:58:37","jhm","07_18_02_09:58:43"
"RO_JO_584","JO",584,"C_JO_3093","Stones","jhm","07_18_02_10:25:17","jhm","07_18_02_10:25:18"
"RO_JO_585","JO",585,"C_JO_3093","Water","jhm","07_18_02_10:25:18","jhm","07_18_02_10:25:19"
"RO_JO_586","JO",586,"C_JO_3093","Shears","jhm","07_18_02_10:26:48","jhm","07_18_02_10:26:53"
"RO_JO_59","JO",59,"C_EGD_1770","Animal_dung","jhm","08_16_01_09:48:33","jhm","08_16_01_09:56:05"
"RO_JO_597","JO",597,"C_EGD_2394","Sieve","jhm","07_22_02_12:17:24","jhm","07_22_02_12:17:40"
"RO_JO_598","JO",598,"C_EGD_2401","Sieve","jhm","07_22_02_12:23:03","jhm","07_22_02_12:23:04"
"RO_JO_599","JO",599,"C_EGD_1545","Sieve","jhm","07_22_02_12:30:03","jhm","07_22_02_12:30:04"
"RO_JO_60","JO",60,"C_EGD_1749","Wax_clay_images","jhm","08_16_01_16:22:20","jhm","08_16_01_16:22:33"
"RO_JO_600","JO",600,"C_EGD_2400","Sieve","jhm","07_22_02_12:34:57","jhm","07_22_02_12:34:58"
"RO_JO_609","JO",609,"C_EGD_831","Water","jhm","08_02_02_15:30:04","jhm","08_02_02_15:30:05"
"RO_JO_61","JO",61,"C_EGD_1749","Fire","jhm","08_16_01_16:22:39","jhm","08_16_01_16:22:40"
"RO_JO_610","JO",610,"C_EGD_831","Coal","jhm","08_02_02_15:30:06","jhm","08_02_02_15:30:06"
"RO_JO_62","JO",62,"C_EGD_1747","Wax_clay_images","jhm","08_17_01_09:46:57","jhm","08_17_01_09:47:00"
"RO_JO_63","JO",63,"C_EGD_1747","Fire","jhm","08_17_01_09:47:01","jhm","08_17_01_09:47:12"
"RO_JO_635","JO",635,"C_EGD_1533","Water","jhm","08_27_02_09:46:40","jhm","08_27_02_09:46:40"
"RO_JO_636","JO",636,"C_EGD_1533","Cloth","jhm","08_27_02_09:46:44","jhm","08_27_02_09:46:53"
"RO_JO_637","JO",637,"C_EGD_1533","Herb","jhm","08_27_02_09:46:53","jhm","08_27_02_09:46:55"
"RO_JO_638","JO",638,"C_JO_3248","Herb","jhm","08_28_02_10:02:51","jhm","08_28_02_10:02:51"
"RO_JO_639","JO",639,"C_JO_3248","Butter","jhm","08_28_02_10:22:41","jhm","08_28_02_10:25:42"
"RO_JO_64","JO",64,"C_EGD_1748","Wax_clay_images","jhm","08_17_01_09:49:10","jhm","08_17_01_09:49:12"
"RO_JO_640","JO",640,"C_JO_3248","Curch","jhm","08_28_02_10:25:53","jhm","08_28_02_10:26:00"
"RO_JO_641","JO",641,"C_EGD_1888","Salt","jhm","09_04_02_10:00:46","jhm","09_04_02_10:00:47"
"RO_JO_642","JO",642,"C_EGD_1888","Wheat","jhm","09_04_02_10:00:48","jhm","09_04_02_10:00:52"
"RO_JO_643","JO",643,"C_EGD_1889","Salt","jhm","09_04_02_10:06:13","jhm","09_04_02_10:06:13"
"RO_JO_644","JO",644,"C_EGD_1889","Wheat","jhm","09_04_02_10:08:38","jhm","09_04_02_10:08:42"
"RO_JO_646","JO",646,"C_EGD_1241","Stones","jhm","10_03_02_10:28:01","jhm","10_03_02_10:28:03"
"RO_JO_648","JO",648,"C_EGD_1323","Water","jhm","10_03_02_14:38:53","jhm","10_03_02_14:38:54"
"RO_JO_649","JO",649,"C_EGD_1339","Clay","jhm","10_03_02_15:27:09","jhm","11_13_02_12:26:47"
"RO_JO_65","JO",65,"C_EGD_1748","Fire","jhm","08_17_01_09:49:13","jhm","08_17_01_09:49:13"
"RO_JO_650","JO",650,"C_EGD_136","Wood","jhm","10_03_02_16:00:15","jhm","10_03_02_16:00:27"
"RO_JO_651","JO",651,"C_EGD_136","Butter","jhm","10_03_02_16:00:44","jhm","10_03_02_16:00:45"
"RO_JO_654","JO",654,"C_EGD_148","Drink","jhm","10_08_02_11:22:11","jhm","10_08_02_11:22:13"
"RO_JO_657","JO",657,"C_EGD_1770","Egg","jhm","10_22_02_10:14:04","jhm","10_22_02_10:14:05"
"RO_JO_658","JO",658,"C_EGD_1770","Onion","jhm","10_22_02_10:14:16","jhm","10_22_02_10:14:39"
"RO_JO_659","JO",659,"C_EGD_1770","Salt","jhm","10_22_02_10:15:17","jhm","10_22_02_10:15:18"
"RO_JO_66","JO",66,"C_EGD_1746","Wax_clay_images","jhm","08_17_01_09:52:30","jhm","08_17_01_09:52:33"
"RO_JO_660","JO",660,"C_EGD_1774","Hair","jhm","10_22_02_10:25:59","jhm","11_13_02_13:42:49"
"RO_JO_661","JO",661,"C_EGD_1774","Bone","jhm","10_22_02_10:26:10","jhm","10_22_02_10:26:12"
"RO_JO_662","JO",662,"C_EGD_1778","Bone","jhm","10_22_02_10:35:43","jhm","10_22_02_10:35:45"
"RO_JO_663","JO",663,"C_EGD_1848","Grass","jhm","10_22_02_14:16:54","jhm","10_22_02_14:16:58"
"RO_JO_664","JO",664,"C_EGD_213","Water","jhm","10_24_02_10:10:22","jhm","10_24_02_10:10:22"
"RO_JO_665","JO",665,"C_EGD_2158","Bridle_collar","jhm","10_24_02_11:23:38","jhm","10_24_02_11:23:49"
"RO_JO_666","JO",666,"C_EGD_2208","Water","jhm","10_24_02_14:23:31","jhm","10_24_02_14:23:31"
"RO_JO_667","JO",667,"C_EGD_2208","Knife","jhm","10_24_02_14:23:42","jhm","10_24_02_14:23:44"
"RO_JO_668","JO",668,"C_EGD_2219","Bone","jhm","10_24_02_14:51:21","jhm","10_24_02_14:51:24"
"RO_JO_669","JO",669,"C_EGD_2245","Fire","jhm","10_24_02_15:37:00","jhm","10_24_02_15:37:00"
"RO_JO_67","JO",67,"C_EGD_1746","Fire","jhm","08_17_01_09:52:34","jhm","08_17_01_09:52:34"
"RO_JO_670","JO",670,"C_EGD_230","Shears","jhm","10_25_02_16:32:52","jhm","10_25_02_16:32:55"
"RO_JO_671","JO",671,"C_EGD_2425","Fire","jhm","10_29_02_11:20:03","jhm","10_29_02_11:20:05"
"RO_JO_672","JO",672,"C_EGD_2426","Fire","jhm","10_29_02_11:22:23","jhm","10_29_02_11:22:24"
"RO_JO_673","JO",673,"C_EGD_2426","Cloth","jhm","10_29_02_11:22:45","jhm","10_29_02_11:22:50"
"RO_JO_674","JO",674,"C_EGD_2427","Fire","jhm","10_29_02_11:23:28","jhm","10_29_02_11:23:28"
"RO_JO_675","JO",675,"C_EGD_2427","Cloth","jhm","10_29_02_11:23:30","jhm","10_29_02_11:23:42"
"RO_JO_676","JO",676,"C_EGD_2425","Cloth","jhm","10_29_02_11:27:00","jhm","10_29_02_11:27:02"
"RO_JO_677","JO",677,"C_EGD_2453","Belt","jhm","10_29_02_12:36:14","jhm","10_29_02_12:36:15"
"RO_JO_678","JO",678,"C_EGD_2453","Wheat","jhm","10_29_02_12:36:18","jhm","10_29_02_12:36:19"
"RO_JO_679","JO",679,"C_EGD_2453","Coin","jhm","10_29_02_12:36:24","jhm","10_29_02_12:36:26"
"RO_JO_68","JO",68,"C_EGD_1745","Wax_clay_images","jhm","08_17_01_10:00:54","jhm","08_17_01_10:00:57"
"RO_JO_680","JO",680,"C_EGD_33","Sieve","jhm","11_04_02_17:06:28","jhm","11_04_02_17:06:34"
"RO_JO_681","JO",681,"C_EGD_401","Flesh","jhm","11_06_02_13:00:51","jhm","11_06_02_13:00:53"
"RO_JO_682","JO",682,"C_EGD_434","Flesh","jhm","11_06_02_15:59:35","jhm","11_06_02_15:59:37"
"RO_JO_69","JO",69,"C_EGD_1745","Fire","jhm","08_17_01_10:00:58","jhm","08_17_01_10:00:59"
"RO_JO_70","JO",70,"C_JO_2881","Hen","jhm","09_06_01_12:42:30","jhm","09_06_01_12:42:39"
"RO_JO_71","JO",71,"C_JO_2881","Feathers","jhm","09_06_01_12:42:50","jhm","09_06_01_12:43:01"
"RO_JO_72","JO",72,"C_JO_2881","Blood_(animal)","jhm","09_06_01_12:43:02","jhm","09_06_01_12:43:07"
"RO_JO_73","JO",73,"C_JO_2882","Water","jhm","09_07_01_12:34:27","jhm","09_07_01_12:36:11"
"RO_JO_87","JO",87,"C_EGD_2410","Belt","jhm","10_03_01_10:14:02","jhm","10_03_01_10:14:07"
"RO_LA_1","LA",1,"C_EGD_160","Yarn","LEM","05_17_01_10:53:39","LEM","05_17_01_10:53:42"
"RO_LA_10","LA",10,"C_EGD_166","Baton","LEM","05_21_01_11:26:27","LEM","05_21_01_11:26:29"
"RO_LA_101","LA",101,"C_EGD_141","Flesh","LEM","10_01_01_12:44:10","LEM","10_01_01_12:44:14"
"RO_LA_102","LA",102,"C_EGD_142","Herb","LEM","10_01_01_13:34:10","LEM","10_01_01_13:34:13"
"RO_LA_103","LA",103,"C_EGD_142","Salt","LEM","10_01_01_13:35:19","LEM","10_01_01_13:36:12"
"RO_LA_104","LA",104,"C_EGD_142","Branch","LEM","10_01_01_13:36:17","LEM","10_01_01_13:36:19"
"RO_LA_105","LA",105,"C_EGD_142","Water","LEM","10_01_01_13:36:58","LEM","10_01_01_13:37:00"
"RO_LA_106","LA",106,"C_EGD_142","Shirt","LEM","10_01_01_13:37:22","LEM","10_01_01_13:37:23"
"RO_LA_107","LA",107,"C_EGD_935","Water","LEM","10_01_01_13:54:01","LEM","10_01_01_13:54:02"
"RO_LA_108","LA",108,"C_EGD_935","Shirt","LEM","10_01_01_13:54:43","LEM","10_01_01_13:55:19"
"RO_LA_109","LA",109,"C_EGD_935","Bannock","LEM","10_01_01_14:02:37","LEM","10_01_01_14:02:39"
"RO_LA_11","LA",11,"C_EGD_166","Thread","LEM","05_21_01_11:28:36","LEM","05_21_01_11:34:24"
"RO_LA_110","LA",110,"C_EGD_147","Pot","LEM","10_01_01_15:25:15","LEM","10_01_01_15:25:17"
"RO_LA_114","LA",114,"C_EGD_137","Water","LEM","10_03_01_09:40:29","LEM","10_03_01_09:40:30"
"RO_LA_115","LA",115,"C_EGD_137","Flesh","LEM","10_03_01_09:41:31","LEM","10_03_01_09:41:32"
"RO_LA_116","LA",116,"C_EGD_137","Wax_clay_images","LEM","10_03_01_09:42:34","LEM","10_03_01_09:42:37"
"RO_LA_12","LA",12,"C_EGD_166","Corn","LEM","05_21_01_11:37:30","LEM","05_21_01_11:37:38"
"RO_LA_121","LA",121,"C_EGD_132","Thread","LEM","10_03_01_10:06:56","jhm","11_13_02_12:45:56"
"RO_LA_122","LA",122,"C_EGD_132","Hair","LEM","10_03_01_10:06:58","jhm","11_13_02_12:46:51"
"RO_LA_123","LA",123,"C_EGD_132","Nail_trimmings","LEM","10_03_01_10:07:03","LEM","10_03_01_10:07:05"
"RO_LA_124","LA",124,"C_EGD_133","Plant","LEM","10_03_01_10:12:14","jhm","11_13_02_12:29:40"
"RO_LA_125","LA",125,"C_EGD_133","Herb","LEM","10_03_01_10:12:20","LEM","10_03_01_10:12:21"
"RO_LA_126","LA",126,"C_EGD_133","Shirt","LEM","10_03_01_10:14:35","LEM","10_03_01_10:14:37"
"RO_LA_127","LA",127,"C_EGD_133","Blood_(animal)","LEM","10_03_01_10:14:37","LEM","10_03_01_10:14:38"
"RO_LA_128","LA",128,"C_EGD_133","Bannock","LEM","10_03_01_10:14:41","LEM","10_03_01_10:14:43"
"RO_LA_129","LA",129,"C_EGD_131","Shirt","LEM","10_03_01_10:18:17","LEM","10_03_01_10:18:19"
"RO_LA_13","LA",13,"C_EGD_169","Shirt","LEM","05_21_01_14:11:22","LEM","05_21_01_14:11:25"
"RO_LA_130","LA",130,"C_EGD_131","Water","LEM","10_03_01_10:18:19","LEM","10_03_01_10:18:20"
"RO_LA_131","LA",131,"C_EGD_131","Iron_(hot)","LEM","10_03_01_10:19:01","LEM","10_03_01_10:19:14"
"RO_LA_132","LA",132,"C_EGD_131","Branch","LEM","10_03_01_10:19:52","LEM","10_03_01_10:19:54"
"RO_LA_134","LA",134,"C_EGD_132","Herb","LEM","10_03_01_10:31:41","LEM","10_03_01_10:31:42"
"RO_LA_135","LA",135,"C_EGD_133","Metal","LEM","10_03_01_10:34:33","LEM","10_03_01_10:34:37"
"RO_LA_136","LA",136,"C_EGD_136","Plant","LEM","10_03_01_10:37:42","jhm","11_13_02_12:30:35"
"RO_LA_137","LA",137,"C_EGD_136","Salt","LEM","10_03_01_10:38:42","LEM","10_03_01_10:38:42"
"RO_LA_138","LA",138,"C_EGD_136","Water","LEM","10_03_01_10:38:43","LEM","10_03_01_10:38:44"
"RO_LA_139","LA",139,"C_EGD_136","Cat","LEM","10_03_01_10:39:47","LEM","10_03_01_10:39:49"
"RO_LA_14","LA",14,"C_EGD_169","Water","LEM","05_21_01_14:11:27","LEM","05_21_01_14:11:29"
"RO_LA_140","LA",140,"C_EGD_39","Wax_clay_images","LEM","10_08_01_11:40:24","LEM","10_08_01_11:40:27"
"RO_LA_141","LA",141,"C_EGD_45","Wax_clay_images","LEM","10_08_01_11:41:54","LEM","10_08_01_11:41:56"
"RO_LA_142","LA",142,"C_EGD_46","Wax_clay_images","LEM","10_08_01_12:03:03","LEM","10_08_01_12:03:05"
"RO_LA_144","LA",144,"C_EGD_40","Hair","LEM","10_08_01_12:58:17","jhm","11_13_02_13:43:10"
"RO_LA_145","LA",145,"C_EGD_40","Nail_trimmings","LEM","10_08_01_12:58:18","LEM","10_08_01_12:58:20"
"RO_LA_15","LA",15,"C_EGD_169","Bird_(dead)","LEM","05_21_01_14:11:32","LEM","05_21_01_14:11:40"
"RO_LA_152","LA",152,"C_EGD_41","Water","LEM","10_08_01_13:08:25","LEM","10_08_01_13:08:48"
"RO_LA_153","LA",153,"C_EGD_59","Cat","LEM","10_09_01_09:37:39","LEM","10_09_01_09:37:42"
"RO_LA_154","LA",154,"C_EGD_59","Corpse","LEM","10_09_01_09:39:42","LEM","10_09_01_09:39:48"
"RO_LA_155","LA",155,"C_EGD_59","Mole's_feet","LEM","10_09_01_09:45:04","LEM","10_09_01_09:45:08"
"RO_LA_158","LA",158,"C_EGD_63","Shirt","LEM","10_09_01_10:32:36","LEM","10_09_01_10:32:39"
"RO_LA_159","LA",159,"C_EGD_63","Cat","LEM","10_09_01_11:48:53","LEM","10_09_01_11:48:54"
"RO_LA_16","LA",16,"C_EGD_169","Hand_(dead)","LEM","05_21_01_14:13:41","LEM","05_21_01_14:14:51"
"RO_LA_160","LA",160,"C_EGD_63","Corpse","LEM","10_09_01_11:48:59","LEM","10_09_01_11:49:06"
"RO_LA_161","LA",161,"C_EGD_63","Wax_clay_images","LEM","10_09_01_11:51:19","LEM","10_09_01_11:51:22"
"RO_LA_162","LA",162,"C_EGD_63","Corpse_powder","LEM","10_09_01_11:53:31","LEM","10_09_01_11:53:35"
"RO_LA_163","LA",163,"C_EGD_63","Salt","LEM","10_09_01_12:02:33","LEM","10_09_01_12:02:35"
"RO_LA_164","LA",164,"C_EGD_63","Thread","LEM","10_09_01_12:02:37","jhm","11_13_02_12:47:55"
"RO_LA_165","LA",165,"C_EGD_63","Glass","LEM","10_09_01_12:02:47","LEM","10_09_01_12:02:49"
"RO_LA_17","LA",17,"C_EGD_170","Water","LEM","05_21_01_15:01:52","LEM","05_21_01_15:01:54"
"RO_LA_18","LA",18,"C_EGD_170","Salt","LEM","05_21_01_15:02:05","LEM","05_21_01_15:02:06"
"RO_LA_19","LA",19,"C_EGD_172","Jewel","LEM","05_21_01_15:51:59","LEM","05_21_01_15:52:03"
"RO_LA_2","LA",2,"C_EGD_160","Cat","LEM","05_17_01_10:53:45","LEM","05_17_01_10:53:46"
"RO_LA_20","LA",20,"C_EGD_179","Water","LEM","05_21_01_16:35:48","LEM","05_21_01_16:35:50"
"RO_LA_21","LA",21,"C_EGD_179","Stones","LEM","05_21_01_16:38:50","LEM","05_21_01_16:38:52"
"RO_LA_22","LA",22,"C_EGD_179","Branch","LEM","05_21_01_16:39:09","LEM","05_21_01_16:39:12"
"RO_LA_23","LA",23,"C_EGD_179","Elfshot","LEM","05_21_01_16:40:59","jhm","02_28_02_15:14:28"
"RO_LA_236","LA",236,"C_EGD_120","Glass","LEM","10_10_01_09:12:37","LEM","10_10_01_09:12:38"
"RO_LA_237","LA",237,"C_EGD_120","Thread","LEM","10_10_01_09:12:40","jhm","11_13_02_12:48:15"
"RO_LA_238","LA",238,"C_EGD_120","Salt","LEM","10_10_01_09:12:44","LEM","10_10_01_09:12:45"
"RO_LA_239","LA",239,"C_EGD_120","Corpse","LEM","10_10_01_09:12:46","LEM","10_10_01_09:12:49"
"RO_LA_24","LA",24,"C_EGD_179","Wort","LEM","05_21_01_16:45:15","LEM","05_21_01_16:45:16"
"RO_LA_240","LA",240,"C_EGD_110","Cat","LEM","10_10_01_09:20:54","LEM","10_10_01_09:20:55"
"RO_LA_241","LA",241,"C_EGD_110","Corpse","LEM","10_10_01_09:20:56","LEM","10_10_01_09:20:57"
"RO_LA_242","LA",242,"C_EGD_110","Corpse_powder","LEM","10_10_01_09:20:57","LEM","10_10_01_09:21:01"
"RO_LA_25","LA",25,"C_EGD_179","Watercress","LEM","05_21_01_16:45:17","LEM","05_21_01_16:45:20"
"RO_LA_26","LA",26,"C_EGD_179","Bannock","LEM","05_21_01_16:52:53","LEM","05_21_01_16:52:56"
"RO_LA_267","LA",267,"C_EGD_103","Wax_clay_images","LEM","10_10_01_13:31:12","LEM","10_10_01_13:31:38"
"RO_LA_268","LA",268,"C_EGD_103","Toad","LEM","10_10_01_15:35:48","LEM","10_10_01_15:36:00"
"RO_LA_269","LA",269,"C_EGD_103","Urine_(stale)","LEM","10_10_01_15:36:04","LEM","10_10_01_15:36:19"
"RO_LA_27","LA",27,"C_EGD_179","Corpse","LEM","05_21_01_16:57:29","LEM","05_21_01_16:57:53"
"RO_LA_270","LA",270,"C_EGD_103","Snake_skin","LEM","10_10_01_15:36:54","LEM","10_10_01_15:37:06"
"RO_LA_271","LA",271,"C_EGD_107","Wax_clay_images","LEM","10_10_01_15:41:20","LEM","10_10_01_15:41:22"
"RO_LA_272","LA",272,"C_EGD_107","Toad","LEM","10_10_01_15:41:22","LEM","10_10_01_15:41:26"
"RO_LA_273","LA",273,"C_EGD_107","Snake_skin","LEM","10_10_01_15:41:30","LEM","10_10_01_15:41:35"
"RO_LA_274","LA",274,"C_EGD_107","Urine_(stale)","LEM","10_10_01_15:41:46","LEM","10_10_01_15:41:49"
"RO_LA_279","LA",279,"C_EGD_110","Wax_clay_images","LEM","10_10_01_15:48:02","LEM","10_10_01_15:48:02"
"RO_LA_280","LA",280,"C_EGD_110","Snake_skin","LEM","10_10_01_15:48:03","LEM","10_10_01_15:48:07"
"RO_LA_281","LA",281,"C_EGD_110","Urine_(stale)","LEM","10_10_01_15:48:07","LEM","10_10_01_15:48:11"
"RO_LA_282","LA",282,"C_EGD_110","Toad","LEM","10_10_01_15:48:12","LEM","10_10_01_15:48:14"
"RO_LA_283","LA",283,"C_EGD_108","Wax_clay_images","LEM","10_10_01_15:50:46","LEM","10_10_01_15:50:47"
"RO_LA_284","LA",284,"C_EGD_108","Snake_skin","LEM","10_10_01_15:51:01","LEM","10_10_01_15:51:03"
"RO_LA_285","LA",285,"C_EGD_108","Toad","LEM","10_10_01_15:51:04","LEM","10_10_01_15:51:05"
"RO_LA_286","LA",286,"C_EGD_108","Urine_(stale)","LEM","10_10_01_15:51:53","LEM","10_10_01_15:51:56"
"RO_LA_287","LA",287,"C_EGD_104","Cat","LEM","10_16_01_10:10:54","LEM","10_16_01_10:10:56"
"RO_LA_288","LA",288,"C_EGD_104","Wax_clay_images","LEM","10_16_01_10:10:58","LEM","10_16_01_10:11:00"
"RO_LA_289","LA",289,"C_EGD_104","Bowl","LEM","10_16_01_10:11:18","LEM","10_16_01_10:11:20"
"RO_LA_290","LA",290,"C_EGD_104","Grave_earth","LEM","10_16_01_10:12:21","LEM","10_16_01_10:12:25"
"RO_LA_291","LA",291,"C_EGD_104","Corpse_powder","LEM","10_16_01_10:12:27","LEM","10_16_01_10:12:29"
"RO_LA_292","LA",292,"C_EGD_104","Stones","LEM","10_16_01_10:13:08","LEM","10_16_01_10:13:12"
"RO_LA_293","LA",293,"C_EGD_104","Blood_(animal)","LEM","10_16_01_10:18:57","LEM","10_16_01_10:19:00"
"RO_LA_297","LA",297,"C_EGD_1258","Thread","LEM","10_16_01_12:06:41","jhm","11_13_02_12:48:26"
"RO_LA_298","LA",298,"C_EGD_1258","Water","LEM","10_16_01_12:09:17","LEM","10_16_01_12:09:59"
"RO_LA_299","LA",299,"C_EGD_1258","Coal","LEM","10_16_01_12:10:58","LEM","10_16_01_12:11:01"
"RO_LA_3","LA",3,"C_EGD_160","Salt","LEM","05_17_01_10:53:47","LEM","05_17_01_10:53:49"
"RO_LA_300","LA",300,"C_EGD_1258","Belt","LEM","10_16_01_12:11:11","LEM","10_16_01_12:11:13"
"RO_LA_301","LA",301,"C_EGD_1258","Hair","LEM","10_16_01_12:11:54","jhm","11_13_02_12:48:44"
"RO_LA_302","LA",302,"C_EGD_1258","Potions","LEM","10_16_01_12:22:52","LEM","10_16_01_12:23:00"
"RO_LA_303","LA",303,"C_EGD_1268","Water","LEM","10_16_01_15:25:20","LEM","10_16_01_15:25:20"
"RO_LA_304","LA",304,"C_EGD_1268","Cat","LEM","10_16_01_15:25:22","LEM","10_16_01_15:25:25"
"RO_LA_305","LA",305,"C_EGD_1268","Salt_water","LEM","10_16_01_15:27:55","LEM","10_16_01_15:27:59"
"RO_LA_306","LA",306,"C_EGD_1268","Salt","LEM","10_16_01_15:28:00","LEM","10_16_01_15:28:01"
"RO_LA_307","LA",307,"C_EGD_1268","Spit","LEM","10_16_01_15:28:14","LEM","10_16_01_15:28:20"
"RO_LA_308","LA",308,"C_EGD_1269","Silver","LEM","10_16_01_15:48:16","LEM","10_16_01_15:48:21"
"RO_LA_309","LA",309,"C_EGD_29","Herb","LEM","10_18_01_09:55:35","LEM","10_18_01_09:55:40"
"RO_LA_311","LA",311,"C_EGD_1278","Stones","LEM","10_18_01_12:25:33","LEM","10_18_01_12:25:34"
"RO_LA_312","LA",312,"C_EGD_1278","Water","LEM","10_18_01_12:25:35","LEM","10_18_01_12:25:37"
"RO_LA_313","LA",313,"C_EGD_1278","Herb","LEM","10_18_01_12:31:33","LEM","10_18_01_12:32:51"
"RO_LA_314","LA",314,"C_EGD_1278","Cloth","LEM","10_18_01_13:40:16","LEM","10_18_01_13:40:18"
"RO_LA_315","LA",315,"C_EGD_1339","Sieve","LEM","10_19_01_12:37:41","LEM","10_19_01_12:37:42"
"RO_LA_316","LA",316,"C_EGD_1284","Stones","LEM","10_23_01_10:46:40","LEM","10_23_01_10:46:42"
"RO_LA_317","LA",317,"C_EGD_1284","Sieve","LEM","10_23_01_10:46:44","LEM","10_23_01_10:46:47"
"RO_LA_318","LA",318,"C_EGD_1284","Iron_(hot)","LEM","10_23_01_10:46:55","LEM","10_23_01_10:46:57"
"RO_LA_319","LA",319,"C_EGD_1284","Water","LEM","10_23_01_10:47:37","LEM","10_23_01_10:47:45"
"RO_LA_32","LA",32,"C_EGD_103","Cat","LEM","05_28_01_13:55:19","LEM","05_28_01_13:55:22"
"RO_LA_320","LA",320,"C_EGD_1364","Lead","LEM","10_23_01_13:04:10","jhm","11_13_02_12:28:08"
"RO_LA_321","LA",321,"C_EGD_1364","Thread","LEM","10_23_01_13:04:17","jhm","11_13_02_12:29:04"
"RO_LA_322","LA",322,"C_EGD_882","Shirt","LEM","10_23_01_14:58:00","LEM","10_23_01_14:58:02"
"RO_LA_323","LA",323,"C_EGD_963","Ale","LEM","10_23_01_15:28:48","LEM","11_14_02_10:15:04"
"RO_LA_324","LA",324,"C_EGD_963","Bannock","LEM","10_23_01_15:28:53","LEM","10_23_01_15:28:54"
"RO_LA_325","LA",325,"C_EGD_964","Bannock","LEM","10_23_01_15:52:37","LEM","10_23_01_15:52:42"
"RO_LA_326","LA",326,"C_LA_2911","Wax_clay_images","LEM","11_21_01_14:52:19","LEM","11_21_01_14:52:23"
"RO_LA_327","LA",327,"C_LA_2911","Toad","LEM","11_21_01_14:52:30","LEM","11_21_01_14:52:32"
"RO_LA_328","LA",328,"C_EGD_317","Pin","LEM","11_29_01_12:16:31","LEM","11_29_01_12:16:35"
"RO_LA_329","LA",329,"C_EGD_317","Flesh","LEM","11_29_01_12:16:38","LEM","11_29_01_12:16:40"
"RO_LA_33","LA",33,"C_EGD_157","Water","LEM","06_12_01_09:46:06","LEM","06_12_01_09:46:08"
"RO_LA_330","LA",330,"C_EGD_317","Shirt","LEM","11_29_01_12:16:46","LEM","11_29_01_12:16:47"
"RO_LA_331","LA",331,"C_EGD_317","Foxtree_Leaves","LEM","11_29_01_12:16:49","LEM","11_29_01_12:17:00"
"RO_LA_332","LA",332,"C_EGD_790","Bannock","LEM","11_30_01_11:52:53","LEM","11_30_01_11:52:55"
"RO_LA_333","LA",333,"C_EGD_584","Flesh","LEM","12_03_01_09:38:16","LEM","12_03_01_09:38:20"
"RO_LA_334","LA",334,"C_EGD_584","Powder","LEM","12_03_01_09:38:27","LEM","12_03_01_09:38:30"
"RO_LA_335","LA",335,"C_EGD_1727","Flesh","LEM","12_03_01_09:42:51","LEM","12_03_01_09:42:54"
"RO_LA_339","LA",339,"C_EGD_1744","Fire","LEM","01_16_02_12:40:43","LEM","01_16_02_12:40:44"
"RO_LA_340","LA",340,"C_EGD_1744","Wax_clay_images","LEM","01_16_02_12:40:45","LEM","01_16_02_12:40:48"
"RO_LA_341","LA",341,"C_EGD_1773","Wax_clay_images","LEM","01_30_02_13:34:59","LEM","01_30_02_13:35:01"
"RO_LA_342","LA",342,"C_EGD_1778","Hair","LEM","01_31_02_09:31:14","jhm","11_13_02_13:43:28"
"RO_LA_343","LA",343,"C_EGD_1778","Blood_(animal)","LEM","01_31_02_09:31:17","LEM","01_31_02_09:31:22"
"RO_LA_344","LA",344,"C_EGD_1778","Wax_clay_images","LEM","01_31_02_09:31:23","LEM","01_31_02_09:31:27"
"RO_LA_345","LA",345,"C_EGD_1774","Stones","LEM","01_31_02_09:36:30","LEM","01_31_02_09:36:31"
"RO_LA_346","LA",346,"C_EGD_1774","Blood_(animal)","LEM","01_31_02_09:36:31","LEM","01_31_02_09:36:34"
"RO_LA_347","LA",347,"C_EGD_1774","Wax_clay_images","LEM","01_31_02_09:36:34","LEM","01_31_02_09:36:39"
"RO_LA_348","LA",348,"C_EGD_1773","Bone","LEM","01_31_02_09:52:52","LEM","01_31_02_09:52:57"
"RO_LA_349","LA",349,"C_EGD_1773","Blood_(animal)","LEM","01_31_02_09:52:58","LEM","01_31_02_09:52:59"
"RO_LA_35","LA",35,"C_EGD_157","Yarn","LEM","06_12_01_09:47:34","LEM","06_12_01_09:48:19"
"RO_LA_350","LA",350,"C_EGD_1773","Hair","LEM","01_31_02_09:53:01","jhm","11_13_02_13:43:41"
"RO_LA_351","LA",351,"C_LA_2959","Wax_clay_images","LEM","01_31_02_09:56:30","LEM","01_31_02_09:56:33"
"RO_LA_352","LA",352,"C_LA_2959","Bone","LEM","01_31_02_09:56:34","LEM","01_31_02_09:56:41"
"RO_LA_353","LA",353,"C_LA_2959","Hair","LEM","01_31_02_09:56:47","jhm","11_13_02_13:44:10"
"RO_LA_354","LA",354,"C_LA_2959","Blood_(animal)","LEM","01_31_02_09:56:52","LEM","01_31_02_09:56:52"
"RO_LA_355","LA",355,"C_EGD_1781","Wax_clay_images","LEM","01_31_02_09:57:40","LEM","01_31_02_09:57:41"
"RO_LA_356","LA",356,"C_EGD_1781","Bone","LEM","01_31_02_09:57:41","jhm","11_13_02_15:53:02"
"RO_LA_357","LA",357,"C_EGD_1781","Hair","LEM","01_31_02_09:57:46","jhm","11_13_02_13:44:41"
"RO_LA_358","LA",358,"C_EGD_1781","Blood_(animal)","LEM","01_31_02_09:57:48","LEM","01_31_02_09:57:50"
"RO_LA_359","LA",359,"C_EGD_1780","Wax_clay_images","LEM","01_31_02_09:59:18","LEM","01_31_02_09:59:19"
"RO_LA_36","LA",36,"C_EGD_157","Fire","LEM","06_12_01_09:50:31","LEM","06_12_01_09:50:34"
"RO_LA_360","LA",360,"C_EGD_1780","Blood_(animal)","LEM","01_31_02_09:59:20","LEM","01_31_02_09:59:21"
"RO_LA_361","LA",361,"C_EGD_1780","Hair","LEM","01_31_02_09:59:21","jhm","11_13_02_13:45:11"
"RO_LA_362","LA",362,"C_EGD_1780","Bone","LEM","01_31_02_09:59:23","jhm","10_22_02_10:50:27"
"RO_LA_363","LA",363,"C_EGD_1777","Wax_clay_images","LEM","01_31_02_09:59:46","LEM","01_31_02_09:59:48"
"RO_LA_364","LA",364,"C_EGD_1777","Blood_(animal)","LEM","01_31_02_09:59:49","LEM","01_31_02_09:59:50"
"RO_LA_365","LA",365,"C_EGD_1777","Bone","LEM","01_31_02_09:59:50","jhm","10_22_02_10:36:02"
"RO_LA_366","LA",366,"C_EGD_1777","Hair","LEM","01_31_02_09:59:53","jhm","11_13_02_13:45:40"
"RO_LA_368","LA",368,"C_LA_2968","Wax_clay_images","LEM","01_31_02_13:19:37","LEM","01_31_02_13:19:40"
"RO_LA_369","LA",369,"C_LA_2970","Bone","LEM","01_31_02_15:01:27","jhm","11_13_02_13:47:40"
"RO_LA_37","LA",37,"C_EGD_173","Horseshoe","LEM","06_15_01_13:24:43","LEM","06_15_01_13:25:12"
"RO_LA_370","LA",370,"C_LA_2970","Hair","LEM","01_31_02_15:01:29","jhm","11_13_02_13:45:49"
"RO_LA_371","LA",371,"C_LA_2970","Blood_(animal)","LEM","01_31_02_15:01:30","LEM","01_31_02_15:01:31"
"RO_LA_372","LA",372,"C_LA_2970","Wax_clay_images","LEM","01_31_02_15:01:31","LEM","01_31_02_15:01:33"
"RO_LA_373","LA",373,"C_LA_2972","Wax_clay_images","LEM","01_31_02_20:56:39","LEM","01_31_02_20:56:40"
"RO_LA_374","LA",374,"C_LA_2972","Bone","LEM","01_31_02_20:56:41","jhm","11_13_02_13:46:29"
"RO_LA_375","LA",375,"C_LA_2972","Hair","LEM","01_31_02_20:56:42","jhm","11_13_02_13:46:25"
"RO_LA_376","LA",376,"C_LA_2972","Blood_(animal)","LEM","01_31_02_20:56:46","LEM","01_31_02_20:56:47"
"RO_LA_377","LA",377,"C_EGD_1779","Wax_clay_images","LEM","01_31_02_21:08:15","LEM","01_31_02_21:08:17"
"RO_LA_378","LA",378,"C_EGD_1779","Blood_(animal)","LEM","01_31_02_21:08:24","LEM","01_31_02_21:08:25"
"RO_LA_379","LA",379,"C_EGD_1779","Bone","LEM","01_31_02_21:08:25","jhm","11_13_02_13:47:47"
"RO_LA_38","LA",38,"C_EGD_1605","Stones","LEM","06_19_01_13:43:49","LEM","06_19_01_13:43:51"
"RO_LA_380","LA",380,"C_EGD_1779","Hair","LEM","01_31_02_21:08:27","jhm","11_13_02_13:47:57"
"RO_LA_381","LA",381,"C_LA_2973","Bone","LEM","01_31_02_21:23:49","jhm","11_13_02_13:48:45"
"RO_LA_382","LA",382,"C_LA_2973","Hair","LEM","01_31_02_21:23:51","jhm","11_13_02_13:48:42"
"RO_LA_383","LA",383,"C_LA_2973","Blood_(animal)","LEM","01_31_02_21:23:53","LEM","01_31_02_21:23:55"
"RO_LA_384","LA",384,"C_LA_2973","Wax_clay_images","LEM","01_31_02_21:23:56","LEM","01_31_02_21:23:58"
"RO_LA_385","LA",385,"C_LA_2974","Hair","LEM","01_31_02_21:35:51","jhm","11_13_02_13:49:48"
"RO_LA_386","LA",386,"C_LA_2974","Bone","LEM","01_31_02_21:35:54","jhm","11_13_02_13:49:43"
"RO_LA_387","LA",387,"C_LA_2974","Blood_(animal)","LEM","01_31_02_21:35:57","LEM","01_31_02_21:35:59"
"RO_LA_388","LA",388,"C_LA_2974","Wax_clay_images","LEM","01_31_02_21:35:59","LEM","01_31_02_21:36:01"
"RO_LA_389","LA",389,"C_LA_2975","Hair","LEM","02_01_02_11:23:35","jhm","11_13_02_13:50:14"
"RO_LA_39","LA",39,"C_EGD_409","Thread","LEM","07_05_01_10:34:36","jhm","11_13_02_12:49:40"
"RO_LA_390","LA",390,"C_LA_2975","Bone","LEM","02_01_02_11:23:37","LEM","02_01_02_11:23:38"
"RO_LA_391","LA",391,"C_LA_2975","Blood_(animal)","LEM","02_01_02_11:23:42","LEM","02_01_02_11:23:43"
"RO_LA_392","LA",392,"C_LA_2975","Wax_clay_images","LEM","02_01_02_11:23:46","LEM","02_01_02_11:23:47"
"RO_LA_393","LA",393,"C_LA_2976","Wax_clay_images","LEM","02_01_02_11:46:43","LEM","02_01_02_11:46:44"
"RO_LA_394","LA",394,"C_LA_2976","Bone","LEM","02_01_02_11:46:45","LEM","02_01_02_11:46:45"
"RO_LA_395","LA",395,"C_LA_2976","Hair","LEM","02_01_02_11:46:46","jhm","11_13_02_13:50:42"
"RO_LA_396","LA",396,"C_LA_2976","Blood_(animal)","LEM","02_01_02_11:46:48","LEM","02_01_02_11:46:51"
"RO_LA_397","LA",397,"C_LA_2977","Wax_clay_images","LEM","02_01_02_11:57:53","LEM","02_01_02_11:57:54"
"RO_LA_398","LA",398,"C_LA_2977","Bone","LEM","02_01_02_11:57:55","LEM","02_01_02_11:57:57"
"RO_LA_399","LA",399,"C_LA_2977","Hair","LEM","02_01_02_11:57:57","jhm","11_13_02_13:51:12"
"RO_LA_4","LA",4,"C_EGD_160","Lee_Penny","LEM","05_17_01_10:53:52","LEM","05_17_01_10:53:54"
"RO_LA_40","LA",40,"C_EGD_409","Oil","LEM","07_05_01_10:34:46","LEM","07_05_01_10:35:01"
"RO_LA_400","LA",400,"C_LA_2977","Blood_(animal)","LEM","02_01_02_11:57:59","LEM","02_01_02_11:58:00"
"RO_LA_401","LA",401,"C_LA_2978","Bone","LEM","02_01_02_12:19:21","LEM","02_01_02_12:19:22"
"RO_LA_402","LA",402,"C_LA_2978","Hair","LEM","02_01_02_12:19:23","jhm","11_13_02_13:51:38"
"RO_LA_403","LA",403,"C_LA_2978","Blood_(animal)","LEM","02_01_02_12:19:43","LEM","02_01_02_12:19:44"
"RO_LA_404","LA",404,"C_LA_2978","Wax_clay_images","LEM","02_01_02_12:19:44","LEM","02_01_02_12:19:47"
"RO_LA_405","LA",405,"C_LA_2979","Wax_clay_images","LEM","02_01_02_12:31:22","LEM","02_01_02_12:31:24"
"RO_LA_406","LA",406,"C_LA_2979","Bone","LEM","02_01_02_12:31:25","LEM","02_01_02_12:31:26"
"RO_LA_407","LA",407,"C_LA_2979","Blood_(animal)","LEM","02_01_02_12:31:26","LEM","02_01_02_12:31:27"
"RO_LA_408","LA",408,"C_LA_2979","Hair","LEM","02_01_02_12:31:27","jhm","11_13_02_13:52:05"
"RO_LA_409","LA",409,"C_LA_2980","Wax_clay_images","LEM","02_01_02_12:41:16","LEM","02_01_02_12:41:17"
"RO_LA_41","LA",41,"C_EGD_409","Egg","LEM","07_05_01_10:35:08","LEM","07_05_01_10:35:12"
"RO_LA_410","LA",410,"C_LA_2980","Bone","LEM","02_01_02_12:41:17","LEM","02_01_02_12:41:19"
"RO_LA_411","LA",411,"C_LA_2980","Blood_(animal)","LEM","02_01_02_12:41:20","LEM","02_01_02_12:41:20"
"RO_LA_412","LA",412,"C_LA_2980","Hair","LEM","02_01_02_12:41:24","jhm","11_13_02_13:52:48"
"RO_LA_413","LA",413,"C_EGD_1935","Wax_clay_images","LEM","02_01_02_14:35:08","LEM","02_01_02_14:35:10"
"RO_LA_414","LA",414,"C_EGD_1935","Bone","LEM","02_01_02_14:35:11","LEM","02_01_02_14:35:12"
"RO_LA_415","LA",415,"C_EGD_1935","Hair","LEM","02_01_02_14:35:13","jhm","11_13_02_13:53:29"
"RO_LA_416","LA",416,"C_EGD_1935","Blood_(animal)","LEM","02_01_02_14:35:14","LEM","02_01_02_14:35:16"
"RO_LA_417","LA",417,"C_EGD_726","Wax_clay_images","LEM","02_18_02_15:27:26","LEM","02_18_02_15:27:30"
"RO_LA_418","LA",418,"C_EGD_743","Leather_Strap","LEM","02_18_02_15:47:32","LEM","02_18_02_15:47:37"
"RO_LA_419","LA",419,"C_EGD_743","Wax_clay_images","LEM","02_18_02_15:49:04","LEM","02_18_02_15:49:12"
"RO_LA_42","LA",42,"C_EGD_409","Garlic","LEM","07_05_01_10:35:30","LEM","07_05_01_10:35:33"
"RO_LA_420","LA",420,"C_EGD_745","Hair","LEM","02_18_02_15:52:06","jhm","11_13_02_13:54:10"
"RO_LA_421","LA",421,"C_EGD_745","Belt","LEM","02_18_02_15:52:30","LEM","02_18_02_15:52:32"
"RO_LA_422","LA",422,"C_EGD_748","Frog","LEM","02_18_02_18:34:25","LEM","02_18_02_18:34:28"
"RO_LA_423","LA",423,"C_EGD_748","Water","LEM","02_18_02_18:34:57","LEM","02_18_02_18:34:58"
"RO_LA_424","LA",424,"C_EGD_746","Frog","LEM","02_18_02_18:37:14","LEM","02_18_02_18:37:19"
"RO_LA_425","LA",425,"C_EGD_747","Frog","LEM","02_18_02_18:41:06","jhm","11_13_02_15:53:12"
"RO_LA_43","LA",43,"C_EGD_409","Aqua_Vitae","LEM","07_05_01_10:35:39","LEM","07_05_01_10:35:45"
"RO_LA_44","LA",44,"C_EGD_385","Salt","LEM","07_16_01_16:07:59","LEM","07_16_01_16:08:00"
"RO_LA_440","LA",440,"C_EGD_166","Cloth","LEM","04_17_02_22:25:29","LEM","04_17_02_22:25:30"
"RO_LA_441","LA",441,"C_EGD_166","Water","LEM","04_17_02_22:25:33","LEM","04_17_02_22:25:39"
"RO_LA_443","LA",443,"C_EGD_1094","Shirt","LEM","05_02_02_15:31:58","LEM","05_02_02_15:32:08"
"RO_LA_444","LA",444,"C_EGD_1094","Bannock","LEM","05_02_02_15:33:41","LEM","05_02_02_15:33:42"
"RO_LA_445","LA",445,"C_EGD_1094","Powder","LEM","05_02_02_15:33:42","LEM","05_02_02_15:33:46"
"RO_LA_446","LA",446,"C_EGD_1094","Amulet","LEM","05_02_02_15:40:33","LEM","05_02_02_15:40:47"
"RO_LA_447","LA",447,"C_EGD_1094","Nail","LEM","05_02_02_15:41:08","LEM","05_02_02_15:41:21"
"RO_LA_448","LA",448,"C_EGD_1094","Water","LEM","05_02_02_15:45:44","LEM","05_02_02_15:45:44"
"RO_LA_449","LA",449,"C_EGD_1094","Stones","LEM","05_02_02_15:55:58","LEM","05_02_02_15:56:01"
"RO_LA_450","LA",450,"C_EGD_162","Fire","LEM","05_06_02_20:14:12","LEM","05_06_02_20:14:14"
"RO_LA_451","LA",451,"C_EGD_166","Bird_(dead)","LEM","05_07_02_10:34:31","LEM","05_07_02_10:34:38"
"RO_LA_452","LA",452,"C_LA_2949","Flesh","LEM","05_09_02_12:00:19","LEM","05_09_02_12:00:21"
"RO_LA_5","LA",5,"C_EGD_160","Flask_of_Water","LEM","05_17_01_10:54:00","LEM","05_17_01_10:54:04"
"RO_LA_501","LA",501,"C_EGD_964","Meal","LEM","06_17_02_11:03:19","LEM","06_17_02_11:03:24"
"RO_LA_502","LA",502,"C_EGD_1284","Bone","LEM","06_17_02_12:02:09","LEM","06_17_02_12:02:12"
"RO_LA_503","LA",503,"C_EGD_2264","Bannock","LEM","06_19_02_11:12:28","LEM","06_19_02_11:12:28"
"RO_LA_504","LA",504,"C_EGD_2264","Water","LEM","06_19_02_11:12:29","LEM","06_19_02_11:12:35"
"RO_LA_505","LA",505,"C_EGD_2264","Thread","LEM","06_19_02_11:12:36","jhm","11_13_02_12:50:21"
"RO_LA_506","LA",506,"C_EGD_2212","Egg","LEM","06_19_02_12:01:07","LEM","06_19_02_12:01:09"
"RO_LA_507","LA",507,"C_EGD_2212","Herb","LEM","06_19_02_12:09:41","LEM","06_19_02_12:09:44"
"RO_LA_508","LA",508,"C_EGD_2220","Sea_Nut","LEM","06_19_02_14:03:52","LEM","06_19_02_14:04:17"
"RO_LA_509","LA",509,"C_EGD_2220","Hook","LEM","06_19_02_14:04:28","LEM","06_19_02_14:04:29"
"RO_LA_510","LA",510,"C_EGD_2219","Thread","LEM","06_19_02_14:25:19","jhm","11_13_02_12:50:34"
"RO_LA_511","LA",511,"C_LA_3054","Thread","LEM","06_19_02_15:11:16","jhm","11_13_02_12:50:50"
"RO_LA_512","LA",512,"C_EGD_2245","Blood_(animal)","LEM","06_19_02_15:19:36","LEM","06_19_02_15:19:40"
"RO_LA_513","LA",513,"C_EGD_2210","Thread","LEM","06_19_02_15:42:03","jhm","11_13_02_12:51:20"
"RO_LA_514","LA",514,"C_EGD_2210","Stones","LEM","06_19_02_15:44:17","LEM","06_19_02_15:44:18"
"RO_LA_515","LA",515,"C_EGD_2210","Earth","LEM","06_19_02_15:44:19","LEM","06_19_02_15:44:30"
"RO_LA_516","LA",516,"C_EGD_2234","Water","LEM","06_19_02_15:49:09","LEM","06_19_02_15:49:10"
"RO_LA_517","LA",517,"C_EGD_2234","Knife","LEM","06_19_02_15:49:10","LEM","06_19_02_15:49:12"
"RO_LA_518","LA",518,"C_EGD_2234","Corn","LEM","06_19_02_15:49:55","LEM","06_19_02_15:50:10"
"RO_LA_519","LA",519,"C_EGD_2257","Coin","LEM","06_19_02_16:10:45","LEM","06_19_02_16:10:57"
"RO_LA_520","LA",520,"C_EGD_2215","Ash","LEM","06_19_02_16:16:12","LEM","06_19_02_16:16:16"
"RO_LA_521","LA",521,"C_EGD_2215","Cloth","LEM","06_19_02_16:16:17","LEM","06_19_02_16:16:18"
"RO_LA_522","LA",522,"C_EGD_2255","Cloth","LEM","06_19_02_16:18:49","LEM","06_19_02_16:18:49"
"RO_LA_523","LA",523,"C_EGD_2255","Hair","LEM","06_19_02_16:18:50","jhm","11_13_02_13:54:30"
"RO_LA_524","LA",524,"C_EGD_2255","Salt_water","LEM","06_19_02_16:19:41","LEM","06_19_02_16:19:48"
"RO_LA_525","LA",525,"C_EGD_2263","Water","LEM","06_19_02_16:28:05","LEM","06_19_02_16:28:06"
"RO_LA_526","LA",526,"C_EGD_2263","Stones","LEM","06_19_02_16:28:43","LEM","06_19_02_16:28:46"
"RO_LA_527","LA",527,"C_EGD_2256","Stones","LEM","06_20_02_12:02:29","LEM","06_20_02_12:02:31"
"RO_LA_528","LA",528,"C_EGD_2256","Water","LEM","06_20_02_12:02:31","LEM","06_20_02_12:02:32"
"RO_LA_529","LA",529,"C_EGD_2256","Lead","LEM","06_20_02_12:02:34","jhm","11_13_02_12:29:26"
"RO_LA_530","LA",530,"C_EGD_2256","Wax","LEM","06_20_02_12:02:36","jhm","11_13_02_12:33:11"
"RO_LA_531","LA",531,"C_EGD_2256","Herb","LEM","06_20_02_12:03:53","LEM","06_20_02_12:03:55"
"RO_LA_532","LA",532,"C_EGD_2256","Oil","LEM","06_20_02_12:03:55","LEM","06_20_02_12:03:57"
"RO_LA_533","LA",533,"C_EGD_2256","Aqua_Vitae","LEM","06_20_02_12:04:41","LEM","06_20_02_12:05:25"
"RO_LA_534","LA",534,"C_LA_3054","Salt","LEM","06_20_02_12:10:31","LEM","06_20_02_12:10:32"
"RO_LA_535","LA",535,"C_LA_3054","Cloth","LEM","06_20_02_12:10:59","LEM","06_20_02_12:11:01"
"RO_LA_536","LA",536,"C_LA_3054","Herb","LEM","06_20_02_12:13:29","LEM","06_20_02_12:13:42"
"RO_LA_559","LA",559,"C_EGD_699","Wax_clay_images","LEM","07_09_02_18:13:40","LEM","07_09_02_18:13:48"
"RO_LA_560","LA",560,"C_LA_3102","Clay","LEM","07_10_02_09:14:41","jhm","11_13_02_12:27:15"
"RO_LA_561","LA",561,"C_LA_3102","Thread","LEM","07_10_02_09:14:47","jhm","11_13_02_12:27:37"
"RO_LA_562","LA",562,"C_LA_3102","Snail","LEM","07_10_02_09:14:51","LEM","07_10_02_09:14:55"
"RO_LA_563","LA",563,"C_LA_3102","Watercress","LEM","07_10_02_09:14:58","LEM","07_10_02_09:15:07"
"RO_LA_564","LA",564,"C_EGD_129","Cloth","LEM","07_10_02_09:27:18","jhm","10_03_02_12:24:00"
"RO_LA_565","LA",565,"C_EGD_129","Iron","LEM","07_10_02_09:27:27","LEM","07_10_02_09:27:32"
"RO_LA_566","LA",566,"C_EGD_129","Herb","LEM","07_10_02_09:30:45","LEM","07_10_02_09:30:47"
"RO_LA_567","LA",567,"C_EGD_129","Water","LEM","07_10_02_09:30:48","LEM","07_10_02_09:30:50"
"RO_LA_568","LA",568,"C_EGD_217","Rowan_tree","LEM","07_10_02_10:05:35","LEM","07_10_02_10:05:37"
"RO_LA_569","LA",569,"C_EGD_217","Cat","LEM","07_10_02_10:09:46","LEM","07_10_02_10:09:47"
"RO_LA_570","LA",570,"C_EGD_212","Belt","LEM","07_10_02_13:19:28","LEM","07_10_02_13:19:29"
"RO_LA_571","LA",571,"C_EGD_1605","Herb","LEM","07_12_02_09:48:52","LEM","07_12_02_09:48:55"
"RO_LA_572","LA",572,"C_EGD_1605","Water","LEM","07_12_02_09:48:56","LEM","07_12_02_09:49:07"
"RO_LA_573","LA",573,"C_EGD_1605","Flesh","LEM","07_12_02_09:56:25","LEM","07_12_02_09:57:07"
"RO_LA_574","LA",574,"C_EGD_785","Fire","LEM","07_15_02_10:55:08","LEM","07_15_02_10:55:10"
"RO_LA_575","LA",575,"C_EGD_785","Smoke","LEM","07_15_02_10:56:01","LEM","07_15_02_10:56:05"
"RO_LA_576","LA",576,"C_EGD_785","Belt","LEM","07_15_02_11:01:33","LEM","07_15_02_11:02:00"
"RO_LA_577","LA",577,"C_LA_3130","Cloth","LEM","07_15_02_12:08:36","LEM","07_15_02_12:08:38"
"RO_LA_578","LA",578,"C_LA_3130","Powder","LEM","07_15_02_12:08:39","LEM","07_15_02_12:08:42"
"RO_LA_579","LA",579,"C_EGD_317","Water","LEM","07_18_02_09:25:23","LEM","07_18_02_09:25:38"
"RO_LA_580","LA",580,"C_EGD_317","Belt","LEM","07_18_02_09:29:07","LEM","07_18_02_09:29:09"
"RO_LA_581","LA",581,"C_EGD_317","Thread","LEM","07_18_02_09:29:09","jhm","11_13_02_12:52:09"
"RO_LA_582","LA",582,"C_EGD_316","Water","LEM","07_18_02_09:33:30","LEM","07_18_02_09:33:32"
"RO_LA_583","LA",583,"C_EGD_316","Meal","LEM","07_18_02_09:33:35","LEM","07_18_02_09:33:36"
"RO_LA_584","LA",584,"C_EGD_316","Straw","LEM","07_18_02_09:33:36","LEM","07_18_02_09:33:41"
"RO_LA_585","LA",585,"C_EGD_316","Horseshoe","LEM","07_18_02_09:33:52","LEM","07_18_02_09:33:54"
"RO_LA_586","LA",586,"C_EGD_316","Hook","LEM","07_18_02_09:33:54","LEM","07_18_02_09:33:55"
"RO_LA_587","LA",587,"C_EGD_316","Flesh","LEM","07_18_02_09:33:56","LEM","07_18_02_09:34:00"
"RO_LA_588","LA",588,"C_EGD_292","Flesh","LEM","07_18_02_11:34:24","LEM","07_18_02_11:34:30"
"RO_LA_589","LA",589,"C_EGD_292","Cloth","LEM","07_18_02_11:34:41","LEM","07_18_02_11:35:01"
"RO_LA_590","LA",590,"C_EGD_791","Thread","LEM","07_19_02_11:12:21","jhm","11_13_02_12:52:52"
"RO_LA_591","LA",591,"C_EGD_791","Cloth","LEM","07_19_02_11:12:23","LEM","07_19_02_11:12:34"
"RO_LA_592","LA",592,"C_EGD_789","Salt","LEM","07_19_02_11:53:45","LEM","07_19_02_11:53:47"
"RO_LA_593","LA",593,"C_EGD_789","Herb","LEM","07_19_02_11:54:38","LEM","07_19_02_11:54:51"
"RO_LA_594","LA",594,"C_LA_3135","Straw","LEM","07_19_02_12:49:08","LEM","07_19_02_12:49:22"
"RO_LA_595","LA",595,"C_EGD_796","Straw","LEM","07_19_02_12:58:55","LEM","07_19_02_12:59:20"
"RO_LA_596","LA",596,"C_EGD_785","Straw","LEM","07_19_02_13:00:22","LEM","07_19_02_13:00:24"
"RO_LA_597","LA",597,"C_EGD_798","Stones","LEM","07_23_02_15:05:10","LEM","07_23_02_15:06:20"
"RO_LA_598","LA",598,"C_EGD_33","Thread","LEM","07_24_02_10:42:03","jhm","11_13_02_12:53:22"
"RO_LA_599","LA",599,"C_EGD_33","Shears","LEM","07_24_02_10:42:05","LEM","07_24_02_10:42:06"
"RO_LA_6","LA",6,"C_EGD_162","Nettle","LEM","05_18_01_13:04:41","LEM","05_18_01_13:04:44"
"RO_LA_600","LA",600,"C_EGD_28","Shirt","LEM","07_24_02_12:21:36","LEM","07_24_02_12:21:38"
"RO_LA_601","LA",601,"C_EGD_28","Herb","LEM","07_24_02_12:33:47","LEM","07_24_02_12:33:48"
"RO_LA_602","LA",602,"C_EGD_28","Water","LEM","07_24_02_12:33:49","LEM","07_24_02_12:33:51"
"RO_LA_603","LA",603,"C_EGD_124","Wax_clay_images","LEM","07_24_02_13:20:47","LEM","07_24_02_13:20:55"
"RO_LA_604","LA",604,"C_EGD_124","Flesh","LEM","07_24_02_13:21:36","LEM","07_24_02_13:21:38"
"RO_LA_605","LA",605,"C_EGD_124","Snake_skin","LEM","07_24_02_13:21:41","LEM","07_24_02_13:21:43"
"RO_LA_606","LA",606,"C_EGD_53","Water","LEM","07_24_02_14:40:31","LEM","07_24_02_14:40:34"
"RO_LA_607","LA",607,"C_EGD_53","Wax_clay_images","LEM","07_24_02_14:42:58","LEM","07_24_02_14:43:02"
"RO_LA_608","LA",608,"C_EGD_57","Herb","LEM","07_24_02_15:06:24","LEM","07_24_02_15:06:27"
"RO_LA_609","LA",609,"C_EGD_120","Wax","LEM","07_26_02_09:55:27","jhm","11_13_02_12:33:17"
"RO_LA_610","LA",610,"C_EGD_63","Egg","LEM","07_26_02_10:46:59","LEM","07_26_02_10:47:00"
"RO_LA_611","LA",611,"C_EGD_63","Vinegar","LEM","07_26_02_10:47:01","LEM","11_11_02_11:15:11"
"RO_LA_612","LA",612,"C_EGD_63","Wine","LEM","07_26_02_10:47:07","LEM","07_26_02_10:47:08"
"RO_LA_613","LA",613,"C_EGD_63","Aqua_Vitae","LEM","07_26_02_10:47:42","LEM","07_26_02_10:47:44"
"RO_LA_614","LA",614,"C_LA_3142","Wax","LEM","07_26_02_11:57:01","jhm","11_13_02_12:33:41"
"RO_LA_615","LA",615,"C_EGD_142","Egg","LEM","07_26_02_13:19:38","LEM","07_26_02_13:19:39"
"RO_LA_616","LA",616,"C_EGD_142","Almond","LEM","07_26_02_13:19:40","LEM","07_26_02_13:19:44"
"RO_LA_617","LA",617,"C_EGD_323","Herb","LEM","07_30_02_10:51:00","LEM","07_30_02_10:51:04"
"RO_LA_618","LA",618,"C_EGD_323","Water","LEM","07_30_02_10:51:39","LEM","07_30_02_10:51:41"
"RO_LA_619","LA",619,"C_EGD_1474","Flesh","LEM","08_20_02_14:49:10","LEM","08_20_02_14:49:13"
"RO_LA_620","LA",620,"C_EGD_1474","Wax_clay_images","LEM","08_20_02_15:06:55","LEM","08_20_02_15:06:59"
"RO_LA_621","LA",621,"C_EGD_1558","Corpse","LEM","08_22_02_10:45:30","LEM","08_22_02_10:45:41"
"RO_LA_622","LA",622,"C_EGD_1558","Nail_trimmings","LEM","08_22_02_10:45:43","LEM","08_22_02_10:46:15"
"RO_LA_623","LA",623,"C_EGD_1558","Grain","LEM","08_22_02_10:46:22","LEM","08_22_02_10:46:31"
"RO_LA_624","LA",624,"C_EGD_1558","Herb","LEM","08_22_02_10:46:52","LEM","08_22_02_10:46:56"
"RO_LA_625","LA",625,"C_EGD_1558","Wax_clay_images","LEM","08_22_02_11:01:21","LEM","08_22_02_11:01:31"
"RO_LA_626","LA",626,"C_EGD_1558","Thread","LEM","08_22_02_11:09:24","jhm","11_13_02_12:53:46"
"RO_LA_628","LA",628,"C_EGD_1558","Water","LEM","08_22_02_11:19:40","LEM","08_22_02_11:19:40"
"RO_LA_629","LA",629,"C_EGD_1558","Beetle","LEM","08_22_02_11:19:41","LEM","08_22_02_11:19:43"
"RO_LA_630","LA",630,"C_EGD_1558","Toad","LEM","08_22_02_11:27:17","LEM","08_22_02_11:27:18"
"RO_LA_631","LA",631,"C_EGD_1558","Flesh","LEM","08_22_02_11:27:24","LEM","08_22_02_11:27:26"
"RO_LA_633","LA",633,"C_EGD_1558","Liver","LEM","08_22_02_11:27:50","LEM","08_22_02_11:27:51"
"RO_LA_634","LA",634,"C_EGD_1558","Cloth","LEM","08_22_02_11:27:52","LEM","08_22_02_11:27:54"
"RO_LA_635","LA",635,"C_EGD_597","Herb","LEM","08_28_02_11:28:53","LEM","08_28_02_11:29:04"
"RO_LA_636","LA",636,"C_LA_3277","Herb","LEM","08_28_02_17:41:51","LEM","08_28_02_17:41:52"
"RO_LA_637","LA",637,"C_LA_3278","Herb","LEM","08_28_02_17:46:02","LEM","08_28_02_17:46:05"
"RO_LA_645","LA",645,"C_EGD_1998","Sieve","LEM","09_17_02_14:56:25","LEM","09_17_02_14:56:30"
"RO_LA_657","LA",657,"C_LA_2638","Caird","LEM","10_29_02_12:23:37","LEM","10_29_02_12:24:27"
"RO_LA_680","LA",680,"C_EGD_791","Toad","LEM","11_05_02_16:39:06","LEM","11_05_02_16:39:08"
"RO_LA_681","LA",681,"C_EGD_597","Hair","LEM","11_06_02_10:40:59","jhm","11_13_02_13:55:17"
"RO_LA_682","LA",682,"C_EGD_597","Nail_trimmings","LEM","11_06_02_10:41:05","LEM","11_06_02_10:41:16"
"RO_LA_683","LA",683,"C_EGD_597","Shirt","LEM","11_06_02_10:41:17","LEM","11_06_02_10:41:19"
"RO_LA_684","LA",684,"C_EGD_597","Fire","LEM","11_06_02_10:42:02","LEM","11_06_02_10:42:07"
"RO_LA_685","LA",685,"C_EGD_597","Yarn","LEM","11_06_02_10:44:21","LEM","11_06_02_10:44:25"
"RO_LA_686","LA",686,"C_EGD_1224","Bird_(dead)","LEM","11_18_02_15:48:08","LEM","11_18_02_15:48:10"
"RO_LA_687","LA",687,"C_EGD_1224","Hand_(dead)","LEM","11_18_02_15:48:10","LEM","11_18_02_15:48:13"
"RO_LA_688","LA",688,"C_EGD_1224","Wax_clay_images","LEM","11_18_02_15:56:01","LEM","11_18_02_15:56:05"
"RO_LA_689","LA",689,"C_EGD_1225","Shirt","LEM","11_18_02_16:07:22","LEM","11_18_02_16:07:30"
"RO_LA_690","LA",690,"C_EGD_1225","Bird_(dead)","LEM","11_18_02_16:07:31","LEM","11_18_02_16:07:32"
"RO_LA_691","LA",691,"C_EGD_1225","Hand_(dead)","LEM","11_18_02_16:07:32","LEM","11_18_02_16:07:35"
"RO_LA_692","LA",692,"C_EGD_1225","Shoes","LEM","11_18_02_16:08:19","LEM","11_18_02_16:08:22"
"RO_LA_693","LA",693,"C_EGD_170","Wheat","LEM","11_18_02_16:45:09","LEM","11_18_02_16:45:11"
"RO_LA_7","LA",7,"C_EGD_162","Urine","LEM","05_18_01_13:04:46","jhm","10_18_02_16:14:17"
"RO_LA_70","LA",70,"C_EGD_576","Cloth","LEM","09_05_01_10:30:40","LEM","09_05_01_10:30:47"
"RO_LA_71","LA",71,"C_EGD_576","Herb","LEM","09_05_01_10:30:48","LEM","09_05_01_10:30:58"
"RO_LA_72","LA",72,"C_LA_2876","Stones","LEM","09_06_01_13:24:11","LEM","09_06_01_13:24:13"
"RO_LA_73","LA",73,"C_EGD_1244","Stones","LEM","09_06_01_13:34:09","LEM","09_06_01_13:34:12"
"RO_LA_74","LA",74,"C_EGD_1245","Stones","LEM","09_06_01_13:40:25","LEM","09_06_01_13:40:26"
"RO_LA_75","LA",75,"C_EGD_1246","Stones","LEM","09_06_01_13:41:47","LEM","09_06_01_13:41:49"
"RO_LA_76","LA",76,"C_EGD_1247","Stones","LEM","09_06_01_13:50:43","LEM","09_06_01_13:50:45"
"RO_LA_77","LA",77,"C_EGD_1248","Stones","LEM","09_06_01_15:07:37","LEM","09_06_01_15:07:39"
"RO_LA_78","LA",78,"C_EGD_1249","Stones","LEM","09_06_01_15:08:43","LEM","09_06_01_15:08:45"
"RO_LA_79","LA",79,"C_EGD_1250","Stones","LEM","09_06_01_15:11:24","LEM","09_06_01_15:11:27"
"RO_LA_8","LA",8,"C_EGD_166","Cat","LEM","05_21_01_11:26:01","LEM","05_21_01_11:26:04"
"RO_LA_80","LA",80,"C_EGD_1251","Stones","LEM","09_06_01_15:12:21","LEM","09_06_01_15:12:23"
"RO_LA_81","LA",81,"C_EGD_1252","Stones","LEM","09_06_01_15:14:39","LEM","09_06_01_15:14:41"
"RO_LA_82","LA",82,"C_EGD_1242","Stones","LEM","09_06_01_15:21:57","LEM","09_06_01_15:22:00"
"RO_LA_83","LA",83,"C_EGD_1243","Stones","LEM","09_06_01_15:22:17","LEM","09_06_01_15:22:21"
"RO_LA_84","LA",84,"C_EGD_34","Herb","LEM","09_25_01_12:03:27","LEM","09_25_01_12:03:59"
"RO_LA_85","LA",85,"C_EGD_136","Garland","LEM","09_25_01_16:01:57","LEM","09_25_01_16:02:01"
"RO_LA_86","LA",86,"C_EGD_137","Salt","LEM","09_25_01_16:49:56","LEM","09_25_01_16:50:17"
"RO_LA_87","LA",87,"C_EGD_137","Thread","LEM","09_25_01_16:51:12","jhm","11_13_02_13:41:02"
"RO_LA_88","LA",88,"C_EGD_140","Hairbelt","LEM","09_25_01_17:04:00","LEM","09_25_01_17:04:08"
"RO_LA_89","LA",89,"C_EGD_140","Corpse","LEM","09_25_01_17:05:21","LEM","09_25_01_17:05:45"
"RO_LA_9","LA",9,"C_EGD_166","Camomile","LEM","05_21_01_11:26:05","LEM","05_21_01_11:26:13"
"RO_LA_94","LA",94,"C_EGD_147","Cat","LEM","09_26_01_16:04:17","LEM","09_26_01_16:04:18"
