DemonicRef,DemonicSystemId,DemonicID,CaseRef,Demonic_Type,Demonic_Text,Createdby,Createdate,Lastupdatedby,Lastupdatedon
"DP_JO_101","JO",101,"C_EGD_1036","Paction",,"jhm","07_02_01_12:51:42","jhm","07_02_01_13:28:52"
"DP_JO_102","JO",102,"C_EGD_1035","Paction",,"jhm","07_02_01_13:00:34","jhm","07_02_01_13:28:45"
"DP_JO_103","JO",103,"C_EGD_1037","Paction",,"jhm","07_02_01_13:15:30","jhm","07_02_01_13:28:05"
"DP_JO_104","JO",104,"C_JO_2785","Paction",,"jhm","07_02_01_13:33:52","jhm","07_02_01_13:33:53"
"DP_JO_105","JO",105,"C_JO_2786","Paction",,"jhm","07_02_01_14:56:21","jhm","07_02_01_14:56:22"
"DP_JO_106","JO",106,"C_EGD_1047","Paction",,"jhm","07_02_01_15:09:37","jhm","07_02_01_15:09:38"
"DP_JO_107","JO",107,"C_EGD_1049","Paction",,"jhm","07_02_01_15:28:35","jhm","07_02_01_15:28:36"
"DP_JO_108","JO",108,"C_EGD_1030","Paction",,"jhm","07_02_01_15:58:08","jhm","07_02_01_15:58:09"
"DP_JO_109","JO",109,"C_EGD_1048","Paction",,"jhm","07_02_01_16:05:58","jhm","07_02_01_16:06:00"
"DP_JO_110","JO",110,"C_EGD_1031","Paction",,"jhm","07_02_01_16:18:04","jhm","07_02_01_16:18:05"
"DP_JO_111","JO",111,"C_EGD_1032","Paction",,"jhm","07_02_01_16:27:15","jhm","07_02_01_16:27:16"
"DP_JO_112","JO",112,"C_EGD_1033","Paction",,"jhm","07_03_01_09:26:43","jhm","07_03_01_09:26:44"
"DP_JO_113","JO",113,"C_EGD_1034","Paction",,"jhm","07_03_01_09:38:50","jhm","07_03_01_09:38:52"
"DP_JO_114","JO",114,"C_JO_2786","Anti-baptism",,"jhm","07_03_01_10:50:49","jhm","07_03_01_10:50:54"
"DP_JO_115","JO",115,"C_JO_2785","Anti-baptism",,"jhm","07_03_01_10:59:58","jhm","07_03_01_11:00:00"
"DP_JO_154","JO",154,"C_JO_2798","Bond_Band",,"jhm","07_05_01_10:44:46","jhm","07_05_01_10:44:49"
"DP_JO_155","JO",155,"C_JO_2798","Devil's_Mark",,"jhm","07_05_01_10:45:23","jhm","07_05_01_10:45:25"
"DP_JO_156","JO",156,"C_JO_2798","New_name",,"jhm","07_05_01_10:45:26","jhm","07_05_01_10:45:28"
"DP_JO_157","JO",157,"C_JO_2799","Bond_Band",,"jhm","07_05_01_11:40:15","jhm","07_05_01_11:40:17"
"DP_JO_158","JO",158,"C_JO_2799","Devil's_Mark",,"jhm","07_05_01_11:40:18","jhm","07_05_01_11:40:20"
"DP_JO_159","JO",159,"C_JO_2799","New_name",,"jhm","07_05_01_11:40:25","jhm","07_05_01_11:40:27"
"DP_JO_160","JO",160,"C_JO_2810","Devil's_Mark",,"jhm","07_09_01_10:49:07","jhm","07_09_01_10:49:09"
"DP_JO_161","JO",161,"C_JO_2830","Anti-baptism",,"jhm","07_10_01_10:04:55","jhm","07_10_01_10:04:55"
"DP_JO_162","JO",162,"C_JO_2830","Servant",,"jhm","07_10_01_10:05:07","jhm","07_10_01_10:05:10"
"DP_JO_163","JO",163,"C_JO_2830","Head_and_foot",,"jhm","07_10_01_10:05:15","jhm","07_10_01_10:05:18"
"DP_JO_164","JO",164,"C_LA_2786","Servant","later_denied","jhm","07_10_01_10:34:08","jhm","07_11_01_10:21:05"
"DP_JO_165","JO",165,"C_LA_2786","Head_and_foot",,"jhm","07_10_01_10:34:13","jhm","07_10_01_10:34:15"
"DP_JO_166","JO",166,"C_LA_2786","Body_and_soul",,"jhm","07_10_01_10:34:16","jhm","07_10_01_10:34:30"
"DP_JO_171","JO",171,"C_LA_2786","Devil's_Mark",,"jhm","07_10_01_11:02:51","jhm","07_10_01_11:02:54"
"DP_JO_173","JO",173,"C_EGD_402","Devil's_Mark",,"jhm","07_10_01_11:05:20","jhm","07_10_01_11:05:20"
"DP_JO_174","JO",174,"C_EGD_402","Head_and_foot",,"jhm","07_10_01_11:06:51","jhm","07_10_01_11:06:52"
"DP_JO_175","JO",175,"C_EGD_402","Anti-baptism","later_denied_this","jhm","07_10_01_11:07:05","jhm","07_11_01_10:07:00"
"DP_JO_176","JO",176,"C_LA_2785","Anti-baptism",,"jhm","07_10_01_12:04:51","jhm","07_10_01_12:04:52"
"DP_JO_177","JO",177,"C_LA_2785","Servant",,"jhm","07_10_01_12:04:55","jhm","07_10_01_12:04:56"
"DP_JO_178","JO",178,"C_LA_2785","Devil's_Mark",,"jhm","07_10_01_12:05:29","jhm","07_10_01_12:05:31"
"DP_JO_179","JO",179,"C_LA_2785","Head_and_foot",,"jhm","07_10_01_12:05:34","jhm","07_10_01_12:05:35"
"DP_JO_180","JO",180,"C_EGD_395","Anti-baptism",,"jhm","07_10_01_12:42:56","jhm","07_10_01_12:42:57"
"DP_JO_181","JO",181,"C_EGD_395","Body_and_soul",,"jhm","07_10_01_12:43:01","jhm","07_10_01_12:43:02"
"DP_JO_182","JO",182,"C_EGD_395","Servant",,"jhm","07_10_01_12:43:04","jhm","07_10_01_12:43:05"
"DP_JO_183","JO",183,"C_EGD_395","Devil's_Mark",,"jhm","07_10_01_12:43:09","jhm","07_10_01_12:43:11"
"DP_JO_184","JO",184,"C_EGD_395","Sex","lay_with_her","jhm","07_10_01_12:43:18","jhm","07_11_01_09:49:53"
"DP_JO_185","JO",185,"C_EGD_397","Anti-baptism",,"jhm","07_10_01_13:00:06","jhm","07_10_01_13:00:06"
"DP_JO_186","JO",186,"C_EGD_397","Servant",,"jhm","07_10_01_13:00:10","jhm","07_10_01_13:00:12"
"DP_JO_187","JO",187,"C_EGD_397","Body_and_soul",,"jhm","07_10_01_13:00:14","jhm","07_10_01_13:00:14"
"DP_JO_188","JO",188,"C_EGD_397","Head_and_foot",,"jhm","07_10_01_13:00:16","jhm","07_10_01_13:00:17"
"DP_JO_189","JO",189,"C_EGD_397","Devil's_Mark",,"jhm","07_10_01_13:00:24","jhm","07_10_01_13:00:25"
"DP_JO_190","JO",190,"C_EGD_396","Paction",,"jhm","07_10_01_15:32:17","jhm","07_10_01_15:32:18"
"DP_JO_191","JO",191,"C_EGD_396","Servant",,"jhm","07_10_01_15:32:20","jhm","07_10_01_15:32:20"
"DP_JO_192","JO",192,"C_EGD_396","Anti-baptism",,"jhm","07_10_01_15:32:30","jhm","07_10_01_15:32:30"
"DP_JO_193","JO",193,"C_EGD_396","Sex",,"jhm","07_10_01_15:32:46","jhm","07_10_01_15:32:51"
"DP_JO_194","JO",194,"C_EGD_1954","Servant",,"jhm","07_10_01_15:37:07","jhm","07_10_01_15:39:46"
"DP_JO_195","JO",195,"C_EGD_1954","Devil's_Mark",,"jhm","07_10_01_15:39:47","jhm","07_10_01_15:39:48"
"DP_JO_196","JO",196,"C_EGD_1954","Sex",,"jhm","07_10_01_15:42:13","jhm","07_10_01_15:42:17"
"DP_JO_199","JO",199,"C_EGD_401","Body_and_soul",,"jhm","07_10_01_16:09:15","jhm","07_10_01_16:09:16"
"DP_JO_200","JO",200,"C_EGD_395","Head_and_foot",,"jhm","07_11_01_09:49:54","jhm","07_11_01_09:50:01"
"DP_JO_201","JO",201,"C_JO_2832","Servant",,"jhm","07_11_01_10:58:40","jhm","07_11_01_10:58:42"
"DP_JO_202","JO",202,"C_JO_2832","Anti-baptism",,"jhm","07_11_01_10:58:43","jhm","07_11_01_10:58:44"
"DP_JO_203","JO",203,"C_JO_2832","Head_and_foot",,"jhm","07_11_01_10:58:49","jhm","07_11_01_10:58:50"
"DP_JO_204","JO",204,"C_JO_2832","Sex",,"jhm","07_11_01_10:58:52","jhm","07_11_01_10:58:53"
"DP_JO_21","JO",21,"C_EGD_2121","tacit_pact","servant_mentioned_by_prosecution","jhm","06_05_01_14:51:30","jhm","06_05_01_14:53:28"
"DP_JO_228","JO",228,"C_EGD_400","Devil's_Mark","shoulder","jhm","07_16_01_09:18:16","jhm","07_16_01_09:23:36"
"DP_JO_229","JO",229,"C_EGD_408","Anti-baptism",,"jhm","07_16_01_15:52:12","jhm","07_16_01_15:52:14"
"DP_JO_27","JO",27,"C_EGD_1324","Servant",,"jhm","06_13_01_12:37:08","jhm","06_13_01_12:37:29"
"DP_JO_272","JO",272,"C_JO_2834","Anti-baptism",,"jhm","07_25_01_11:23:38","jhm","07_25_01_11:23:38"
"DP_JO_273","JO",273,"C_JO_2834","Sex",,"jhm","07_25_01_11:23:42","jhm","07_25_01_11:23:50"
"DP_JO_274","JO",274,"C_JO_2834","Paction",,"jhm","07_25_01_11:24:19","jhm","07_25_01_11:24:21"
"DP_JO_275","JO",275,"C_EGD_1817","Paction",,"jhm","07_31_01_13:31:19","jhm","07_31_01_13:31:22"
"DP_JO_276","JO",276,"C_EGD_1817","Anti-baptism",,"jhm","07_31_01_13:34:08","jhm","07_31_01_13:34:10"
"DP_JO_277","JO",277,"C_EGD_1817","Body_and_soul",,"jhm","07_31_01_13:34:32","jhm","07_31_01_13:34:33"
"DP_JO_278","JO",278,"C_EGD_1817","Head_and_foot",,"jhm","07_31_01_13:34:49","jhm","07_31_01_13:34:50"
"DP_JO_279","JO",279,"C_EGD_1817","Devil's_Mark","on_neck","jhm","07_31_01_13:35:08","jhm","07_31_01_13:35:18"
"DP_JO_28","JO",28,"C_EGD_1324","Devil's_Mark","nip_on_left_shoulder","jhm","06_13_01_12:37:54","jhm","06_13_01_12:38:42"
"DP_JO_281","JO",281,"C_EGD_1862","Anti-baptism",,"jhm","07_31_01_14:44:11","jhm","07_31_01_14:44:12"
"DP_JO_282","JO",282,"C_EGD_1862","Sex",,"jhm","07_31_01_14:44:15","jhm","07_31_01_14:44:17"
"DP_JO_283","JO",283,"C_EGD_1862","Devil's_Mark","right_side_of_neck","jhm","07_31_01_14:45:20","jhm","07_31_01_14:45:36"
"DP_JO_284","JO",284,"C_EGD_1862","Servant",,"jhm","07_31_01_14:45:37","jhm","07_31_01_14:45:37"
"DP_JO_285","JO",285,"C_EGD_1859","Servant",,"jhm","07_31_01_15:25:09","jhm","07_31_01_15:25:10"
"DP_JO_286","JO",286,"C_EGD_1859","Head_and_foot",,"jhm","07_31_01_15:25:12","jhm","07_31_01_15:25:13"
"DP_JO_287","JO",287,"C_EGD_1859","Anti-baptism",,"jhm","07_31_01_15:25:15","jhm","07_31_01_15:25:15"
"DP_JO_288","JO",288,"C_EGD_1859","Want_nothing",,"jhm","07_31_01_15:25:38","jhm","07_31_01_15:25:43"
"DP_JO_289","JO",289,"C_EGD_1859","New_name","Willie","jhm","07_31_01_15:25:55","jhm","07_31_01_15:26:54"
"DP_JO_29","JO",29,"C_EGD_1324","Anti-baptism",,"jhm","06_13_01_12:40:24","jhm","06_13_01_12:40:33"
"DP_JO_290","JO",290,"C_EGD_1859","Devil's_Mark","on_right_hand","jhm","07_31_01_15:25:58","jhm","07_31_01_15:27:39"
"DP_JO_291","JO",291,"C_EGD_1860","Anti-baptism",,"jhm","07_31_01_15:44:12","jhm","07_31_01_15:44:12"
"DP_JO_292","JO",292,"C_EGD_1860","Body_and_soul",,"jhm","07_31_01_15:44:27","jhm","07_31_01_15:44:28"
"DP_JO_293","JO",293,"C_EGD_2444","Anti-baptism",,"jhm","08_02_01_15:49:38","jhm","08_02_01_15:49:39"
"DP_JO_294","JO",294,"C_EGD_2444","Paction",,"jhm","08_02_01_15:49:44","jhm","08_02_01_15:49:45"
"DP_JO_295","JO",295,"C_EGD_1770","Devil's_Mark","shoulder","jhm","08_16_01_10:16:45","jhm","08_16_01_10:17:01"
"DP_JO_296","JO",296,"C_EGD_1770","Anti-baptism",,"jhm","08_16_01_10:22:14","jhm","08_16_01_10:22:18"
"DP_JO_297","JO",297,"C_EGD_1757","Devil's_Mark",,"jhm","08_17_01_12:06:25","jhm","08_17_01_12:06:28"
"DP_JO_298","JO",298,"C_EGD_1758","Devil's_Mark",,"jhm","08_17_01_12:22:23","jhm","08_17_01_12:22:24"
"DP_JO_299","JO",299,"C_EGD_1759","Devil's_Mark",,"jhm","08_17_01_12:34:20","jhm","08_17_01_12:34:22"
"DP_JO_30","JO",30,"C_EGD_1324","New_name","Lisbie","jhm","06_13_01_12:40:35","jhm","06_13_01_12:41:13"
"DP_JO_300","JO",300,"C_EGD_1756","Devil's_Mark",,"jhm","08_17_01_12:41:09","jhm","08_17_01_12:41:10"
"DP_JO_301","JO",301,"C_JO_2883","Devil's_Mark","nip_on_right_cheek_below_ear","jhm","09_07_01_12:57:45","jhm","09_07_01_12:58:02"
"DP_JO_302","JO",302,"C_JO_2883","Head_and_foot",,"jhm","09_07_01_12:58:07","jhm","09_07_01_12:58:07"
"DP_JO_303","JO",303,"C_JO_2883","Body_and_soul",,"jhm","09_07_01_12:58:31","jhm","09_07_01_12:58:33"
"DP_JO_304","JO",304,"C_JO_2882","Anti-baptism",,"jhm","09_07_01_13:17:27","jhm","09_07_01_13:17:35"
"DP_JO_305","JO",305,"C_JO_2882","Devil's_Mark","on_mouth","jhm","09_07_01_13:17:57","jhm","09_07_01_13:18:12"
"DP_JO_31","JO",31,"C_EGD_1324","Sex","with_a_rough_(ruch)_man_all_black","jhm","06_13_01_12:42:12","jhm","06_13_01_12:44:59"
"DP_JO_32","JO",32,"C_EGD_1323","Sex",,"jhm","06_13_01_13:16:01","jhm","06_13_01_13:16:03"
"DP_JO_33","JO",33,"C_EGD_1323","Anti-baptism",,"jhm","06_13_01_13:16:10","jhm","06_13_01_13:16:11"
"DP_JO_34","JO",34,"C_EGD_1323","Servant",,"jhm","06_13_01_13:16:14","jhm","06_13_01_13:16:27"
"DP_JO_35","JO",35,"C_EGD_1323","New_name","Margaret","jhm","06_13_01_13:16:29","jhm","06_13_01_13:16:34"
"DP_JO_36","JO",36,"C_EGD_1323","Devil's_Mark","nip_under_right_arm","jhm","06_13_01_13:16:41","jhm","06_13_01_13:17:01"
"DP_JO_369","JO",369,"C_EGD_1924","Paction",,"jhm","09_25_01_09:58:13","jhm","09_25_01_09:58:15"
"DP_JO_370","JO",370,"C_EGD_1924","Possession",,"jhm","09_25_01_10:00:38","jhm","09_25_01_10:00:40"
"DP_JO_371","JO",371,"C_EGD_1367","Anti-baptism",,"jhm","10_19_01_10:32:44","jhm","10_19_01_10:32:46"
"DP_JO_372","JO",372,"C_EGD_1367","Body_and_soul",,"jhm","10_19_01_10:32:47","jhm","10_19_01_10:32:48"
"DP_JO_373","JO",373,"C_EGD_1367","Head_and_foot",,"jhm","10_19_01_10:32:51","jhm","10_19_01_10:32:56"
"DP_JO_374","JO",374,"C_EGD_1367","Servant",,"jhm","10_19_01_10:33:03","jhm","10_19_01_10:33:16"
"DP_JO_375","JO",375,"C_EGD_1368","Anti-baptism",,"jhm","10_19_01_10:55:05","jhm","10_19_01_10:55:06"
"DP_JO_376","JO",376,"C_EGD_1368","Body_and_soul",,"jhm","10_19_01_10:55:16","jhm","10_19_01_10:55:18"
"DP_JO_377","JO",377,"C_EGD_1368","Head_and_foot",,"jhm","10_19_01_10:55:23","jhm","10_19_01_10:55:24"
"DP_JO_378","JO",378,"C_EGD_1368","New_name","Katharine","jhm","10_19_01_10:55:32","jhm","10_19_01_10:55:55"
"DP_JO_379","JO",379,"C_EGD_1375","Anti-baptism",,"jhm","10_19_01_12:05:19","jhm","10_19_01_12:05:19"
"DP_JO_380","JO",380,"C_EGD_1375","Head_and_foot",,"jhm","10_19_01_12:05:25","jhm","10_19_01_12:05:26"
"DP_JO_381","JO",381,"C_EGD_1375","Body_and_soul",,"jhm","10_19_01_12:05:27","jhm","10_19_01_12:05:27"
"DP_JO_382","JO",382,"C_EGD_1375","New_name","Elisabeth","jhm","10_19_01_12:05:29","jhm","10_19_01_12:05:37"
"DP_JO_383","JO",383,"C_EGD_1375","Sex","nature_cold","jhm","10_19_01_12:05:42","jhm","10_19_01_12:05:47"
"DP_JO_384","JO",384,"C_EGD_1375","Servant",,"jhm","10_19_01_12:05:48","jhm","10_19_01_12:05:53"
"DP_JO_385","JO",385,"C_EGD_1372","Servant",,"jhm","10_19_01_12:20:30","jhm","10_19_01_12:20:31"
"DP_JO_386","JO",386,"C_EGD_1372","Head_and_foot",,"jhm","10_19_01_12:20:36","jhm","10_19_01_12:20:37"
"DP_JO_387","JO",387,"C_EGD_1372","Body_and_soul",,"jhm","10_19_01_12:20:38","jhm","10_19_01_12:20:39"
"DP_JO_388","JO",388,"C_EGD_1372","New_name","Madge","jhm","10_19_01_12:20:41","jhm","10_19_01_12:20:56"
"DP_JO_389","JO",389,"C_EGD_1373","Servant",,"jhm","10_19_01_12:38:41","jhm","10_19_01_12:38:42"
"DP_JO_390","JO",390,"C_EGD_1373","Anti-baptism",,"jhm","10_19_01_12:38:47","jhm","10_19_01_12:38:48"
"DP_JO_391","JO",391,"C_EGD_1373","Head_and_foot",,"jhm","10_19_01_12:38:51","jhm","10_19_01_12:38:52"
"DP_JO_392","JO",392,"C_EGD_1373","Want_nothing",,"jhm","10_19_01_12:38:59","jhm","10_19_01_12:39:03"
"DP_JO_393","JO",393,"C_EGD_1373","Sex","cold_nature","jhm","10_19_01_12:39:32","jhm","10_19_01_12:41:00"
"DP_JO_394","JO",394,"C_EGD_1373","New_name","Magie","jhm","10_19_01_12:39:44","jhm","10_19_01_12:39:59"
"DP_JO_395","JO",395,"C_JO_2905","Anti-baptism",,"jhm","10_19_01_12:59:41","jhm","10_19_01_12:59:41"
"DP_JO_396","JO",396,"C_JO_2905","Body_and_soul",,"jhm","10_19_01_12:59:44","jhm","10_19_01_12:59:45"
"DP_JO_397","JO",397,"C_JO_2905","Head_and_foot",,"jhm","10_19_01_12:59:46","jhm","10_19_01_12:59:47"
"DP_JO_398","JO",398,"C_JO_2905","Sex","nature_cold","jhm","10_19_01_12:59:49","jhm","10_19_01_13:00:02"
"DP_JO_399","JO",399,"C_JO_2905","Servant",,"jhm","10_19_01_13:00:03","jhm","10_19_01_13:00:04"
"DP_JO_400","JO",400,"C_EGD_1374","Anti-baptism",,"jhm","10_19_01_13:08:34","jhm","10_19_01_13:08:35"
"DP_JO_401","JO",401,"C_EGD_1374","Head_and_foot",,"jhm","10_19_01_13:08:37","jhm","10_19_01_13:08:38"
"DP_JO_402","JO",402,"C_EGD_1374","Body_and_soul",,"jhm","10_19_01_13:08:40","jhm","10_19_01_13:08:52"
"DP_JO_403","JO",403,"C_EGD_1374","Sex","nature_cold","jhm","10_19_01_13:08:42","jhm","10_19_01_13:08:59"
"DP_JO_404","JO",404,"C_EGD_1374","Servant",,"jhm","10_19_01_13:09:01","jhm","10_19_01_13:09:02"
"DP_JO_405","JO",405,"C_EGD_1374","New_name","Jonet","jhm","10_19_01_13:09:04","jhm","10_19_01_13:09:14"
"DP_JO_406","JO",406,"C_EGD_2453","Sex",,"jhm","10_23_01_11:04:04","jhm","10_23_01_11:04:08"
"DP_JO_407","JO",407,"C_EGD_2453","Tacit_pact",,"jhm","10_23_01_11:58:34","jhm","10_23_01_11:58:50"
"DP_JO_412","JO",412,"C_EGD_1310","Servant",,"jhm","11_23_01_15:56:29","jhm","11_23_01_15:56:30"
"DP_JO_413","JO",413,"C_EGD_1310","Devil's_Mark",,"jhm","11_23_01_15:56:35","jhm","11_23_01_15:56:42"
"DP_JO_414","JO",414,"C_EGD_1818","Servant",,"jhm","11_27_01_13:45:53","jhm","11_27_01_13:45:53"
"DP_JO_415","JO",415,"C_EGD_1818","Devil's_Mark","on_shoulder","jhm","11_27_01_13:45:58","jhm","11_27_01_13:52:25"
"DP_JO_416","JO",416,"C_JO_2936","Anti-baptism",,"jhm","12_05_01_13:39:47","jhm","12_05_01_13:39:48"
"DP_JO_417","JO",417,"C_JO_2936","Devil's_Mark",,"jhm","12_05_01_13:39:51","jhm","12_05_01_13:39:52"
"DP_JO_418","JO",418,"C_JO_2936","Paction",,"jhm","12_05_01_13:39:56","jhm","12_05_01_13:40:05"
"DP_JO_42","JO",42,"C_EGD_604","New_name","Mary_Lykeas","jhm","06_27_01_12:12:10","jhm","06_27_01_12:12:24"
"DP_JO_428","JO",428,"C_JO_2861","Anti-baptism",,"jhm","01_14_02_09:15:16","jhm","01_14_02_09:15:33"
"DP_JO_429","JO",429,"C_EGD_1866","Anti-baptism",,"jhm","01_16_02_15:19:25","jhm","01_16_02_15:19:27"
"DP_JO_43","JO",43,"C_EGD_604","Anti-baptism",,"jhm","06_27_01_12:12:26","jhm","06_27_01_12:12:32"
"DP_JO_430","JO",430,"C_EGD_1866","Servant",,"jhm","01_16_02_15:19:33","jhm","01_16_02_15:19:42"
"DP_JO_431","JO",431,"C_JO_2954","Anti-baptism",,"jhm","01_16_02_15:36:42","jhm","01_16_02_15:36:43"
"DP_JO_432","JO",432,"C_JO_2954","Servant",,"jhm","01_16_02_15:36:45","jhm","01_16_02_15:36:46"
"DP_JO_433","JO",433,"C_JO_2955","Anti-baptism",,"jhm","01_16_02_15:42:11","jhm","01_16_02_15:42:12"
"DP_JO_434","JO",434,"C_JO_2955","Servant",,"jhm","01_16_02_15:42:13","jhm","01_16_02_15:42:14"
"DP_JO_435","JO",435,"C_EGD_2260","Body_and_soul",,"jhm","01_23_02_11:30:51","jhm","01_23_02_11:30:59"
"DP_JO_436","JO",436,"C_EGD_2260","Paction",,"jhm","01_23_02_11:31:02","jhm","01_23_02_11:31:07"
"DP_JO_44","JO",44,"C_EGD_604","Want_nothing",,"jhm","06_27_01_12:12:37","jhm","06_27_01_12:12:49"
"DP_JO_449","JO",449,"C_EGD_2387","Anti-baptism",,"jhm","02_07_02_10:25:01","jhm","02_07_02_10:25:02"
"DP_JO_450","JO",450,"C_EGD_2387","Devil's_Mark","neck","jhm","02_07_02_10:25:03","jhm","02_07_02_10:29:46"
"DP_JO_451","JO",451,"C_EGD_2387","Sex",,"jhm","02_07_02_10:25:09","jhm","02_07_02_10:25:10"
"DP_JO_452","JO",452,"C_EGD_2387","New_name","Nikkie_Clark","jhm","02_07_02_10:25:12","jhm","02_07_02_10:25:28"
"DP_JO_453","JO",453,"C_EGD_1856","Anti-baptism",,"jhm","02_07_02_11:19:33","jhm","02_07_02_11:19:33"
"DP_JO_454","JO",454,"C_EGD_1856","New_name","Isoble_Fairwedder","jhm","02_07_02_11:19:38","jhm","02_07_02_11:19:55"
"DP_JO_455","JO",455,"C_EGD_1848","Anti-baptism",,"jhm","02_07_02_16:01:32","jhm","02_07_02_16:01:33"
"DP_JO_456","JO",456,"C_EGD_1848","New_name","Jonat_Archibald","jhm","02_07_02_16:01:42","jhm","02_07_02_16:01:54"
"DP_JO_457","JO",457,"C_EGD_1848","Sex",,"jhm","02_07_02_16:01:59","jhm","02_07_02_16:02:05"
"DP_JO_458","JO",458,"C_EGD_1855","Devil's_Mark",,"jhm","02_14_02_10:45:31","jhm","02_14_02_10:45:36"
"DP_JO_489","JO",489,"C_JO_2895","Paction",,"jhm","03_04_02_14:09:08","jhm","03_04_02_14:09:09"
"DP_JO_490","JO",490,"C_JO_2895","Anti-baptism",,"jhm","03_04_02_14:09:10","jhm","03_04_02_14:09:17"
"DP_JO_491","JO",491,"C_JO_2894","Paction",,"jhm","03_04_02_14:10:07","jhm","03_04_02_14:10:09"
"DP_JO_492","JO",492,"C_JO_2894","Anti-baptism",,"jhm","03_04_02_14:10:11","jhm","03_04_02_14:10:14"
"DP_JO_495","JO",495,"C_EGD_2172","Devil's_Mark","on_3rd_finger__right_hand","jhm","05_08_02_16:50:09","jhm","05_08_02_16:50:33"
"DP_JO_496","JO",496,"C_EGD_2172","Kisses_Devil's_bottom",,"jhm","05_08_02_16:51:00","jhm","05_08_02_16:51:09"
"DP_JO_497","JO",497,"C_EGD_2172","Sex",,"jhm","05_09_02_11:45:26","jhm","05_09_02_11:45:29"
"DP_JO_498","JO",498,"C_EGD_2159","Servant",,"jhm","05_09_02_13:04:14","jhm","05_09_02_13:04:34"
"DP_JO_499","JO",499,"C_EGD_2160","Servant",,"jhm","05_09_02_16:54:37","jhm","05_09_02_16:54:38"
"DP_JO_500","JO",500,"C_EGD_2160","Want_nothing",,"jhm","05_09_02_16:54:43","jhm","05_09_02_16:54:44"
"DP_JO_501","JO",501,"C_EGD_2168","Devil's_Mark","left_ear","jhm","05_13_02_10:32:55","jhm","05_13_02_10:32:59"
"DP_JO_502","JO",502,"C_EGD_2168","Devil's_Mark","neck","jhm","05_13_02_10:33:01","jhm","05_13_02_10:33:04"
"DP_JO_503","JO",503,"C_EGD_2163","Tacit_pact",,"jhm","05_14_02_16:19:39","jhm","05_14_02_16:21:39"
"DP_JO_504","JO",504,"C_JO_3033","Paction",,"jhm","05_16_02_11:33:11","jhm","05_16_02_11:33:36"
"DP_JO_505","JO",505,"C_EGD_2162","Kisses_Devil's_bottom",,"jhm","06_03_02_15:27:18","jhm","06_03_02_15:27:21"
"DP_JO_506","JO",506,"C_JO_3033","Servant",,"jhm","06_10_02_17:32:57","jhm","06_10_02_17:32:58"
"DP_JO_507","JO",507,"C_EGD_2130","Servant",,"jhm","06_10_02_18:12:05","jhm","06_10_02_18:12:06"
"DP_JO_508","JO",508,"C_EGD_2130","Devil's_Mark","on_back_of_right_hand","jhm","06_10_02_18:12:08","jhm","06_10_02_18:12:19"
"DP_JO_509","JO",509,"C_EGD_2130","Want_nothing",,"jhm","06_10_02_18:13:51","jhm","06_10_02_18:13:51"
"DP_JO_510","JO",510,"C_EGD_2141","Servant",,"jhm","06_10_02_21:46:48","jhm","06_10_02_21:46:49"
"DP_JO_511","JO",511,"C_EGD_2141","New_name","Dame","jhm","06_10_02_21:46:52","jhm","06_10_02_21:46:57"
"DP_JO_512","JO",512,"C_EGD_2141","Sex",,"jhm","06_10_02_21:47:02","jhm","06_10_02_21:47:05"
"DP_JO_513","JO",513,"C_EGD_2141","Want_nothing",,"jhm","06_10_02_21:47:21","jhm","06_10_02_21:47:24"
"DP_JO_514","JO",514,"C_EGD_2141","Devil's_Mark","at_wrist","jhm","06_10_02_21:47:45","jhm","06_10_02_21:48:00"
"DP_JO_515","JO",515,"C_JO_3046","Servant",,"jhm","06_17_02_16:02:48","jhm","06_17_02_16:02:49"
"DP_JO_516","JO",516,"C_EGD_2327","Body_and_soul",,"jhm","06_19_02_16:03:37","jhm","06_19_02_16:03:40"
"DP_JO_517","JO",517,"C_EGD_2327","Servant",,"jhm","06_19_02_16:03:41","jhm","06_19_02_16:03:42"
"DP_JO_519","JO",519,"C_JO_3059","Servant",,"jhm","06_27_02_14:37:01","jhm","06_27_02_14:37:03"
"DP_JO_520","JO",520,"C_JO_3059","Devil's_Mark","on_head","jhm","06_27_02_14:37:08","jhm","06_27_02_14:37:12"
"DP_JO_521","JO",521,"C_JO_3059","Devil's_Mark","on_left_middle_finger","jhm","06_27_02_14:37:14","jhm","06_27_02_14:37:39"
"DP_JO_522","JO",522,"C_JO_3059","Anti-baptism","asked_to_renounce_god","jhm","06_27_02_14:38:27","jhm","06_27_02_14:38:44"
"DP_JO_523","JO",523,"C_JO_3069","Anti-baptism",,"jhm","07_02_02_09:28:47","jhm","07_02_02_09:28:49"
"DP_JO_524","JO",524,"C_JO_3069","Devil's_Mark","behind_her_ear","jhm","07_02_02_09:28:53","jhm","09_26_02_12:48:09"
"DP_JO_525","JO",525,"C_JO_3070","Sex","Cold_as_ice","jhm","07_02_02_09:38:49","jhm","09_26_02_12:51:00"
"DP_JO_526","JO",526,"C_JO_3071","Paction","Confessed_covenant","jhm","07_02_02_09:48:36","jhm","09_26_02_12:57:12"
"DP_JO_527","JO",527,"C_JO_3071","New_name","Jonet_Quhyt","jhm","07_02_02_09:49:20","jhm","07_02_02_09:49:34"
"DP_JO_528","JO",528,"C_JO_3071","Sex",,"jhm","07_02_02_09:49:34","jhm","07_02_02_09:49:36"
"DP_JO_530","JO",530,"C_JO_3076","Devil's_Mark",,"jhm","07_02_02_10:24:11","jhm","07_02_02_10:24:12"
"DP_JO_531","JO",531,"C_EGD_297","Anti-baptism",,"jhm","07_03_02_16:23:09","jhm","07_03_02_16:23:10"
"DP_JO_532","JO",532,"C_EGD_297","Devil's_Mark","eyebrow","jhm","07_03_02_16:23:12","jhm","07_03_02_16:23:15"
"DP_JO_534","JO",534,"C_EGD_297","Sex",,"jhm","07_03_02_16:23:39","jhm","07_03_02_16:23:44"
"DP_JO_535","JO",535,"C_EGD_297","Servant",,"jhm","07_03_02_16:23:47","jhm","07_03_02_16:23:48"
"DP_JO_536","JO",536,"C_EGD_297","Want_nothing",,"jhm","07_03_02_16:23:49","jhm","07_03_02_16:23:51"
"DP_JO_537","JO",537,"C_EGD_294","Anti-baptism","renounced_baptism_on_her_knees","jhm","07_04_02_11:27:46","jhm","07_04_02_11:28:03"
"DP_JO_538","JO",538,"C_EGD_294","Want_nothing",,"jhm","07_04_02_11:28:08","jhm","07_04_02_11:28:15"
"DP_JO_539","JO",539,"C_EGD_294","Devil's_Mark","genitals","jhm","07_04_02_11:28:20","jhm","07_04_02_11:28:32"
"DP_JO_540","JO",540,"C_EGD_294","Sex","nature_was_cold","jhm","07_04_02_11:28:35","jhm","07_04_02_11:28:45"
"DP_JO_541","JO",541,"C_EGD_294","New_name","Jonet","jhm","07_04_02_11:52:35","jhm","07_04_02_11:53:03"
"DP_JO_542","JO",542,"C_EGD_291","Tacit_pact",,"jhm","07_04_02_14:01:02","jhm","07_04_02_14:01:09"
"DP_JO_543","JO",543,"C_EGD_294","Head_and_foot",,"jhm","07_04_02_14:16:13","jhm","07_04_02_14:16:14"
"DP_JO_545","JO",545,"C_EGD_2373","Anti-baptism",,"jhm","07_11_02_10:55:34","jhm","07_11_02_10:55:34"
"DP_JO_546","JO",546,"C_EGD_2373","Servant",,"jhm","07_11_02_10:55:42","jhm","07_11_02_10:55:42"
"DP_JO_547","JO",547,"C_EGD_2373","Sex",,"jhm","07_11_02_10:55:43","jhm","07_11_02_10:55:44"
"DP_JO_548","JO",548,"C_EGD_1813","Anti-baptism",,"jhm","07_11_02_12:45:21","jhm","07_11_02_12:45:21"
"DP_JO_549","JO",549,"C_EGD_1813","Servant",,"jhm","07_11_02_12:45:28","jhm","07_11_02_12:45:32"
"DP_JO_550","JO",550,"C_EGD_1813","Sex",,"jhm","07_11_02_12:45:33","jhm","07_11_02_12:45:37"
"DP_JO_551","JO",551,"C_EGD_1813","New_name","Cathrin","jhm","07_11_02_12:46:11","jhm","07_11_02_12:46:21"
"DP_JO_552","JO",552,"C_EGD_1813","Want_nothing",,"jhm","07_11_02_12:47:17","jhm","07_11_02_12:47:17"
"DP_JO_553","JO",553,"C_EGD_1628","Want_nothing",,"jhm","07_11_02_13:42:58","jhm","07_11_02_13:42:59"
"DP_JO_554","JO",554,"C_EGD_1628","Anti-baptism",,"jhm","07_11_02_13:43:02","jhm","07_11_02_13:43:03"
"DP_JO_555","JO",555,"C_EGD_1628","New_name","Maide","jhm","07_11_02_13:43:09","jhm","07_11_02_13:43:22"
"DP_JO_556","JO",556,"C_EGD_1628","Devil's_Mark","nipped_her,_very_sore","jhm","07_11_02_13:43:24","jhm","07_11_02_13:43:44"
"DP_JO_557","JO",557,"C_EGD_1627","Servant",,"jhm","07_11_02_13:50:07","jhm","07_11_02_13:50:08"
"DP_JO_558","JO",558,"C_EGD_1627","Want_nothing","said_the_devil_offered_him_god","jhm","07_11_02_13:50:12","jhm","07_11_02_13:50:36"
"DP_JO_559","JO",559,"C_EGD_1627","Devil's_Mark","nipped_on_his_chest","jhm","07_11_02_13:50:41","jhm","07_11_02_13:50:54"
"DP_JO_560","JO",560,"C_EGD_1627","Head_and_foot",,"jhm","07_11_02_13:50:54","jhm","07_11_02_13:50:55"
"DP_JO_561","JO",561,"C_EGD_2374","Devil's_Mark","searched_for_mark","jhm","07_11_02_15:07:32","jhm","07_11_02_15:07:41"
"DP_JO_634","JO",634,"C_EGD_831","Anti-baptism",,"jhm","08_02_02_15:29:06","jhm","08_02_02_15:29:07"
"DP_JO_635","JO",635,"C_EGD_2446","Anti-baptism",,"jhm","08_02_02_15:36:44","jhm","08_02_02_15:36:46"
"DP_JO_636","JO",636,"C_EGD_2446","Paction",,"jhm","08_02_02_15:36:52","jhm","08_02_02_15:36:53"
"DP_JO_637","JO",637,"C_EGD_21","Devil's_Mark",,"jhm","08_07_02_15:26:37","jhm","08_07_02_15:26:37"
"DP_JO_638","JO",638,"C_EGD_525","Devil's_Mark",,"jhm","08_07_02_15:39:01","jhm","08_07_02_15:39:01"
"DP_JO_719","JO",719,"C_EGD_22","Devil's_Mark",,"jhm","08_07_02_16:10:28","jhm","08_07_02_16:10:28"
"DP_JO_720","JO",720,"C_EGD_23","Devil's_Mark",,"jhm","08_07_02_16:12:50","jhm","08_07_02_16:12:51"
"DP_JO_721","JO",721,"C_EGD_500","Devil's_Mark",,"jhm","08_07_02_16:21:34","jhm","08_07_02_16:21:35"
"DP_JO_722","JO",722,"C_EGD_521","Paction",,"jhm","08_09_02_12:08:58","jhm","08_09_02_12:08:58"
"DP_JO_723","JO",723,"C_EGD_521","Anti-baptism",,"jhm","08_09_02_12:09:02","jhm","08_09_02_12:09:03"
"DP_JO_724","JO",724,"C_JO_3227","Paction",,"jhm","08_09_02_12:32:22","jhm","08_09_02_12:32:23"
"DP_JO_725","JO",725,"C_JO_3227","Anti-baptism",,"jhm","08_09_02_12:32:23","jhm","08_09_02_12:32:24"
"DP_JO_735","JO",735,"C_EGD_1326","Devil's_Mark","left_shoulder","jhm","08_26_02_15:24:09","jhm","08_26_02_15:24:23"
"DP_JO_736","JO",736,"C_EGD_1328","Devil's_Mark","left_back,_under_shoulder","jhm","08_26_02_15:33:29","jhm","08_26_02_15:34:34"
"DP_JO_737","JO",737,"C_EGD_1533","New_name","Jonat","jhm","08_27_02_09:31:07","jhm","08_27_02_09:31:13"
"DP_JO_738","JO",738,"C_EGD_1533","Paction","made_covenant","jhm","08_27_02_09:31:21","jhm","08_27_02_09:31:39"
"DP_JO_739","JO",739,"C_EGD_1527","Servant",,"jhm","08_27_02_10:26:29","jhm","08_27_02_10:26:30"
"DP_JO_740","JO",740,"C_EGD_1527","Want_nothing",,"jhm","08_27_02_10:26:32","jhm","08_27_02_10:26:33"
"DP_JO_741","JO",741,"C_EGD_1527","Anti-baptism",,"jhm","08_27_02_10:26:38","jhm","08_27_02_10:26:39"
"DP_JO_742","JO",742,"C_EGD_1527","New_name","Caterine","jhm","08_27_02_10:26:41","jhm","08_27_02_10:26:52"
"DP_JO_743","JO",743,"C_EGD_604","Servant",,"jhm","08_27_02_11:20:45","jhm","08_27_02_11:20:46"
"DP_JO_744","JO",744,"C_JO_3246","Devil's_Mark","leflt_leg,_between_her_shoulders,_up_her_'hensh'","jhm","08_27_02_11:46:27","jhm","08_27_02_11:48:41"
"DP_JO_745","JO",745,"C_JO_3246","Servant",,"jhm","08_27_02_11:55:23","jhm","08_27_02_11:55:24"
"DP_JO_746","JO",746,"C_JO_3246","Want_nothing",,"jhm","08_27_02_11:55:28","jhm","08_27_02_11:55:29"
"DP_JO_747","JO",747,"C_JO_3246","Anti-baptism",,"jhm","08_27_02_11:56:00","jhm","08_27_02_11:56:00"
"DP_JO_748","JO",748,"C_JO_3248","Want_nothing","property_and_wealth","jhm","08_28_02_09:53:00","jhm","08_28_02_09:53:33"
"DP_JO_749","JO",749,"C_JO_3248","Paction",,"jhm","08_28_02_10:01:11","jhm","08_28_02_10:01:19"
"DP_JO_750","JO",750,"C_JO_3248","Servant",,"jhm","08_28_02_10:01:19","jhm","08_28_02_10:01:20"
"DP_JO_751","JO",751,"C_JO_3248","Anti-baptism",,"jhm","08_28_02_10:01:39","jhm","08_28_02_10:01:39"
"DP_JO_752","JO",752,"C_JO_3248","New_name","Margarat","jhm","08_28_02_10:01:41","jhm","08_28_02_10:01:54"
"DP_JO_753","JO",753,"C_EGD_1544","Paction",,"jhm","08_28_02_10:38:19","jhm","08_28_02_10:38:23"
"DP_JO_754","JO",754,"C_EGD_1544","Anti-baptism",,"jhm","08_28_02_10:38:29","jhm","08_28_02_10:38:30"
"DP_JO_758","JO",758,"C_JO_3075","Devil's_Mark",,"jhm","09_26_02_13:25:36","jhm","09_26_02_13:25:42"
"DP_JO_759","JO",759,"C_JO_3074","Devil's_Mark",,"jhm","09_26_02_13:26:37","jhm","09_26_02_13:26:38"
"DP_JO_763","JO",763,"C_EGD_346","Devil's_Mark","neck","jhm","11_05_02_09:06:03","jhm","11_05_02_09:06:10"
"DP_LA_1","LA",1,"C_EGD_160","Anti-baptism",,"LEM","05_17_01_10:48:42","LEM","05_17_01_10:48:46"
"DP_LA_10","LA",10,"C_EGD_179","tacit_pact","mediate_packtione","LEM","05_21_01_16:34:24","LEM","05_21_01_16:34:36"
"DP_LA_100","LA",100,"C_EGD_385","Sex",,"LEM","06_29_01_13:18:24","LEM","06_29_01_13:18:29"
"DP_LA_101","LA",101,"C_EGD_390","Anti-baptism",,"LEM","07_02_01_09:32:45","LEM","07_02_01_09:32:46"
"DP_LA_102","LA",102,"C_EGD_390","Body_and_soul",,"LEM","07_02_01_09:32:48","LEM","07_02_01_09:32:49"
"DP_LA_103","LA",103,"C_EGD_390","Devil's_Mark","Shoulder","LEM","07_02_01_09:32:51","LEM","07_02_01_09:32:58"
"DP_LA_104","LA",104,"C_EGD_390","Head_and_foot",,"LEM","07_02_01_09:33:00","LEM","07_02_01_09:33:02"
"DP_LA_105","LA",105,"C_EGD_390","Servant",,"LEM","07_02_01_09:33:05","LEM","07_02_01_09:33:07"
"DP_LA_106","LA",106,"C_EGD_390","Sex",,"LEM","07_02_01_09:33:08","LEM","07_02_01_09:33:13"
"DP_LA_107","LA",107,"C_EGD_390","Want_nothing",,"LEM","07_02_01_09:33:15","LEM","07_02_01_09:33:16"
"DP_LA_109","LA",109,"C_EGD_388","Anti-baptism",,"LEM","07_02_01_09:45:05","LEM","07_02_01_09:45:07"
"DP_LA_11","LA",11,"C_LA_2638","Servant",,"LEM","05_22_01_12:17:27","LEM","05_22_01_12:17:28"
"DP_LA_110","LA",110,"C_EGD_388","Servant",,"LEM","07_02_01_09:45:14","LEM","07_02_01_09:45:15"
"DP_LA_111","LA",111,"C_EGD_388","Want_nothing",,"LEM","07_02_01_09:45:21","LEM","07_02_01_09:45:21"
"DP_LA_112","LA",112,"C_EGD_388","Sex",,"LEM","07_02_01_09:45:23","LEM","07_02_01_09:45:26"
"DP_LA_113","LA",113,"C_EGD_388","New_name","Jonet_Dalry","LEM","07_02_01_09:45:27","LEM","07_02_01_09:45:43"
"DP_LA_114","LA",114,"C_EGD_389","Anti-baptism",,"LEM","07_02_01_09:58:04","LEM","07_02_01_09:58:06"
"DP_LA_115","LA",115,"C_EGD_389","Head_and_foot",,"LEM","07_02_01_09:58:08","LEM","07_02_01_09:58:10"
"DP_LA_116","LA",116,"C_EGD_389","Servant",,"LEM","07_02_01_09:58:25","LEM","07_02_01_09:58:28"
"DP_LA_117","LA",117,"C_EGD_389","Want_nothing",,"LEM","07_02_01_09:58:30","LEM","07_02_01_09:58:37"
"DP_LA_118","LA",118,"C_EGD_389","Sex",,"LEM","07_02_01_10:02:09","LEM","07_02_01_10:02:15"
"DP_LA_119","LA",119,"C_EGD_391","Anti-baptism",,"LEM","07_02_01_10:11:25","LEM","07_02_01_10:11:27"
"DP_LA_12","LA",12,"C_LA_2638","Sex","in_her_shop","LEM","05_22_01_12:17:33","LEM","05_22_01_12:17:39"
"DP_LA_120","LA",120,"C_EGD_391","Devil's_Mark",,"LEM","07_02_01_10:11:28","LEM","07_02_01_10:11:30"
"DP_LA_121","LA",121,"C_EGD_391","Head_and_foot",,"LEM","07_02_01_10:11:31","LEM","07_02_01_10:11:33"
"DP_LA_122","LA",122,"C_EGD_391","Servant",,"LEM","07_02_01_10:11:35","LEM","07_02_01_10:11:36"
"DP_LA_123","LA",123,"C_EGD_391","Sex","nature_cold","LEM","07_02_01_10:11:38","jhm","11_06_02_12:28:02"
"DP_LA_124","LA",124,"C_EGD_386","Anti-baptism",,"LEM","07_02_01_10:29:21","LEM","07_02_01_10:29:28"
"DP_LA_125","LA",125,"C_EGD_386","Devil's_Mark","Shoulder","LEM","07_02_01_10:29:30","LEM","07_02_01_10:29:34"
"DP_LA_126","LA",126,"C_EGD_386","Sex",,"LEM","07_02_01_10:29:37","LEM","07_02_01_10:29:38"
"DP_LA_127","LA",127,"C_EGD_386","Want_nothing",,"LEM","07_02_01_10:29:41","LEM","07_02_01_10:29:42"
"DP_LA_128","LA",128,"C_EGD_386","Servant",,"LEM","07_02_01_10:29:48","LEM","07_02_01_10:29:54"
"DP_LA_129","LA",129,"C_EGD_387","Anti-baptism",,"LEM","07_02_01_10:58:15","LEM","07_02_01_10:58:15"
"DP_LA_13","LA",13,"C_LA_2638","Sex","accomplice's_house","LEM","05_22_01_12:17:43","LEM","05_22_01_12:17:51"
"DP_LA_130","LA",130,"C_EGD_387","Want_nothing",,"LEM","07_02_01_10:58:19","LEM","07_02_01_10:58:19"
"DP_LA_131","LA",131,"C_EGD_387","Head_and_foot",,"LEM","07_02_01_10:58:23","LEM","07_02_01_10:58:24"
"DP_LA_132","LA",132,"C_EGD_387","Sex",,"LEM","07_02_01_10:58:31","LEM","07_02_01_10:58:32"
"DP_LA_133","LA",133,"C_EGD_387","Servant",,"LEM","07_02_01_10:58:34","LEM","07_02_01_10:58:35"
"DP_LA_134","LA",134,"C_EGD_398","Anti-baptism",,"LEM","07_02_01_12:16:21","LEM","07_02_01_12:16:22"
"DP_LA_135","LA",135,"C_EGD_398","Servant",,"LEM","07_02_01_12:16:25","LEM","07_02_01_12:16:25"
"DP_LA_136","LA",136,"C_EGD_398","Head_and_foot",,"LEM","07_02_01_12:16:26","LEM","07_02_01_12:16:26"
"DP_LA_137","LA",137,"C_EGD_1954","Anti-baptism","said_she_refused_to_do_this","LEM","07_02_01_13:17:01","jhm","07_11_01_09:58:18"
"DP_LA_138","LA",138,"C_EGD_1954","Head_and_foot",,"LEM","07_02_01_13:17:03","LEM","07_02_01_13:17:03"
"DP_LA_139","LA",139,"C_EGD_402","Servant",,"LEM","07_02_01_13:34:47","LEM","07_02_01_13:34:48"
"DP_LA_14","LA",14,"C_LA_2638","Sex","her_naiket_bed","LEM","05_22_01_12:17:53","LEM","05_22_01_12:17:58"
"DP_LA_140","LA",140,"C_EGD_400","Anti-baptism",,"LEM","07_02_01_15:41:08","LEM","07_02_01_15:41:09"
"DP_LA_141","LA",141,"C_EGD_400","Head_and_foot",,"LEM","07_02_01_15:41:12","LEM","07_02_01_15:41:14"
"DP_LA_142","LA",142,"C_EGD_400","New_name","Margaret","LEM","07_02_01_15:41:16","LEM","07_02_01_15:41:20"
"DP_LA_143","LA",143,"C_EGD_400","Servant",,"LEM","07_02_01_15:41:24","LEM","07_02_01_15:41:25"
"DP_LA_144","LA",144,"C_EGD_400","Sex",,"LEM","07_02_01_15:41:26","LEM","07_02_01_15:41:31"
"DP_LA_145","LA",145,"C_EGD_401","Anti-baptism",,"LEM","07_02_01_16:14:12","LEM","07_02_01_16:14:33"
"DP_LA_146","LA",146,"C_EGD_401","Servant",,"LEM","07_03_01_10:50:08","LEM","07_03_01_10:50:09"
"DP_LA_147","LA",147,"C_EGD_434","Anti-baptism",,"LEM","07_03_01_13:24:52","LEM","07_03_01_13:24:53"
"DP_LA_148","LA",148,"C_EGD_434","Devil's_Mark","Shoulder","LEM","07_03_01_13:24:55","LEM","07_03_01_13:25:00"
"DP_LA_149","LA",149,"C_EGD_434","New_name","Marie_Luckifoot","LEM","07_03_01_13:25:03","LEM","06_13_02_10:04:17"
"DP_LA_15","LA",15,"C_LA_2638","New_name",,"LEM","05_22_01_12:18:01","LEM","05_22_01_12:18:04"
"DP_LA_150","LA",150,"C_EGD_434","Sex",,"LEM","07_03_01_13:25:15","LEM","07_03_01_13:25:18"
"DP_LA_151","LA",151,"C_EGD_434","Servant",,"LEM","07_03_01_13:25:20","LEM","07_03_01_13:25:21"
"DP_LA_152","LA",152,"C_EGD_409","Devil's_Mark",,"LEM","07_04_01_12:53:39","LEM","07_04_01_12:53:40"
"DP_LA_153","LA",153,"C_EGD_409","Servant",,"LEM","07_04_01_12:53:42","LEM","07_04_01_12:53:45"
"DP_LA_154","LA",154,"C_EGD_926","Body_and_soul",,"LEM","07_05_01_15:29:50","LEM","07_05_01_15:29:51"
"DP_LA_155","LA",155,"C_EGD_926","Servant",,"LEM","07_05_01_15:29:52","LEM","07_05_01_15:29:53"
"DP_LA_156","LA",156,"C_EGD_925","Body_and_soul",,"LEM","07_05_01_15:35:13","LEM","07_05_01_15:35:14"
"DP_LA_157","LA",157,"C_EGD_925","Servant",,"LEM","07_05_01_15:35:14","LEM","07_05_01_15:35:18"
"DP_LA_158","LA",158,"C_EGD_924","Body_and_soul",,"LEM","07_05_01_15:36:09","LEM","07_05_01_15:36:10"
"DP_LA_159","LA",159,"C_EGD_924","Servant",,"LEM","07_05_01_15:36:11","LEM","07_05_01_15:36:12"
"DP_LA_16","LA",16,"C_LA_2638","Devil's_Mark","left_shoulder","LEM","05_22_01_12:18:07","LEM","05_22_01_12:18:13"
"DP_LA_160","LA",160,"C_EGD_923","Body_and_soul",,"LEM","07_05_01_15:39:57","LEM","07_05_01_15:39:57"
"DP_LA_161","LA",161,"C_EGD_923","Servant",,"LEM","07_05_01_15:39:58","LEM","07_05_01_15:40:00"
"DP_LA_162","LA",162,"C_EGD_922","Body_and_soul",,"LEM","07_05_01_15:44:00","LEM","07_05_01_15:44:01"
"DP_LA_163","LA",163,"C_EGD_922","Servant",,"LEM","07_05_01_15:44:02","LEM","07_05_01_15:44:03"
"DP_LA_164","LA",164,"C_EGD_934","Body_and_soul",,"LEM","07_05_01_15:46:09","LEM","07_05_01_15:46:10"
"DP_LA_165","LA",165,"C_EGD_934","Servant",,"LEM","07_05_01_15:46:11","LEM","07_05_01_15:46:12"
"DP_LA_166","LA",166,"C_EGD_933","Body_and_soul",,"LEM","07_05_01_15:50:04","LEM","07_05_01_15:50:04"
"DP_LA_167","LA",167,"C_EGD_933","Servant",,"LEM","07_05_01_15:50:05","LEM","07_05_01_15:50:07"
"DP_LA_168","LA",168,"C_EGD_931","Body_and_soul",,"LEM","07_05_01_15:55:11","LEM","07_05_01_15:55:11"
"DP_LA_169","LA",169,"C_EGD_931","Servant",,"LEM","07_05_01_15:55:12","LEM","07_05_01_15:55:14"
"DP_LA_17","LA",17,"C_EGD_180","Servant",,"LEM","05_22_01_12:26:07","LEM","05_22_01_12:26:09"
"DP_LA_170","LA",170,"C_EGD_932","Body_and_soul",,"LEM","07_05_01_16:00:46","LEM","07_05_01_16:00:47"
"DP_LA_171","LA",171,"C_EGD_932","Servant",,"LEM","07_05_01_16:00:47","LEM","07_05_01_16:00:50"
"DP_LA_172","LA",172,"C_EGD_370","Head_and_foot",,"LEM","07_09_01_10:23:58","LEM","07_09_01_10:24:00"
"DP_LA_173","LA",173,"C_EGD_370","Want_nothing",,"LEM","07_09_01_10:24:04","LEM","07_09_01_10:24:05"
"DP_LA_174","LA",174,"C_EGD_378","Servant",,"LEM","07_09_01_10:46:37","LEM","07_09_01_10:46:38"
"DP_LA_175","LA",175,"C_EGD_374","Head_and_foot",,"LEM","07_09_01_11:20:03","LEM","07_09_01_11:20:04"
"DP_LA_176","LA",176,"C_EGD_374","Want_nothing",,"LEM","07_09_01_11:20:14","LEM","07_09_01_11:20:14"
"DP_LA_177","LA",177,"C_EGD_373","Head_and_foot",,"LEM","07_09_01_11:22:58","LEM","07_09_01_11:22:59"
"DP_LA_178","LA",178,"C_LA_2798","Anti-baptism",,"LEM","07_09_01_12:57:24","LEM","07_09_01_12:57:25"
"DP_LA_179","LA",179,"C_LA_2798","Devil's_Mark",,"LEM","07_09_01_12:57:36","LEM","07_09_01_12:57:37"
"DP_LA_18","LA",18,"C_EGD_180","Anti-baptism","agreed_to_quite_Christ","LEM","05_22_01_12:28:04","LEM","05_22_01_12:28:20"
"DP_LA_180","LA",180,"C_LA_2798","Want_nothing",,"LEM","07_09_01_12:57:39","LEM","07_09_01_12:57:42"
"DP_LA_181","LA",181,"C_LA_2798","Servant",,"LEM","07_09_01_12:57:44","LEM","07_09_01_12:57:44"
"DP_LA_182","LA",182,"C_LA_2798","Sex",,"LEM","07_09_01_12:57:50","LEM","07_09_01_12:57:51"
"DP_LA_183","LA",183,"C_LA_2798","New_name","Speed","LEM","07_09_01_12:57:51","LEM","07_09_01_12:58:00"
"DP_LA_184","LA",184,"C_EGD_373","Body_and_soul",,"LEM","07_09_01_13:38:24","LEM","07_09_01_13:38:25"
"DP_LA_185","LA",185,"C_EGD_392","Anti-baptism",,"LEM","07_09_01_15:34:08","LEM","07_09_01_15:34:09"
"DP_LA_186","LA",186,"C_EGD_392","Body_and_soul",,"LEM","07_09_01_15:34:10","LEM","07_09_01_15:34:12"
"DP_LA_187","LA",187,"C_EGD_392","Head_and_foot",,"LEM","07_09_01_15:34:13","LEM","07_09_01_15:34:15"
"DP_LA_188","LA",188,"C_EGD_392","Servant",,"LEM","07_09_01_15:34:17","LEM","07_09_01_15:34:18"
"DP_LA_189","LA",189,"C_EGD_392","Sex",,"LEM","07_09_01_15:34:19","LEM","07_09_01_15:34:21"
"DP_LA_19","LA",19,"C_EGD_180","Sex","beastly_manner_like_a_dog","LEM","05_22_01_12:32:01","LEM","05_22_01_12:32:11"
"DP_LA_190","LA",190,"C_EGD_408","Servant",,"LEM","07_09_01_16:18:43","LEM","07_09_01_16:18:44"
"DP_LA_191","LA",191,"C_EGD_407","Servant",,"LEM","07_09_01_16:22:41","LEM","07_09_01_16:22:43"
"DP_LA_192","LA",192,"C_EGD_407","Anti-baptism",,"LEM","07_09_01_16:22:44","LEM","07_09_01_16:22:44"
"DP_LA_193","LA",193,"C_EGD_359","Anti-baptism",,"LEM","07_10_01_09:43:08","LEM","07_10_01_09:43:09"
"DP_LA_194","LA",194,"C_EGD_359","Servant",,"LEM","07_10_01_09:43:10","LEM","07_10_01_09:43:11"
"DP_LA_195","LA",195,"C_EGD_359","Sex",,"LEM","07_10_01_09:43:11","LEM","07_10_01_09:43:17"
"DP_LA_196","LA",196,"C_EGD_360","Anti-baptism",,"LEM","07_10_01_09:59:20","LEM","07_10_01_09:59:20"
"DP_LA_197","LA",197,"C_EGD_360","Servant",,"LEM","07_10_01_09:59:22","LEM","07_10_01_09:59:22"
"DP_LA_198","LA",198,"C_EGD_360","Sex",,"LEM","07_10_01_09:59:23","LEM","07_10_01_09:59:24"
"DP_LA_199","LA",199,"C_EGD_360","Want_nothing",,"LEM","07_10_01_09:59:45","LEM","07_10_01_09:59:46"
"DP_LA_2","LA",2,"C_EGD_160","Devil's_Mark","on_left_papie","LEM","05_17_01_10:49:13","jhm","10_18_02_15:25:02"
"DP_LA_20","LA",20,"C_EGD_180","Sex","plain_sex","LEM","05_22_01_12:32:22","LEM","05_22_01_12:32:28"
"DP_LA_200","LA",200,"C_EGD_404","Anti-baptism",,"LEM","07_10_01_10:04:47","LEM","07_10_01_10:04:47"
"DP_LA_201","LA",201,"C_EGD_404","Servant",,"LEM","07_10_01_10:04:48","LEM","07_10_01_10:04:50"
"DP_LA_202","LA",202,"C_EGD_404","Want_nothing",,"LEM","07_10_01_10:04:51","LEM","07_10_01_10:04:51"
"DP_LA_203","LA",203,"C_EGD_404","Head_and_foot",,"LEM","07_10_01_10:04:53","LEM","07_10_01_10:04:54"
"DP_LA_204","LA",204,"C_EGD_404","Sex",,"LEM","07_10_01_10:04:55","LEM","07_10_01_10:04:57"
"DP_LA_205","LA",205,"C_EGD_415","Anti-baptism",,"LEM","07_10_01_10:18:26","LEM","07_10_01_10:18:27"
"DP_LA_206","LA",206,"C_EGD_415","Sex",,"LEM","07_10_01_10:18:33","LEM","07_10_01_10:18:34"
"DP_LA_207","LA",207,"C_EGD_415","Servant",,"LEM","07_10_01_10:18:35","LEM","07_10_01_10:18:35"
"DP_LA_208","LA",208,"C_EGD_415","Head_and_foot",,"LEM","07_10_01_10:18:37","LEM","07_10_01_10:18:37"
"DP_LA_209","LA",209,"C_EGD_415","Devil's_Mark","shoulder","LEM","07_10_01_10:18:39","LEM","07_10_01_15:36:31"
"DP_LA_21","LA",21,"C_EGD_961","Anti-baptism",,"LEM","06_08_01_14:11:42","LEM","06_08_01_14:11:49"
"DP_LA_210","LA",210,"C_EGD_371","New_name",,"LEM","07_10_01_16:08:52","LEM","07_10_01_16:08:53"
"DP_LA_211","LA",211,"C_EGD_378","New_name","Lowkie_shoulderis","LEM","07_10_01_16:14:30","LEM","07_10_01_16:16:03"
"DP_LA_212","LA",212,"C_EGD_378","Anti-baptism",,"LEM","07_10_01_16:14:38","LEM","07_10_01_16:14:39"
"DP_LA_213","LA",213,"C_EGD_366","Servant",,"LEM","07_10_01_16:18:07","LEM","07_10_01_16:18:08"
"DP_LA_214","LA",214,"C_EGD_335","Anti-baptism",,"LEM","07_10_01_16:22:50","LEM","07_10_01_16:22:51"
"DP_LA_215","LA",215,"C_EGD_335","Head_and_foot",,"LEM","07_10_01_16:22:51","LEM","07_10_01_16:22:52"
"DP_LA_216","LA",216,"C_EGD_335","New_name","Bessie","LEM","07_10_01_16:22:53","LEM","07_10_01_16:22:58"
"DP_LA_217","LA",217,"C_LA_2770","Anti-baptism",,"LEM","07_11_01_09:48:28","LEM","07_11_01_09:48:28"
"DP_LA_218","LA",218,"C_LA_2770","Servant",,"LEM","07_11_01_09:48:29","LEM","07_11_01_09:48:30"
"DP_LA_219","LA",219,"C_LA_2770","New_name","loki_shorthairs","LEM","07_11_01_09:48:33","LEM","07_11_01_09:48:40"
"DP_LA_22","LA",22,"C_EGD_961","Sex",,"LEM","06_08_01_14:11:51","LEM","06_08_01_14:12:03"
"DP_LA_220","LA",220,"C_LA_2770","Sex",,"LEM","07_11_01_09:49:27","LEM","07_11_01_09:49:33"
"DP_LA_221","LA",221,"C_EGD_411","Anti-baptism",,"LEM","07_11_01_12:17:39","LEM","07_11_01_12:17:40"
"DP_LA_222","LA",222,"C_EGD_411","Servant",,"LEM","07_11_01_12:17:42","LEM","07_11_01_12:17:43"
"DP_LA_223","LA",223,"C_EGD_411","Want_nothing",,"LEM","07_11_01_12:17:44","LEM","07_11_01_12:17:44"
"DP_LA_224","LA",224,"C_EGD_411","Head_and_foot",,"LEM","07_11_01_12:17:47","LEM","07_11_01_12:17:47"
"DP_LA_225","LA",225,"C_EGD_411","New_name","Jenni","LEM","07_11_01_12:17:50","LEM","07_11_01_12:17:59"
"DP_LA_226","LA",226,"C_EGD_411","Devil's_Mark","shoulder","LEM","07_11_01_12:17:59","LEM","07_11_01_12:18:05"
"DP_LA_227","LA",227,"C_EGD_411","Devil's_Mark","thigh","LEM","07_11_01_12:18:06","LEM","07_11_01_12:18:14"
"DP_LA_228","LA",228,"C_EGD_364","Want_nothing",,"LEM","07_16_01_13:18:53","LEM","07_16_01_13:18:54"
"DP_LA_229","LA",229,"C_EGD_364","Servant",,"LEM","07_16_01_13:18:55","LEM","07_16_01_13:18:56"
"DP_LA_23","LA",23,"C_EGD_960","Anti-baptism",,"LEM","06_08_01_14:25:24","LEM","06_08_01_14:25:25"
"DP_LA_230","LA",230,"C_EGD_364","sex",,"LEM","07_16_01_13:18:57","LEM","07_16_01_13:18:59"
"DP_LA_231","LA",231,"C_EGD_364","Devil's_Mark","shoulder_blade","LEM","07_16_01_13:19:03","LEM","07_16_01_13:22:07"
"DP_LA_232","LA",232,"C_EGD_1398","Sex",,"LEM","07_16_01_15:00:43","LEM","07_16_01_15:00:44"
"DP_LA_233","LA",233,"C_EGD_364","Devil's_Mark","right_arm","LEM","07_16_01_15:44:57","LEM","07_16_01_15:45:08"
"DP_LA_234","LA",234,"C_EGD_364","Devil's_Mark","craige_(throat)","LEM","07_16_01_15:45:11","jhm","11_05_02_10:01:39"
"DP_LA_235","LA",235,"C_EGD_364","New_name","Bessie_the_Spounger","LEM","07_16_01_15:49:31","LEM","07_16_01_15:49:51"
"DP_LA_237","LA",237,"C_EGD_365","Anti-baptism",,"LEM","07_17_01_09:30:53","LEM","07_17_01_09:30:55"
"DP_LA_238","LA",238,"C_EGD_365","New_name","Weill_Dancing_Jannet","LEM","07_17_01_09:30:56","LEM","07_17_01_09:31:15"
"DP_LA_239","LA",239,"C_EGD_365","Servant",,"LEM","07_17_01_09:31:17","LEM","07_17_01_09:31:17"
"DP_LA_24","LA",24,"C_EGD_960","Sex",,"LEM","06_08_01_14:25:31","LEM","06_08_01_14:25:47"
"DP_LA_240","LA",240,"C_EGD_365","Devil's_Mark","shoulder","LEM","07_17_01_09:31:26","LEM","07_17_01_09:31:59"
"DP_LA_241","LA",241,"C_EGD_365","Sex",,"LEM","07_17_01_09:32:01","LEM","07_17_01_09:32:02"
"DP_LA_242","LA",242,"C_EGD_1398","Servant",,"LEM","07_17_01_09:54:51","LEM","07_17_01_09:55:03"
"DP_LA_243","LA",243,"C_EGD_1398","New_name","Honey","LEM","07_17_01_09:55:05","LEM","07_17_01_09:56:08"
"DP_LA_244","LA",244,"C_EGD_1398","Anti-baptism",,"LEM","07_17_01_09:55:12","LEM","07_17_01_09:55:13"
"DP_LA_245","LA",245,"C_EGD_1398","New_name","heart","LEM","07_17_01_09:56:13","LEM","07_17_01_09:56:28"
"DP_LA_246","LA",246,"C_EGD_1398","Devil's_Mark","shoulders","LEM","07_17_01_09:56:28","LEM","07_17_01_09:56:56"
"DP_LA_247","LA",247,"C_EGD_1398","Want_nothing",,"LEM","07_17_01_09:56:56","LEM","07_17_01_09:57:26"
"DP_LA_248","LA",248,"C_EGD_377","Anti-baptism",,"LEM","07_17_01_10:16:28","LEM","07_17_01_10:16:29"
"DP_LA_249","LA",249,"C_EGD_377","Servant",,"LEM","07_17_01_10:16:32","LEM","07_17_01_10:16:32"
"DP_LA_25","LA",25,"C_EGD_959","Anti-baptism",,"LEM","06_08_01_14:27:37","LEM","06_08_01_14:27:37"
"DP_LA_250","LA",250,"C_EGD_377","New_name","General","LEM","07_17_01_10:16:34","jhm","11_05_02_14:47:02"
"DP_LA_251","LA",251,"C_EGD_377","Devil's_Mark",,"LEM","07_17_01_10:16:40","LEM","07_17_01_10:16:41"
"DP_LA_252","LA",252,"C_EGD_377","Sex",,"LEM","07_17_01_10:16:42","LEM","07_17_01_10:16:47"
"DP_LA_253","LA",253,"C_EGD_973","Anti-baptism",,"LEM","07_18_01_12:23:50","LEM","07_18_01_12:23:51"
"DP_LA_254","LA",254,"C_EGD_973","Devil's_Mark",,"LEM","07_18_01_12:23:58","LEM","07_18_01_12:23:58"
"DP_LA_255","LA",255,"C_EGD_973","Body_and_soul",,"LEM","07_18_01_12:24:00","LEM","07_18_01_12:24:00"
"DP_LA_256","LA",256,"C_EGD_976","Anti-baptism",,"LEM","07_18_01_12:44:53","LEM","07_18_01_12:44:53"
"DP_LA_257","LA",257,"C_EGD_976","Body_and_soul",,"LEM","07_18_01_12:45:00","LEM","07_18_01_12:45:01"
"DP_LA_258","LA",258,"C_EGD_1029","Devil's_Mark",,"LEM","07_19_01_10:37:33","LEM","07_19_01_10:37:33"
"DP_LA_259","LA",259,"C_EGD_1029","Anti-baptism",,"LEM","07_19_01_10:37:40","LEM","07_19_01_10:37:42"
"DP_LA_26","LA",26,"C_EGD_959","Sex",,"LEM","06_08_01_14:27:38","LEM","06_08_01_14:27:43"
"DP_LA_260","LA",260,"C_EGD_1029","Servant",,"LEM","07_19_01_10:37:46","LEM","07_19_01_10:39:17"
"DP_LA_261","LA",261,"C_EGD_1026","Anti-baptism",,"LEM","07_19_01_11:03:58","LEM","07_19_01_11:03:59"
"DP_LA_262","LA",262,"C_EGD_1026","Servant",,"LEM","07_19_01_11:04:06","LEM","07_19_01_11:04:08"
"DP_LA_263","LA",263,"C_EGD_1028","Anti-baptism",,"LEM","07_19_01_11:07:12","LEM","07_19_01_11:07:12"
"DP_LA_264","LA",264,"C_EGD_1028","Servant",,"LEM","07_19_01_11:07:13","LEM","07_19_01_11:07:14"
"DP_LA_265","LA",265,"C_LA_2840","Anti-baptism",,"LEM","07_19_01_11:09:41","LEM","07_19_01_11:09:41"
"DP_LA_266","LA",266,"C_LA_2840","Servant",,"LEM","07_19_01_11:09:42","LEM","07_19_01_11:09:43"
"DP_LA_267","LA",267,"C_EGD_1039","Anti-baptism",,"LEM","07_19_01_11:12:03","LEM","07_19_01_11:12:04"
"DP_LA_268","LA",268,"C_EGD_1039","Servant",,"LEM","07_19_01_11:12:04","LEM","07_19_01_11:12:06"
"DP_LA_269","LA",269,"C_EGD_1054","Anti-baptism",,"LEM","07_19_01_12:38:39","LEM","07_19_01_12:38:40"
"DP_LA_270","LA",270,"C_EGD_1054","Devil's_Mark",,"LEM","07_19_01_12:38:41","LEM","07_19_01_12:38:54"
"DP_LA_271","LA",271,"C_EGD_1054","Sex",,"LEM","07_19_01_12:38:43","LEM","07_19_01_12:38:44"
"DP_LA_3","LA",3,"C_EGD_162","Devil's_Mark","Shoulder","LEM","05_18_01_12:58:45","LEM","05_18_01_12:58:51"
"DP_LA_301","LA",301,"C_EGD_576","Head_and_foot","foot_on_a_cloth_on_the_floor","LEM","09_05_01_10:28:44","LEM","09_05_01_10:28:55"
"DP_LA_302","LA",302,"C_EGD_576","Anti-baptism","this_was_implied_by_the_prosecution","LEM","09_05_01_10:28:56","LEM","09_05_01_10:29:07"
"DP_LA_303","LA",303,"C_EGD_606","Anti-baptism",,"LEM","09_07_01_10:40:40","LEM","09_07_01_10:40:41"
"DP_LA_304","LA",304,"C_EGD_606","Body_and_soul",,"LEM","09_07_01_10:40:44","LEM","09_07_01_10:40:45"
"DP_LA_305","LA",305,"C_EGD_606","Devil's_Mark","privy_place","LEM","09_07_01_10:40:51","LEM","09_07_01_12:43:09"
"DP_LA_306","LA",306,"C_EGD_606","Head_and_foot",,"LEM","09_07_01_10:40:55","LEM","09_07_01_10:40:57"
"DP_LA_307","LA",307,"C_EGD_606","Paction",,"LEM","09_07_01_10:40:59","LEM","09_07_01_10:41:02"
"DP_LA_308","LA",308,"C_EGD_606","Servant",,"LEM","09_07_01_10:41:06","LEM","09_07_01_10:41:13"
"DP_LA_309","LA",309,"C_EGD_606","Sex","healed_her_painful_Devil's_mark","LEM","09_07_01_10:41:17","LEM","09_07_01_12:43:21"
"DP_LA_310","LA",310,"C_EGD_606","Want_nothing",,"LEM","09_07_01_10:43:02","LEM","09_07_01_10:43:04"
"DP_LA_311","LA",311,"C_EGD_607","Servant",,"LEM","09_07_01_10:44:36","LEM","09_07_01_10:44:37"
"DP_LA_312","LA",312,"C_EGD_607","Anti-baptism",,"LEM","09_07_01_10:44:41","LEM","09_07_01_10:44:41"
"DP_LA_313","LA",313,"C_EGD_607","Body_and_soul",,"LEM","09_07_01_10:44:44","LEM","09_07_01_10:44:44"
"DP_LA_314","LA",314,"C_EGD_607","Head_and_foot",,"LEM","09_07_01_10:44:46","LEM","09_07_01_10:44:47"
"DP_LA_315","LA",315,"C_EGD_607","Devil's_Mark","privie_place","LEM","09_07_01_10:44:49","LEM","09_07_01_12:32:59"
"DP_LA_316","LA",316,"C_EGD_608","Body_and_soul",,"LEM","09_07_01_10:47:42","LEM","09_07_01_10:47:42"
"DP_LA_317","LA",317,"C_EGD_608","Head_and_foot",,"LEM","09_07_01_10:47:43","LEM","09_07_01_10:47:43"
"DP_LA_318","LA",318,"C_EGD_608","Anti-baptism",,"LEM","09_07_01_10:47:45","LEM","09_07_01_10:47:48"
"DP_LA_319","LA",319,"C_EGD_608","New_name","Feyand","LEM","09_07_01_10:47:52","LEM","09_07_01_12:03:22"
"DP_LA_320","LA",320,"C_EGD_608","Servant",,"LEM","09_07_01_10:48:03","LEM","09_07_01_10:48:04"
"DP_LA_321","LA",321,"C_EGD_608","Paction",,"LEM","09_07_01_10:48:05","LEM","09_07_01_10:48:05"
"DP_LA_322","LA",322,"C_EGD_609","Paction",,"LEM","09_07_01_10:50:33","LEM","09_07_01_10:50:34"
"DP_LA_323","LA",323,"C_EGD_609","Anti-baptism",,"LEM","09_07_01_10:50:37","LEM","09_07_01_10:50:38"
"DP_LA_324","LA",324,"C_EGD_609","Body_and_soul",,"LEM","09_07_01_10:50:39","LEM","09_07_01_10:50:40"
"DP_LA_325","LA",325,"C_EGD_609","Head_and_foot",,"LEM","09_07_01_10:50:42","LEM","09_07_01_10:50:42"
"DP_LA_326","LA",326,"C_EGD_609","Devil's_Mark","privie_place","LEM","09_07_01_10:50:45","LEM","09_07_01_11:50:36"
"DP_LA_327","LA",327,"C_EGD_608","Sex","nature_cold","LEM","09_07_01_12:04:22","LEM","09_07_01_12:04:29"
"DP_LA_328","LA",328,"C_EGD_608","Devil's_Mark","privie_place","LEM","09_07_01_12:04:32","LEM","09_07_01_12:04:55"
"DP_LA_329","LA",329,"C_EGD_607","Sex",,"LEM","09_07_01_12:33:02","LEM","09_07_01_12:33:26"
"DP_LA_330","LA",330,"C_EGD_607","New_name","Major","LEM","09_07_01_12:34:08","LEM","09_07_01_12:34:13"
"DP_LA_332","LA",332,"C_EGD_606","New_name","could_remember_it","LEM","09_07_01_12:43:26","LEM","09_07_01_12:43:39"
"DP_LA_334","LA",334,"C_EGD_1262","Anti-baptism",,"LEM","09_07_01_15:26:45","LEM","09_07_01_15:26:46"
"DP_LA_335","LA",335,"C_EGD_1262","Paction",,"LEM","09_07_01_15:26:47","LEM","09_07_01_15:26:48"
"DP_LA_336","LA",336,"C_EGD_1262","New_name","Katharine","LEM","09_07_01_15:26:49","LEM","09_07_01_15:27:49"
"DP_LA_337","LA",337,"C_EGD_691","Anti-baptism",,"LEM","09_11_01_11:52:14","LEM","09_11_01_11:52:15"
"DP_LA_338","LA",338,"C_EGD_691","New_name","Jean","LEM","09_11_01_11:52:17","LEM","09_11_01_11:52:21"
"DP_LA_339","LA",339,"C_EGD_691","Sex",,"LEM","09_11_01_11:52:34","LEM","09_11_01_11:52:37"
"DP_LA_340","LA",340,"C_EGD_694","Sex",,"LEM","09_11_01_12:08:13","LEM","09_11_01_12:08:15"
"DP_LA_341","LA",341,"C_EGD_694","Anti-baptism",,"LEM","09_11_01_12:08:16","LEM","09_11_01_12:08:17"
"DP_LA_342","LA",342,"C_EGD_694","Head_and_foot",,"LEM","09_11_01_12:08:19","LEM","09_11_01_12:08:20"
"DP_LA_343","LA",343,"C_EGD_694","New_name","Broad_back","LEM","09_11_01_12:08:22","LEM","09_11_01_12:08:52"
"DP_LA_344","LA",344,"C_EGD_693","Anti-baptism",,"LEM","09_11_01_12:59:17","LEM","09_11_01_12:59:19"
"DP_LA_345","LA",345,"C_EGD_693","Head_and_foot",,"LEM","09_11_01_12:59:20","LEM","09_11_01_12:59:21"
"DP_LA_346","LA",346,"C_EGD_693","Sex",,"LEM","09_11_01_12:59:26","LEM","09_11_01_12:59:27"
"DP_LA_347","LA",347,"C_EGD_692","Anti-baptism",,"LEM","09_11_01_13:06:55","LEM","09_11_01_13:06:55"
"DP_LA_348","LA",348,"C_EGD_622","Anti-baptism",,"LEM","09_11_01_13:16:14","LEM","09_11_01_13:16:15"
"DP_LA_349","LA",349,"C_EGD_622","Sex",,"LEM","09_11_01_13:16:16","LEM","09_11_01_13:16:20"
"DP_LA_350","LA",350,"C_EGD_613","Anti-baptism",,"LEM","09_11_01_13:23:51","LEM","09_11_01_13:23:51"
"DP_LA_351","LA",351,"C_EGD_613","Body_and_soul",,"LEM","09_11_01_13:23:55","LEM","09_11_01_13:23:56"
"DP_LA_352","LA",352,"C_EGD_613","Head_and_foot",,"LEM","09_11_01_13:23:56","LEM","09_11_01_13:24:02"
"DP_LA_353","LA",353,"C_EGD_613","Paction",,"LEM","09_11_01_13:24:37","LEM","09_11_01_13:24:37"
"DP_LA_354","LA",354,"C_EGD_614","Anti-baptism",,"LEM","09_11_01_13:31:27","LEM","09_11_01_13:31:27"
"DP_LA_355","LA",355,"C_EGD_614","Head_and_foot",,"LEM","09_11_01_13:31:35","LEM","09_11_01_13:31:36"
"DP_LA_356","LA",356,"C_EGD_691","Head_and_foot",,"LEM","09_21_01_09:10:48","LEM","09_21_01_09:10:49"
"DP_LA_357","LA",357,"C_EGD_611","Anti-baptism",,"LEM","09_21_01_09:43:08","LEM","09_21_01_09:43:09"
"DP_LA_358","LA",358,"C_EGD_611","Servant",,"LEM","09_21_01_09:43:11","LEM","09_21_01_09:43:15"
"DP_LA_359","LA",359,"C_EGD_696","Anti-baptism",,"LEM","09_21_01_13:06:57","LEM","09_21_01_13:06:58"
"DP_LA_360","LA",360,"C_EGD_696","Head_and_foot",,"LEM","09_21_01_13:06:59","LEM","09_21_01_13:06:59"
"DP_LA_361","LA",361,"C_EGD_696","Body_and_soul",,"LEM","09_21_01_13:07:02","LEM","09_21_01_13:07:02"
"DP_LA_362","LA",362,"C_EGD_696","Want_nothing",,"LEM","09_21_01_13:07:42","LEM","09_21_01_13:07:43"
"DP_LA_363","LA",363,"C_EGD_697","Want_nothing",,"LEM","09_21_01_13:22:30","LEM","09_21_01_13:22:32"
"DP_LA_364","LA",364,"C_EGD_697","Anti-baptism",,"LEM","09_21_01_13:22:34","LEM","09_21_01_13:22:34"
"DP_LA_365","LA",365,"C_EGD_697","Head_and_foot",,"LEM","09_21_01_13:22:38","LEM","09_21_01_13:22:38"
"DP_LA_366","LA",366,"C_EGD_697","Sex",,"LEM","09_21_01_13:22:47","LEM","09_21_01_13:22:52"
"DP_LA_367","LA",367,"C_EGD_695","Anti-baptism",,"LEM","09_21_01_13:35:57","LEM","09_21_01_13:35:58"
"DP_LA_368","LA",368,"C_EGD_695","Head_and_foot",,"LEM","09_21_01_13:35:58","LEM","09_21_01_13:36:02"
"DP_LA_369","LA",369,"C_EGD_34","Want_nothing",,"LEM","09_25_01_12:00:20","LEM","09_25_01_12:00:21"
"DP_LA_37","LA",37,"C_EGD_169","Servant",,"LEM","06_14_01_13:48:58","LEM","06_14_01_13:49:20"
"DP_LA_371","LA",371,"C_EGD_59","Servant",,"LEM","10_09_01_09:25:08","LEM","10_09_01_09:25:09"
"DP_LA_372","LA",372,"C_EGD_59","Want_nothing",,"LEM","10_09_01_09:25:10","LEM","10_09_01_09:25:13"
"DP_LA_373","LA",373,"C_EGD_59","Devil's_Mark","Marked_with_a_rod.","LEM","10_09_01_09:27:12","LEM","10_09_01_09:27:49"
"DP_LA_374","LA",374,"C_EGD_63","Anti-baptism",,"LEM","10_09_01_10:43:19","LEM","10_09_01_10:43:20"
"DP_LA_375","LA",375,"C_EGD_63","Want_nothing",,"LEM","10_09_01_10:43:22","LEM","10_09_01_10:43:25"
"DP_LA_376","LA",376,"C_EGD_63","Servant",,"LEM","10_09_01_10:44:14","LEM","10_09_01_10:44:16"
"DP_LA_377","LA",377,"C_EGD_63","Devil's_Mark","right_knee","LEM","10_09_01_10:44:16","LEM","10_09_01_10:44:38"
"DP_LA_378","LA",378,"C_EGD_103","New_name","Naip","LEM","10_10_01_15:26:45","LEM","10_10_01_15:26:53"
"DP_LA_379","LA",379,"C_EGD_104","New_name","Cane","LEM","10_10_01_15:27:34","LEM","10_10_01_15:27:40"
"DP_LA_38","LA",38,"C_EGD_1605","Devil's_Mark",,"LEM","06_19_01_14:07:56","LEM","06_19_01_14:08:54"
"DP_LA_380","LA",380,"C_EGD_29","Anti-baptism",,"LEM","10_18_01_09:49:36","LEM","10_18_01_09:49:38"
"DP_LA_381","LA",381,"C_EGD_1329","Want_nothing",,"LEM","10_19_01_09:53:48","LEM","10_19_01_09:53:50"
"DP_LA_382","LA",382,"C_EGD_1329","Anti-baptism",,"LEM","10_19_01_09:54:24","LEM","10_19_01_09:54:24"
"DP_LA_383","LA",383,"C_EGD_1329","Head_and_foot",,"LEM","10_19_01_09:54:25","LEM","10_19_01_09:54:31"
"DP_LA_384","LA",384,"C_EGD_1334","Servant",,"LEM","10_19_01_10:07:00","LEM","10_19_01_10:07:17"
"DP_LA_385","LA",385,"C_EGD_1334","Anti-baptism",,"LEM","10_19_01_10:07:18","LEM","10_19_01_10:07:18"
"DP_LA_386","LA",386,"C_EGD_1334","Head_and_foot",,"LEM","10_19_01_10:07:19","LEM","10_19_01_10:07:21"
"DP_LA_387","LA",387,"C_EGD_1338","Sex",,"LEM","10_19_01_10:32:53","LEM","10_19_01_10:32:54"
"DP_LA_388","LA",388,"C_EGD_1338","Anti-baptism","she_sat_down_on_her_Knees","LEM","10_19_01_10:32:56","LEM","10_19_01_10:33:05"
"DP_LA_389","LA",389,"C_EGD_1338","Servant",,"LEM","10_19_01_10:33:10","LEM","10_19_01_10:33:12"
"DP_LA_39","LA",39,"C_EGD_1605","Servant",,"LEM","06_19_01_14:08:54","LEM","06_19_01_14:08:55"
"DP_LA_390","LA",390,"C_EGD_1312","Sex",,"LEM","10_19_01_15:25:17","LEM","10_19_01_15:25:18"
"DP_LA_391","LA",391,"C_EGD_1312","Anti-baptism",,"LEM","10_19_01_15:27:25","LEM","10_19_01_15:27:26"
"DP_LA_392","LA",392,"C_EGD_1312","Devil's_Mark","back_side_of_left_arm_below_the_elbow","LEM","10_19_01_15:27:47","LEM","10_19_01_15:28:15"
"DP_LA_393","LA",393,"C_EGD_1312","New_name","Nan_Clark_or_Nan_Clatt","LEM","10_19_01_15:28:57","LEM","10_19_01_15:29:14"
"DP_LA_394","LA",394,"C_EGD_1322","Anti-baptism",,"LEM","10_19_01_16:06:26","LEM","10_19_01_16:06:27"
"DP_LA_395","LA",395,"C_EGD_1322","Sex",,"LEM","10_19_01_16:06:37","LEM","10_19_01_16:07:50"
"DP_LA_4","LA",4,"C_EGD_162","Sex",,"LEM","05_18_01_12:58:57","LEM","05_18_01_12:59:11"
"DP_LA_40","LA",40,"C_EGD_1605","Anti-baptism",,"LEM","06_19_01_14:11:09","LEM","06_19_01_14:11:11"
"DP_LA_406","LA",406,"C_EGD_1308","Sex","he_gripped_her_papy_first","LEM","10_22_01_15:45:48","LEM","10_22_01_15:48:26"
"DP_LA_407","LA",407,"C_EGD_1308","Anti-baptism",,"LEM","10_22_01_15:45:50","LEM","10_22_01_15:45:51"
"DP_LA_408","LA",408,"C_EGD_1308","Body_and_soul",,"LEM","10_22_01_15:45:52","LEM","10_22_01_15:45:53"
"DP_LA_409","LA",409,"C_EGD_1310","Anti-baptism",,"LEM","10_23_01_10:35:44","LEM","10_23_01_10:35:45"
"DP_LA_41","LA",41,"C_EGD_1605","Sex",,"LEM","06_19_01_14:11:11","LEM","06_19_01_14:11:35"
"DP_LA_410","LA",410,"C_EGD_1310","Sex",,"LEM","10_23_01_10:35:46","LEM","10_23_01_10:35:47"
"DP_LA_411","LA",411,"C_EGD_1310","Body_and_soul",,"LEM","10_23_01_10:35:48","LEM","10_23_01_10:35:48"
"DP_LA_412","LA",412,"C_EGD_228","Sex",,"LEM","11_26_01_12:10:58","LEM","11_26_01_12:11:08"
"DP_LA_413","LA",413,"C_EGD_783","Devil's_Mark",,"LEM","11_26_01_15:12:33","LEM","11_26_01_15:12:34"
"DP_LA_414","LA",414,"C_EGD_785","Anti-baptism","while_drinking_to_him","LEM","11_26_01_15:53:43","LEM","07_15_02_11:06:48"
"DP_LA_415","LA",415,"C_EGD_785","Paction",,"LEM","11_26_01_15:54:55","LEM","11_26_01_15:55:01"
"DP_LA_416","LA",416,"C_EGD_786","Devil's_Mark",,"LEM","11_29_01_10:30:37","LEM","11_29_01_10:30:38"
"DP_LA_417","LA",417,"C_EGD_786","Anti-baptism",,"LEM","11_29_01_10:30:39","LEM","11_29_01_10:30:39"
"DP_LA_418","LA",418,"C_EGD_355","Anti-baptism",,"LEM","11_29_01_14:00:48","LEM","11_29_01_14:00:48"
"DP_LA_419","LA",419,"C_EGD_355","Servant",,"LEM","11_29_01_14:00:49","LEM","11_29_01_14:00:50"
"DP_LA_42","LA",42,"C_EGD_901","Body_and_soul",,"LEM","06_27_01_11:43:13","LEM","06_27_01_11:43:19"
"DP_LA_420","LA",420,"C_EGD_355","Body_and_soul",,"LEM","11_29_01_14:00:51","LEM","11_29_01_14:00:55"
"DP_LA_422","LA",422,"C_EGD_1379","Sex","he_was_heavy","LEM","11_29_01_14:20:55","LEM","11_29_01_14:21:05"
"DP_LA_423","LA",423,"C_EGD_273","Devil's_Mark",,"LEM","11_29_01_16:02:05","LEM","11_29_01_16:02:07"
"DP_LA_424","LA",424,"C_EGD_792","Devil's_Mark","on_her_secret_member","LEM","11_30_01_10:09:24","LEM","02_04_02_10:39:26"
"DP_LA_425","LA",425,"C_EGD_792","Sex","nature_was_cold","LEM","11_30_01_10:09:42","LEM","11_30_01_10:09:54"
"DP_LA_426","LA",426,"C_EGD_584","Anti-baptism",,"LEM","12_03_01_09:41:04","LEM","12_03_01_09:41:13"
"DP_LA_427","LA",427,"C_EGD_584","Paction",,"LEM","12_03_01_09:41:14","LEM","12_03_01_09:41:15"
"DP_LA_428","LA",428,"C_EGD_1749","Devil's_Mark",,"LEM","01_16_02_10:51:16","LEM","01_16_02_10:51:17"
"DP_LA_429","LA",429,"C_EGD_1749","New_name","Landsladie","LEM","01_16_02_10:51:18","LEM","01_16_02_10:51:25"
"DP_LA_43","LA",43,"C_LA_2759","Body_and_soul",,"LEM","06_27_01_11:47:24","LEM","06_27_01_11:47:25"
"DP_LA_430","LA",430,"C_EGD_1748","Devil's_Mark",,"LEM","01_16_02_11:48:29","LEM","01_16_02_11:48:30"
"DP_LA_431","LA",431,"C_EGD_1748","Anti-baptism",,"LEM","01_16_02_11:48:40","LEM","01_16_02_11:48:41"
"DP_LA_432","LA",432,"C_EGD_1748","Head_and_foot",,"LEM","01_16_02_11:48:42","LEM","01_16_02_11:48:42"
"DP_LA_433","LA",433,"C_EGD_1748","Want_nothing",,"LEM","01_16_02_11:48:46","LEM","01_16_02_11:48:48"
"DP_LA_434","LA",434,"C_EGD_1748","New_name","Jonas","LEM","01_16_02_11:49:09","LEM","01_16_02_11:49:14"
"DP_LA_435","LA",435,"C_EGD_1747","Devil's_Mark",,"LEM","01_16_02_11:59:05","LEM","01_16_02_11:59:06"
"DP_LA_436","LA",436,"C_EGD_1747","Sex","Devil_was_cold","LEM","01_16_02_11:59:08","LEM","01_16_02_11:59:22"
"DP_LA_437","LA",437,"C_EGD_1747","New_name","Euoppa_(?Anipper)","LEM","01_16_02_11:59:45","jhm","07_10_02_13:20:50"
"DP_LA_438","LA",438,"C_EGD_1747","Head_and_foot",,"LEM","01_16_02_12:01:06","LEM","01_16_02_12:01:17"
"DP_LA_439","LA",439,"C_EGD_1747","Want_nothing",,"LEM","01_16_02_12:01:18","LEM","01_16_02_12:01:24"
"DP_LA_44","LA",44,"C_EGD_897","Body_and_soul",,"LEM","06_27_01_11:49:15","LEM","06_27_01_11:49:16"
"DP_LA_440","LA",440,"C_EGD_1747","Anti-baptism",,"LEM","01_16_02_12:01:25","LEM","01_16_02_12:01:28"
"DP_LA_441","LA",441,"C_EGD_1746","New_name","Locas","LEM","01_16_02_12:14:09","jhm","10_22_02_08:59:52"
"DP_LA_442","LA",442,"C_EGD_1746","Head_and_foot",,"LEM","01_16_02_12:15:57","LEM","01_16_02_12:15:58"
"DP_LA_443","LA",443,"C_EGD_1746","Anti-baptism",,"LEM","01_16_02_12:15:59","LEM","01_16_02_12:16:02"
"DP_LA_444","LA",444,"C_EGD_1746","Devil's_Mark",,"LEM","01_16_02_12:16:05","LEM","01_16_02_12:16:05"
"DP_LA_445","LA",445,"C_EGD_1746","Sex",,"LEM","01_16_02_12:16:22","LEM","01_16_02_12:16:26"
"DP_LA_446","LA",446,"C_EGD_1745","New_name","Sophia","LEM","01_16_02_12:23:40","LEM","01_16_02_12:23:44"
"DP_LA_447","LA",447,"C_EGD_1745","Devil's_Mark",,"LEM","01_16_02_12:27:15","LEM","01_16_02_12:27:18"
"DP_LA_448","LA",448,"C_EGD_1744","New_name","Rajeru","LEM","01_16_02_12:39:03","LEM","01_16_02_12:39:34"
"DP_LA_449","LA",449,"C_EGD_1773","Devil's_Mark","left_shoulder","LEM","01_30_02_13:26:35","LEM","01_30_02_13:27:00"
"DP_LA_45","LA",45,"C_EGD_898","Body_and_soul",,"LEM","06_27_01_11:51:52","LEM","06_27_01_11:51:53"
"DP_LA_450","LA",450,"C_EGD_1773","Devil's_Mark","leg","LEM","01_30_02_13:27:02","LEM","01_30_02_13:27:41"
"DP_LA_451","LA",451,"C_EGD_1773","Anti-baptism",,"LEM","01_30_02_13:27:45","LEM","01_30_02_13:27:46"
"DP_LA_452","LA",452,"C_LA_2959","Anti-baptism",,"LEM","01_31_02_09:27:24","LEM","01_31_02_09:27:25"
"DP_LA_453","LA",453,"C_LA_2959","Devil's_Mark","Back","LEM","01_31_02_09:27:28","LEM","01_31_02_09:27:43"
"DP_LA_454","LA",454,"C_EGD_1778","Anti-baptism",,"LEM","01_31_02_09:30:50","LEM","01_31_02_09:30:51"
"DP_LA_455","LA",455,"C_EGD_1778","Devil's_Mark","between_her_shoulders","LEM","01_31_02_09:31:01","LEM","01_31_02_09:31:13"
"DP_LA_456","LA",456,"C_EGD_1781","Anti-baptism",,"LEM","01_31_02_09:33:06","LEM","01_31_02_09:33:06"
"DP_LA_457","LA",457,"C_EGD_1781","Devil's_Mark","waist","LEM","01_31_02_09:33:20","LEM","01_31_02_09:33:25"
"DP_LA_458","LA",458,"C_EGD_1774","Anti-baptism",,"LEM","01_31_02_09:36:07","LEM","01_31_02_09:36:08"
"DP_LA_459","LA",459,"C_EGD_1774","Devil's_Mark",,"LEM","01_31_02_09:36:20","LEM","01_31_02_09:36:28"
"DP_LA_46","LA",46,"C_EGD_899","Body_and_soul",,"LEM","06_27_01_11:53:46","LEM","06_27_01_11:53:47"
"DP_LA_460","LA",460,"C_EGD_1780","Anti-baptism",,"LEM","01_31_02_09:47:07","LEM","01_31_02_09:47:08"
"DP_LA_461","LA",461,"C_EGD_1780","Devil's_Mark","back_near_shoulders","LEM","01_31_02_09:47:14","LEM","01_31_02_09:47:21"
"DP_LA_462","LA",462,"C_EGD_1777","Anti-baptism",,"LEM","01_31_02_09:49:24","LEM","01_31_02_09:49:25"
"DP_LA_463","LA",463,"C_EGD_1777","Devil's_Mark","left_shoulder","LEM","01_31_02_09:49:44","LEM","01_31_02_09:49:50"
"DP_LA_464","LA",464,"C_LA_2968","Devil's_Mark",,"LEM","01_31_02_13:16:23","LEM","01_31_02_13:16:24"
"DP_LA_465","LA",465,"C_LA_2968","Want_nothing",,"LEM","01_31_02_13:16:25","LEM","01_31_02_13:16:28"
"DP_LA_466","LA",466,"C_LA_2968","Anti-baptism",,"LEM","01_31_02_13:16:30","LEM","01_31_02_13:16:31"
"DP_LA_467","LA",467,"C_LA_2968","Head_and_foot",,"LEM","01_31_02_13:16:32","LEM","01_31_02_13:16:34"
"DP_LA_468","LA",468,"C_LA_2969","Want_nothing",,"LEM","01_31_02_13:26:44","LEM","01_31_02_13:26:45"
"DP_LA_469","LA",469,"C_LA_2969","Devil's_Mark",,"LEM","01_31_02_13:26:47","LEM","01_31_02_13:26:48"
"DP_LA_47","LA",47,"C_EGD_900","Body_and_soul",,"LEM","06_27_01_11:56:16","LEM","06_27_01_11:56:17"
"DP_LA_470","LA",470,"C_LA_2969","Head_and_foot",,"LEM","01_31_02_13:26:50","LEM","01_31_02_13:26:52"
"DP_LA_471","LA",471,"C_LA_2970","Devil's_Mark","back","LEM","01_31_02_14:59:24","LEM","01_31_02_14:59:34"
"DP_LA_472","LA",472,"C_LA_2972","Devil's_Mark",,"LEM","01_31_02_20:54:51","LEM","01_31_02_20:54:54"
"DP_LA_473","LA",473,"C_EGD_1779","Devil's_Mark","small_of_back","LEM","01_31_02_21:07:00","LEM","01_31_02_21:20:42"
"DP_LA_474","LA",474,"C_LA_2973","Devil's_Mark","left_shoulder","LEM","01_31_02_21:22:22","LEM","01_31_02_21:22:32"
"DP_LA_475","LA",475,"C_LA_2974","Devil's_Mark",,"LEM","01_31_02_21:34:25","LEM","01_31_02_21:34:31"
"DP_LA_476","LA",476,"C_LA_2975","Devil's_Mark",,"LEM","02_01_02_11:22:13","LEM","02_01_02_11:22:16"
"DP_LA_477","LA",477,"C_LA_2976","Devil's_Mark",,"LEM","02_01_02_11:45:21","LEM","02_01_02_11:45:23"
"DP_LA_478","LA",478,"C_LA_2977","Devil's_Mark",,"LEM","02_01_02_11:56:20","LEM","02_01_02_11:56:22"
"DP_LA_479","LA",479,"C_LA_2978","Devil's_Mark",,"LEM","02_01_02_12:17:44","LEM","02_01_02_12:17:46"
"DP_LA_48","LA",48,"C_EGD_372","Anti-baptism",,"LEM","06_27_01_16:07:37","LEM","06_27_01_16:07:38"
"DP_LA_480","LA",480,"C_LA_2979","Devil's_Mark",,"LEM","02_01_02_12:28:40","LEM","02_01_02_12:28:42"
"DP_LA_481","LA",481,"C_LA_2980","Devil's_Mark",,"LEM","02_01_02_12:40:02","LEM","02_01_02_12:40:04"
"DP_LA_482","LA",482,"C_EGD_792","New_name","Whoore","LEM","02_04_02_10:37:34","LEM","02_04_02_10:37:47"
"DP_LA_483","LA",483,"C_EGD_739","Devil's_Mark","shoulders","LEM","02_18_02_14:46:28","LEM","02_18_02_14:46:34"
"DP_LA_484","LA",484,"C_EGD_735","Head_and_foot",,"LEM","02_18_02_15:08:28","LEM","02_18_02_15:08:29"
"DP_LA_485","LA",485,"C_EGD_733","Devil's_Mark","Back_bone","LEM","02_18_02_15:20:41","LEM","02_18_02_15:20:52"
"DP_LA_486","LA",486,"C_EGD_726","Devil's_Mark",,"LEM","02_18_02_15:27:19","LEM","02_18_02_15:27:24"
"DP_LA_487","LA",487,"C_EGD_731","Devil's_Mark",,"LEM","02_18_02_17:12:36","LEM","02_18_02_17:12:40"
"DP_LA_488","LA",488,"C_EGD_738","Devil's_Mark",,"LEM","02_18_02_18:45:18","LEM","02_18_02_18:45:21"
"DP_LA_49","LA",49,"C_EGD_372","New_name","William","LEM","06_27_01_16:07:42","LEM","07_09_01_10:37:37"
"DP_LA_493","LA",493,"C_EGD_162","Body_and_soul",,"LEM","05_06_02_20:04:44","LEM","05_06_02_20:04:55"
"DP_LA_494","LA",494,"C_EGD_1058","Devil's_Mark","Leg","LEM","05_07_02_09:30:31","LEM","05_07_02_09:30:37"
"DP_LA_495","LA",495,"C_EGD_674","Sex",,"LEM","05_07_02_11:02:48","LEM","05_07_02_11:02:50"
"DP_LA_496","LA",496,"C_LA_2689","Sex",,"LEM","05_07_02_11:30:25","LEM","05_07_02_11:30:33"
"DP_LA_497","LA",497,"C_LA_3019","Sex",,"LEM","05_07_02_12:10:27","LEM","05_07_02_12:10:31"
"DP_LA_498","LA",498,"C_EGD_301","Devil's_Mark",,"LEM","05_07_02_15:53:28","LEM","05_07_02_15:53:29"
"DP_LA_499","LA",499,"C_EGD_301","Head_and_foot",,"LEM","05_07_02_15:53:30","LEM","05_07_02_15:53:31"
"DP_LA_5","LA",5,"C_EGD_166","Want_nothing","meat,_clothing_or_money","LEM","05_21_01_11:05:51","LEM","05_21_01_11:06:09"
"DP_LA_50","LA",50,"C_EGD_372","Servant",,"LEM","06_27_01_16:07:46","LEM","06_27_01_16:07:57"
"DP_LA_500","LA",500,"C_EGD_301","Anti-baptism",,"LEM","05_07_02_15:53:33","LEM","05_07_02_15:53:34"
"DP_LA_501","LA",501,"C_EGD_238","Devil's_Mark","right_cheek","LEM","05_07_02_16:32:51","LEM","05_07_02_16:33:24"
"DP_LA_505","LA",505,"C_EGD_435","Devil's_Mark","thigh","LEM","06_06_02_12:44:03","LEM","06_06_02_12:44:51"
"DP_LA_506","LA",506,"C_EGD_435","Sex","with_the_bonnie_lass","LEM","06_06_02_12:44:11","LEM","06_06_02_12:44:25"
"DP_LA_507","LA",507,"C_EGD_435","Servant",,"LEM","06_06_02_12:44:27","LEM","06_06_02_12:44:28"
"DP_LA_508","LA",508,"C_EGD_435","Want_nothing",,"LEM","06_06_02_12:44:29","LEM","06_06_02_12:44:34"
"DP_LA_509","LA",509,"C_EGD_435","New_name","James_Scot","LEM","06_06_02_12:44:35","LEM","06_06_02_12:44:45"
"DP_LA_51","LA",51,"C_EGD_372","Devil's_Mark","on_his_leg","LEM","06_27_01_16:07:59","LEM","06_27_01_16:08:14"
"DP_LA_510","LA",510,"C_EGD_435","Head_and_foot",,"LEM","06_06_02_12:44:51","LEM","06_06_02_12:44:52"
"DP_LA_511","LA",511,"C_EGD_435","Anti-baptism",,"LEM","06_06_02_12:44:53","LEM","06_06_02_12:45:02"
"DP_LA_515","LA",515,"C_EGD_2264","Sex","with_a_black_man","LEM","06_19_02_11:11:00","LEM","06_19_02_11:11:05"
"DP_LA_516","LA",516,"C_EGD_2212","Sex",,"LEM","06_19_02_12:06:57","LEM","06_19_02_12:07:00"
"DP_LA_517","LA",517,"C_EGD_2220","Sex",,"LEM","06_19_02_14:02:26","LEM","06_19_02_14:02:28"
"DP_LA_518","LA",518,"C_EGD_2220","Devil's_Mark","privie_member","LEM","06_19_02_14:02:29","LEM","06_19_02_14:03:50"
"DP_LA_519","LA",519,"C_EGD_687","Anti-baptism",,"LEM","06_25_02_11:05:52","LEM","06_25_02_11:05:53"
"DP_LA_52","LA",52,"C_EGD_371","Anti-baptism",,"LEM","06_27_01_16:16:50","LEM","06_27_01_16:16:56"
"DP_LA_520","LA",520,"C_EGD_687","Head_and_foot",,"LEM","06_25_02_11:05:54","LEM","06_25_02_11:05:57"
"DP_LA_521","LA",521,"C_EGD_624","Sex","'heavie_like_a_horse'","LEM","06_25_02_11:21:42","LEM","06_25_02_11:22:31"
"DP_LA_522","LA",522,"C_EGD_624","Anti-baptism",,"LEM","06_25_02_11:21:46","LEM","06_25_02_11:21:47"
"DP_LA_523","LA",523,"C_EGD_624","Head_and_foot",,"LEM","06_25_02_11:21:47","LEM","06_25_02_11:21:50"
"DP_LA_524","LA",524,"C_LA_3061","Sex","he_was_heavy_and_cold","LEM","06_25_02_12:33:55","LEM","06_25_02_12:34:05"
"DP_LA_525","LA",525,"C_LA_3061","Anti-baptism",,"LEM","06_25_02_12:34:09","LEM","06_25_02_12:34:10"
"DP_LA_526","LA",526,"C_LA_3061","Head_and_foot",,"LEM","06_25_02_12:34:12","LEM","06_25_02_12:34:13"
"DP_LA_527","LA",527,"C_LA_3061","New_name","Eppie","LEM","06_25_02_12:34:14","LEM","06_25_02_12:34:24"
"DP_LA_528","LA",528,"C_EGD_620","Sex",,"LEM","06_25_02_13:14:08","LEM","06_25_02_13:14:09"
"DP_LA_529","LA",529,"C_EGD_620","Servant",,"LEM","06_25_02_13:14:10","LEM","06_25_02_13:14:13"
"DP_LA_53","LA",53,"C_EGD_371","Servant",,"LEM","06_27_01_16:16:57","LEM","06_27_01_16:17:01"
"DP_LA_530","LA",530,"C_EGD_620","New_name","Saras_Drudge","LEM","06_25_02_13:14:15","LEM","06_25_02_13:14:25"
"DP_LA_531","LA",531,"C_EGD_620","Anti-baptism",,"LEM","06_25_02_13:14:49","LEM","06_25_02_13:14:49"
"DP_LA_532","LA",532,"C_EGD_620","Head_and_foot",,"LEM","06_25_02_13:14:49","LEM","06_25_02_13:15:10"
"DP_LA_533","LA",533,"C_EGD_616","Sex",,"LEM","06_25_02_13:35:50","LEM","06_25_02_13:35:55"
"DP_LA_534","LA",534,"C_EGD_616","Anti-baptism",,"LEM","06_25_02_13:35:55","LEM","06_25_02_13:35:57"
"DP_LA_535","LA",535,"C_EGD_616","Head_and_foot",,"LEM","06_25_02_13:35:57","LEM","06_25_02_13:35:58"
"DP_LA_536","LA",536,"C_EGD_616","Servant",,"LEM","06_25_02_13:35:58","LEM","06_25_02_13:35:59"
"DP_LA_537","LA",537,"C_EGD_616","New_name","Coufre","LEM","06_25_02_13:36:02","LEM","06_25_02_13:36:12"
"DP_LA_538","LA",538,"C_EGD_702","Sex",,"LEM","07_04_02_13:53:49","LEM","07_04_02_13:55:31"
"DP_LA_539","LA",539,"C_EGD_703","Sex","cold","LEM","07_04_02_14:24:32","LEM","07_04_02_14:24:35"
"DP_LA_54","LA",54,"C_EGD_371","Sex","Devil's_nature_was_cold","LEM","06_27_01_16:17:06","jhm","11_05_02_14:21:44"
"DP_LA_540","LA",540,"C_EGD_703","Head_and_foot",,"LEM","07_04_02_14:25:19","LEM","07_04_02_14:25:20"
"DP_LA_541","LA",541,"C_EGD_703","Devil's_Mark",,"LEM","07_04_02_14:25:20","LEM","07_04_02_14:25:27"
"DP_LA_542","LA",542,"C_EGD_704","Head_and_foot",,"LEM","07_04_02_14:56:37","LEM","07_04_02_14:56:38"
"DP_LA_543","LA",543,"C_EGD_704","New_name","can't_remember_her_new_name","LEM","07_04_02_14:56:40","LEM","07_04_02_14:56:48"
"DP_LA_544","LA",544,"C_EGD_705","Anti-baptism",,"LEM","07_04_02_16:17:26","LEM","07_04_02_16:17:51"
"DP_LA_545","LA",545,"C_EGD_818","Body_and_soul",,"LEM","07_09_02_17:22:56","LEM","07_09_02_17:22:57"
"DP_LA_546","LA",546,"C_EGD_818","Anti-baptism",,"LEM","07_09_02_17:22:59","LEM","07_09_02_17:23:00"
"DP_LA_547","LA",547,"C_EGD_819","Anti-baptism",,"LEM","07_09_02_17:25:19","LEM","07_09_02_17:25:19"
"DP_LA_548","LA",548,"C_EGD_819","Body_and_soul",,"LEM","07_09_02_17:25:20","LEM","07_09_02_17:25:24"
"DP_LA_549","LA",549,"C_EGD_824","Anti-baptism",,"LEM","07_09_02_17:27:24","LEM","07_09_02_17:27:24"
"DP_LA_55","LA",55,"C_EGD_371","Devil's_Mark","shoulder","LEM","06_27_01_16:17:12","LEM","06_27_01_16:17:30"
"DP_LA_550","LA",550,"C_EGD_824","Body_and_soul",,"LEM","07_09_02_17:27:25","LEM","07_09_02_17:27:27"
"DP_LA_551","LA",551,"C_EGD_823","Anti-baptism",,"LEM","07_09_02_17:31:02","LEM","07_09_02_17:31:03"
"DP_LA_552","LA",552,"C_EGD_823","Body_and_soul",,"LEM","07_09_02_17:31:04","LEM","07_09_02_17:31:04"
"DP_LA_553","LA",553,"C_EGD_715","Anti-baptism",,"LEM","07_09_02_17:34:31","LEM","07_09_02_17:34:32"
"DP_LA_554","LA",554,"C_EGD_715","Body_and_soul",,"LEM","07_09_02_17:34:34","LEM","07_09_02_17:34:36"
"DP_LA_555","LA",555,"C_EGD_717","Anti-baptism",,"LEM","07_09_02_17:35:24","LEM","07_09_02_17:35:24"
"DP_LA_556","LA",556,"C_EGD_717","Body_and_soul",,"LEM","07_09_02_17:35:25","LEM","07_09_02_17:35:27"
"DP_LA_557","LA",557,"C_EGD_718","Anti-baptism",,"LEM","07_09_02_17:36:46","LEM","07_09_02_17:36:46"
"DP_LA_558","LA",558,"C_EGD_718","Body_and_soul",,"LEM","07_09_02_17:36:47","LEM","07_09_02_17:36:49"
"DP_LA_559","LA",559,"C_EGD_719","Anti-baptism",,"LEM","07_09_02_17:37:39","LEM","07_09_02_17:37:40"
"DP_LA_56","LA",56,"C_EGD_371","Devil's_Mark","between_thigh_and_body","LEM","06_27_01_16:17:32","LEM","06_27_01_16:17:44"
"DP_LA_560","LA",560,"C_EGD_719","Body_and_soul",,"LEM","07_09_02_17:37:41","LEM","07_09_02_17:37:43"
"DP_LA_561","LA",561,"C_EGD_592","Anti-baptism",,"LEM","07_09_02_17:41:22","LEM","07_09_02_17:41:23"
"DP_LA_562","LA",562,"C_EGD_592","Body_and_soul",,"LEM","07_09_02_17:41:25","LEM","07_09_02_17:41:31"
"DP_LA_563","LA",563,"C_EGD_817","Anti-baptism",,"LEM","07_09_02_17:42:19","LEM","07_09_02_17:42:20"
"DP_LA_564","LA",564,"C_EGD_817","Body_and_soul",,"LEM","07_09_02_17:42:23","LEM","07_09_02_17:42:24"
"DP_LA_565","LA",565,"C_EGD_1770","Body_and_soul",,"LEM","07_09_02_17:52:29","LEM","07_09_02_17:52:31"
"DP_LA_566","LA",566,"C_LA_2951","Anti-baptism",,"LEM","07_09_02_17:55:03","LEM","07_09_02_17:55:04"
"DP_LA_567","LA",567,"C_LA_2951","Body_and_soul",,"LEM","07_09_02_17:55:05","LEM","07_09_02_17:55:06"
"DP_LA_568","LA",568,"C_LA_2952","Anti-baptism",,"LEM","07_09_02_17:56:47","LEM","07_09_02_17:56:47"
"DP_LA_569","LA",569,"C_LA_2952","Body_and_soul",,"LEM","07_09_02_17:56:49","LEM","07_09_02_17:56:52"
"DP_LA_57","LA",57,"C_EGD_374","Anti-baptism",,"LEM","06_27_01_16:22:34","LEM","06_27_01_16:22:35"
"DP_LA_570","LA",570,"C_LA_3097","Paction",,"LEM","07_09_02_18:25:46","LEM","07_09_02_18:25:51"
"DP_LA_571","LA",571,"C_EGD_217","Devil's_Mark","on_the_viens_and_sinews_of_her_leg.","LEM","07_10_02_10:13:07","LEM","07_10_02_10:13:27"
"DP_LA_572","LA",572,"C_EGD_208","Devil's_Mark","in_her_bellie","LEM","07_10_02_13:50:00","LEM","07_10_02_13:50:27"
"DP_LA_573","LA",573,"C_EGD_184","Devil's_Mark",,"LEM","07_10_02_16:14:07","LEM","07_10_02_16:14:08"
"DP_LA_574","LA",574,"C_EGD_203","Servant",,"LEM","07_12_02_10:40:40","LEM","07_12_02_10:40:41"
"DP_LA_575","LA",575,"C_EGD_203","Head_and_foot",,"LEM","07_12_02_10:40:43","LEM","07_12_02_10:40:43"
"DP_LA_576","LA",576,"C_EGD_203","Anti-baptism",,"LEM","07_12_02_10:40:45","LEM","07_12_02_10:40:45"
"DP_LA_577","LA",577,"C_EGD_203","Devil's_Mark","right_side_of_her_nose_under_her_eye","LEM","07_12_02_10:40:47","LEM","07_12_02_10:41:09"
"DP_LA_578","LA",578,"C_EGD_204","Devil's_Mark","left_leg_above_her_knee","LEM","07_12_02_12:41:06","LEM","07_12_02_12:41:33"
"DP_LA_579","LA",579,"C_EGD_204","Servant",,"LEM","07_12_02_12:41:10","LEM","07_12_02_12:41:10"
"DP_LA_58","LA",58,"C_EGD_374","Devil's_Mark","shoulder","LEM","06_27_01_16:22:39","LEM","06_27_01_16:23:02"
"DP_LA_580","LA",580,"C_EGD_204","Sex",,"LEM","07_12_02_12:41:12","LEM","07_12_02_12:41:19"
"DP_LA_581","LA",581,"C_EGD_204","Anti-baptism",,"LEM","07_12_02_12:41:20","LEM","07_12_02_12:41:25"
"DP_LA_582","LA",582,"C_EGD_205","Servant",,"LEM","07_12_02_12:56:25","LEM","07_12_02_12:56:26"
"DP_LA_583","LA",583,"C_EGD_205","New_name","Lydia","LEM","07_12_02_12:56:27","LEM","07_12_02_12:56:32"
"DP_LA_584","LA",584,"C_EGD_205","Anti-baptism",,"LEM","07_12_02_12:56:38","LEM","07_12_02_12:56:38"
"DP_LA_585","LA",585,"C_EGD_205","Sex",,"LEM","07_12_02_12:56:39","LEM","07_12_02_12:56:46"
"DP_LA_586","LA",586,"C_LA_3125","Devil's_Mark",,"LEM","07_12_02_13:25:50","LEM","07_12_02_13:26:09"
"DP_LA_587","LA",587,"C_EGD_302","Anti-baptism",,"LEM","07_15_02_10:10:52","LEM","07_15_02_10:10:55"
"DP_LA_588","LA",588,"C_EGD_303","Servant",,"LEM","07_15_02_10:16:51","LEM","07_15_02_10:17:12"
"DP_LA_589","LA",589,"C_EGD_280","Anti-baptism",,"LEM","07_15_02_10:19:26","LEM","07_15_02_16:13:32"
"DP_LA_59","LA",59,"C_EGD_374","Servant",,"LEM","06_27_01_16:23:16","LEM","06_27_01_16:23:18"
"DP_LA_590","LA",590,"C_EGD_780","Servant",,"LEM","07_15_02_10:21:09","LEM","07_15_02_10:21:09"
"DP_LA_591","LA",591,"C_EGD_780","Anti-baptism",,"LEM","07_15_02_10:21:10","LEM","07_15_02_10:21:12"
"DP_LA_592","LA",592,"C_EGD_785","Devil's_Mark","back","LEM","07_15_02_11:06:49","LEM","07_15_02_11:06:58"
"DP_LA_593","LA",593,"C_EGD_785","Servant",,"LEM","07_15_02_11:06:59","LEM","07_15_02_11:06:59"
"DP_LA_594","LA",594,"C_EGD_785","Want_nothing",,"LEM","07_15_02_11:07:00","LEM","07_15_02_11:07:13"
"DP_LA_595","LA",595,"C_EGD_302","Devil's_Mark",,"LEM","07_15_02_16:13:08","LEM","07_15_02_16:13:19"
"DP_LA_596","LA",596,"C_EGD_280","Devil's_Mark",,"LEM","07_15_02_16:13:32","LEM","07_15_02_16:13:33"
"DP_LA_597","LA",597,"C_EGD_780","Devil's_Mark",,"LEM","07_15_02_16:14:15","LEM","07_15_02_16:14:16"
"DP_LA_598","LA",598,"C_EGD_291","Servant",,"LEM","07_18_02_10:35:08","LEM","07_18_02_10:35:09"
"DP_LA_599","LA",599,"C_EGD_291","Anti-baptism",,"LEM","07_18_02_10:35:09","LEM","07_18_02_10:35:12"
"DP_LA_6","LA",6,"C_EGD_166","Servant",,"LEM","05_21_01_11:06:49","LEM","05_21_01_11:06:53"
"DP_LA_60","LA",60,"C_EGD_373","Servant",,"LEM","06_28_01_09:20:21","LEM","06_28_01_09:20:22"
"DP_LA_600","LA",600,"C_EGD_292","Devil's_Mark","secret_member","LEM","07_18_02_11:17:49","LEM","07_18_02_11:18:03"
"DP_LA_601","LA",601,"C_EGD_293","Sex","when_a_black_dog_lay_with_her_in_bed","LEM","07_18_02_11:54:56","LEM","07_18_02_11:55:16"
"DP_LA_602","LA",602,"C_EGD_293","Devil's_Mark","Right_shoulder","LEM","07_18_02_11:55:56","LEM","07_18_02_11:56:16"
"DP_LA_603","LA",603,"C_EGD_299","Anti-baptism",,"LEM","07_18_02_12:57:53","LEM","07_18_02_12:57:54"
"DP_LA_604","LA",604,"C_EGD_299","Devil's_Mark",,"LEM","07_18_02_12:57:56","LEM","07_18_02_12:57:56"
"DP_LA_605","LA",605,"C_EGD_299","Sex",,"LEM","07_18_02_12:57:57","LEM","07_18_02_12:57:59"
"DP_LA_606","LA",606,"C_EGD_1379","Devil's_Mark",,"LEM","07_18_02_13:02:21","LEM","07_18_02_13:02:23"
"DP_LA_607","LA",607,"C_EGD_357","Devil's_Mark",,"LEM","07_18_02_13:04:01","LEM","07_18_02_13:04:03"
"DP_LA_608","LA",608,"C_LA_2950","Anti-baptism",,"LEM","07_18_02_13:06:02","LEM","07_18_02_13:06:06"
"DP_LA_609","LA",609,"C_EGD_313","Anti-baptism",,"LEM","07_18_02_17:14:01","LEM","07_18_02_17:14:01"
"DP_LA_61","LA",61,"C_EGD_373","Anti-baptism",,"LEM","06_28_01_09:20:27","LEM","06_28_01_09:20:28"
"DP_LA_610","LA",610,"C_EGD_313","New_name","tried_to_name_her_Jeane,_she_said_no","LEM","07_18_02_17:14:03","LEM","07_18_02_17:14:23"
"DP_LA_611","LA",611,"C_EGD_311","Anti-baptism",,"LEM","07_18_02_17:33:07","LEM","07_18_02_17:33:08"
"DP_LA_612","LA",612,"C_EGD_311","Sex","his_body_was_hard_and_cold","LEM","07_18_02_17:33:09","LEM","07_18_02_17:33:21"
"DP_LA_613","LA",613,"C_EGD_309","Anti-baptism",,"LEM","07_18_02_17:59:54","LEM","07_18_02_18:00:01"
"DP_LA_614","LA",614,"C_EGD_309","New_name","Bessie","LEM","07_18_02_18:00:02","LEM","07_18_02_18:00:09"
"DP_LA_615","LA",615,"C_EGD_309","Servant",,"LEM","07_18_02_18:00:10","LEM","07_18_02_18:00:53"
"DP_LA_616","LA",616,"C_EGD_310","Paction",,"LEM","07_18_02_18:10:06","LEM","07_18_02_18:10:07"
"DP_LA_617","LA",617,"C_EGD_310","Head_and_foot",,"LEM","07_18_02_18:10:08","LEM","07_18_02_18:10:09"
"DP_LA_618","LA",618,"C_EGD_310","Anti-baptism",,"LEM","07_18_02_18:10:09","LEM","07_18_02_18:10:13"
"DP_LA_619","LA",619,"C_EGD_310","New_name","Jonet","LEM","07_18_02_18:10:19","LEM","07_18_02_18:10:26"
"DP_LA_62","LA",62,"C_EGD_370","Anti-baptism",,"LEM","06_28_01_09:30:14","LEM","06_28_01_09:30:16"
"DP_LA_620","LA",620,"C_EGD_310","Sex",,"LEM","07_18_02_18:10:58","LEM","07_18_02_18:11:00"
"DP_LA_621","LA",621,"C_EGD_312","Anti-baptism",,"LEM","07_18_02_18:14:54","LEM","07_18_02_18:14:54"
"DP_LA_622","LA",622,"C_EGD_312","New_name","Jonet","LEM","07_18_02_18:14:55","LEM","07_18_02_18:15:03"
"DP_LA_623","LA",623,"C_EGD_319","Sex",,"LEM","07_19_02_09:30:54","LEM","07_19_02_09:30:55"
"DP_LA_624","LA",624,"C_EGD_319","Anti-baptism",,"LEM","07_19_02_09:30:59","LEM","07_19_02_09:30:59"
"DP_LA_625","LA",625,"C_EGD_319","New_name","Bessie","LEM","07_19_02_09:31:00","LEM","07_19_02_09:31:04"
"DP_LA_626","LA",626,"C_EGD_319","Devil's_Mark","right_hand","LEM","07_19_02_09:31:05","LEM","07_19_02_09:31:11"
"DP_LA_627","LA",627,"C_EGD_319","Servant",,"LEM","07_19_02_09:31:12","LEM","07_19_02_09:31:25"
"DP_LA_628","LA",628,"C_EGD_318","Anti-baptism",,"LEM","07_19_02_09:51:38","LEM","07_19_02_09:51:39"
"DP_LA_629","LA",629,"C_EGD_791","Anti-baptism",,"LEM","07_19_02_11:07:05","LEM","07_19_02_11:07:06"
"DP_LA_63","LA",63,"C_EGD_370","Servant",,"LEM","06_28_01_09:30:17","LEM","06_28_01_09:30:18"
"DP_LA_630","LA",630,"C_EGD_791","Sex",,"LEM","07_19_02_11:07:07","LEM","07_19_02_11:07:08"
"DP_LA_631","LA",631,"C_EGD_791","Devil's_Mark",,"LEM","07_19_02_11:07:09","LEM","07_19_02_11:07:10"
"DP_LA_632","LA",632,"C_EGD_791","New_name",,"LEM","07_19_02_11:07:11","LEM","07_19_02_11:07:21"
"DP_LA_633","LA",633,"C_EGD_792","Anti-baptism",,"LEM","07_23_02_15:11:51","LEM","07_23_02_15:12:00"
"DP_LA_634","LA",634,"C_EGD_323","Sex",,"LEM","07_30_02_10:52:33","LEM","07_30_02_10:52:35"
"DP_LA_635","LA",635,"C_EGD_323","Devil's_Mark",,"LEM","07_30_02_10:53:46","LEM","07_30_02_10:53:48"
"DP_LA_636","LA",636,"C_EGD_345","Devil's_Mark","they_found_three","LEM","07_30_02_11:09:32","LEM","07_30_02_11:09:42"
"DP_LA_637","LA",637,"C_EGD_345","Sex",,"LEM","07_30_02_11:11:20","LEM","07_30_02_11:11:25"
"DP_LA_638","LA",638,"C_EGD_345","Anti-baptism",,"LEM","07_30_02_11:11:26","LEM","07_30_02_11:11:27"
"DP_LA_639","LA",639,"C_EGD_324","Devil's_Mark","Neck","LEM","07_30_02_11:56:01","LEM","07_30_02_11:56:56"
"DP_LA_64","LA",64,"C_EGD_370","New_name","Jannet_Cleir_Keyes","LEM","06_28_01_09:30:50","LEM","06_28_01_09:31:19"
"DP_LA_640","LA",640,"C_EGD_324","Devil's_Mark","Left_Shoulder","LEM","07_30_02_11:56:56","LEM","07_30_02_11:57:10"
"DP_LA_641","LA",641,"C_EGD_350","Sex",,"LEM","07_30_02_13:30:58","LEM","07_30_02_13:31:00"
"DP_LA_642","LA",642,"C_EGD_350","Anti-baptism",,"LEM","07_30_02_13:31:01","LEM","07_30_02_13:31:08"
"DP_LA_643","LA",643,"C_EGD_347","Sex",,"LEM","07_30_02_13:44:52","LEM","07_30_02_13:44:53"
"DP_LA_644","LA",644,"C_EGD_347","New_name","Lapie","LEM","07_30_02_13:46:38","LEM","07_30_02_13:46:48"
"DP_LA_645","LA",645,"C_EGD_353","Devil's_Mark","right_shoulder,_left_shoulder_and_her_heave","LEM","08_01_02_09:27:39","LEM","08_01_02_09:27:54"
"DP_LA_646","LA",646,"C_EGD_353","Anti-baptism",,"LEM","08_01_02_09:28:01","LEM","08_01_02_09:28:03"
"DP_LA_647","LA",647,"C_EGD_344","Sex",,"LEM","08_01_02_09:37:21","LEM","08_01_02_09:37:32"
"DP_LA_648","LA",648,"C_EGD_349","Devil's_Mark","under_her_left_oxter","LEM","08_01_02_09:46:44","jhm","11_05_02_09:22:10"
"DP_LA_649","LA",649,"C_EGD_343","Want_nothing",,"LEM","08_01_02_09:55:29","LEM","08_01_02_09:55:32"
"DP_LA_650","LA",650,"C_EGD_343","Anti-baptism",,"LEM","08_01_02_09:55:33","LEM","08_01_02_09:55:38"
"DP_LA_651","LA",651,"C_EGD_343","Sex","in_the_middle_of_the_floor","LEM","08_01_02_09:55:39","LEM","08_01_02_09:55:48"
"DP_LA_652","LA",652,"C_EGD_782","Servant",,"LEM","08_01_02_10:37:28","LEM","08_01_02_10:37:28"
"DP_LA_653","LA",653,"C_EGD_782","Devil's_Mark",,"LEM","08_01_02_10:37:29","LEM","08_01_02_10:37:31"
"DP_LA_654","LA",654,"C_EGD_273","Servant",,"LEM","08_01_02_10:50:38","LEM","08_01_02_10:50:38"
"DP_LA_655","LA",655,"C_EGD_273","Anti-baptism",,"LEM","08_01_02_10:50:39","LEM","08_01_02_10:50:44"
"DP_LA_656","LA",656,"C_EGD_1830","Anti-baptism",,"LEM","08_02_02_15:09:40","LEM","08_02_02_15:09:41"
"DP_LA_657","LA",657,"C_EGD_1830","Sex",,"LEM","08_02_02_15:09:45","LEM","08_02_02_15:09:46"
"DP_LA_658","LA",658,"C_EGD_1830","New_name",,"LEM","08_02_02_15:09:47","LEM","08_02_02_15:09:48"
"DP_LA_659","LA",659,"C_EGD_1829","Anti-baptism",,"LEM","08_02_02_15:11:51","LEM","08_02_02_15:11:52"
"DP_LA_660","LA",660,"C_EGD_1829","New_name",,"LEM","08_02_02_15:11:58","LEM","08_02_02_15:12:00"
"DP_LA_661","LA",661,"C_EGD_1829","Sex",,"LEM","08_02_02_15:12:01","LEM","08_02_02_15:12:02"
"DP_LA_662","LA",662,"C_LA_3188","Anti-baptism",,"LEM","08_02_02_15:16:01","LEM","08_02_02_15:16:01"
"DP_LA_663","LA",663,"C_LA_3188","New_name",,"LEM","08_02_02_15:16:02","LEM","08_02_02_15:16:03"
"DP_LA_664","LA",664,"C_LA_3188","Sex",,"LEM","08_02_02_15:16:04","LEM","08_02_02_15:16:05"
"DP_LA_665","LA",665,"C_LA_3189","Anti-baptism",,"LEM","08_02_02_15:17:25","LEM","08_02_02_15:17:25"
"DP_LA_666","LA",666,"C_LA_3189","New_name",,"LEM","08_02_02_15:17:26","LEM","08_02_02_15:17:26"
"DP_LA_667","LA",667,"C_LA_3189","Sex",,"LEM","08_02_02_15:17:28","LEM","08_02_02_15:17:30"
"DP_LA_668","LA",668,"C_LA_3190","Anti-baptism",,"LEM","08_02_02_15:19:22","LEM","08_02_02_15:19:22"
"DP_LA_669","LA",669,"C_LA_3190","Sex",,"LEM","08_02_02_15:19:24","LEM","08_02_02_15:19:25"
"DP_LA_670","LA",670,"C_LA_3190","New_name",,"LEM","08_02_02_15:19:27","LEM","08_02_02_15:19:28"
"DP_LA_671","LA",671,"C_LA_3191","Anti-baptism",,"LEM","08_02_02_15:28:45","LEM","08_02_02_15:28:46"
"DP_LA_672","LA",672,"C_LA_3191","Sex",,"LEM","08_02_02_15:28:48","LEM","08_02_02_15:28:53"
"DP_LA_673","LA",673,"C_LA_3191","New_name",,"LEM","08_02_02_15:28:54","LEM","08_02_02_15:28:57"
"DP_LA_674","LA",674,"C_LA_3192","Anti-baptism",,"LEM","08_02_02_15:30:15","LEM","08_02_02_15:30:15"
"DP_LA_675","LA",675,"C_LA_3192","Sex",,"LEM","08_02_02_15:30:16","LEM","08_02_02_15:30:17"
"DP_LA_676","LA",676,"C_LA_3192","New_name",,"LEM","08_02_02_15:30:18","LEM","08_02_02_15:30:20"
"DP_LA_677","LA",677,"C_LA_3193","Anti-baptism",,"LEM","08_02_02_15:31:30","LEM","08_02_02_15:31:30"
"DP_LA_678","LA",678,"C_LA_3193","Sex",,"LEM","08_02_02_15:31:31","LEM","08_02_02_15:31:32"
"DP_LA_679","LA",679,"C_LA_3193","New_name",,"LEM","08_02_02_15:31:33","LEM","08_02_02_15:31:35"
"DP_LA_680","LA",680,"C_LA_3197","Anti-baptism",,"LEM","08_02_02_15:38:55","LEM","08_02_02_15:38:56"
"DP_LA_681","LA",681,"C_LA_3197","Sex",,"LEM","08_02_02_15:38:57","LEM","08_02_02_15:38:57"
"DP_LA_682","LA",682,"C_LA_3197","New_name",,"LEM","08_02_02_15:38:59","LEM","08_02_02_15:39:01"
"DP_LA_683","LA",683,"C_LA_3196","Anti-baptism",,"LEM","08_02_02_15:39:50","LEM","08_02_02_15:39:50"
"DP_LA_684","LA",684,"C_LA_3196","Sex",,"LEM","08_02_02_15:39:51","LEM","08_02_02_15:39:52"
"DP_LA_685","LA",685,"C_LA_3196","New_name",,"LEM","08_02_02_15:39:53","LEM","08_02_02_15:39:56"
"DP_LA_686","LA",686,"C_LA_3195","Anti-baptism",,"LEM","08_02_02_15:39:59","LEM","08_02_02_15:39:59"
"DP_LA_687","LA",687,"C_LA_3195","Sex",,"LEM","08_02_02_15:40:00","LEM","08_02_02_15:40:02"
"DP_LA_688","LA",688,"C_LA_3195","New_name",,"LEM","08_02_02_15:40:03","LEM","08_02_02_15:40:05"
"DP_LA_689","LA",689,"C_LA_3194","Anti-baptism",,"LEM","08_02_02_15:40:34","LEM","08_02_02_15:40:34"
"DP_LA_690","LA",690,"C_LA_3194","Sex",,"LEM","08_02_02_15:40:36","LEM","08_02_02_15:40:36"
"DP_LA_691","LA",691,"C_LA_3194","New_name",,"LEM","08_02_02_15:40:37","LEM","08_02_02_15:40:40"
"DP_LA_692","LA",692,"C_LA_3198","Anti-baptism",,"LEM","08_02_02_15:55:25","LEM","08_02_02_15:55:25"
"DP_LA_693","LA",693,"C_LA_3198","Sex",,"LEM","08_02_02_15:55:26","LEM","08_02_02_15:55:27"
"DP_LA_694","LA",694,"C_LA_3198","New_name",,"LEM","08_02_02_15:55:29","LEM","08_02_02_15:55:31"
"DP_LA_695","LA",695,"C_EGD_1831","Anti-baptism",,"LEM","08_02_02_15:59:58","LEM","08_02_02_15:59:58"
"DP_LA_696","LA",696,"C_EGD_1831","Sex",,"LEM","08_02_02_15:59:59","LEM","08_02_02_16:00:00"
"DP_LA_697","LA",697,"C_EGD_1831","New_name",,"LEM","08_02_02_16:00:01","LEM","08_02_02_16:00:03"
"DP_LA_698","LA",698,"C_LA_3209","Anti-baptism",,"LEM","08_05_02_12:11:32","LEM","08_05_02_12:11:32"
"DP_LA_699","LA",699,"C_LA_3209","Sex",,"LEM","08_05_02_12:11:33","LEM","08_05_02_12:11:34"
"DP_LA_7","LA",7,"C_EGD_166","Anti-baptism",,"LEM","05_21_01_11:09:12","LEM","05_21_01_11:09:16"
"DP_LA_700","LA",700,"C_LA_3209","New_name",,"LEM","08_05_02_12:11:35","LEM","08_05_02_12:11:36"
"DP_LA_701","LA",701,"C_LA_3210","Anti-baptism",,"LEM","08_05_02_12:14:15","LEM","08_05_02_12:14:15"
"DP_LA_702","LA",702,"C_LA_3210","Sex",,"LEM","08_05_02_12:14:16","LEM","08_05_02_12:14:17"
"DP_LA_703","LA",703,"C_LA_3210","New_name",,"LEM","08_05_02_12:14:17","LEM","08_05_02_12:14:19"
"DP_LA_704","LA",704,"C_LA_3216","Anti-baptism",,"LEM","08_05_02_14:12:26","LEM","08_05_02_14:12:27"
"DP_LA_705","LA",705,"C_LA_3216","New_name",,"LEM","08_05_02_14:12:27","LEM","08_05_02_14:12:27"
"DP_LA_706","LA",706,"C_LA_3216","Sex",,"LEM","08_05_02_14:12:29","LEM","08_05_02_14:12:33"
"DP_LA_707","LA",707,"C_LA_3217","Anti-baptism",,"LEM","08_05_02_14:13:54","LEM","08_05_02_14:13:54"
"DP_LA_708","LA",708,"C_LA_3217","Sex",,"LEM","08_05_02_14:13:55","LEM","08_05_02_14:13:56"
"DP_LA_709","LA",709,"C_LA_3217","New_name",,"LEM","08_05_02_14:13:56","LEM","08_05_02_14:13:58"
"DP_LA_710","LA",710,"C_LA_3218","Anti-baptism",,"LEM","08_05_02_14:15:23","LEM","08_05_02_14:15:23"
"DP_LA_711","LA",711,"C_LA_3218","Sex",,"LEM","08_05_02_14:15:24","LEM","08_05_02_14:15:25"
"DP_LA_712","LA",712,"C_LA_3218","New_name",,"LEM","08_05_02_14:15:26","LEM","08_05_02_14:15:28"
"DP_LA_716","LA",716,"C_LA_3220","Anti-baptism",,"LEM","08_05_02_14:18:37","LEM","08_05_02_14:18:37"
"DP_LA_717","LA",717,"C_LA_3220","Sex",,"LEM","08_05_02_14:18:38","LEM","08_05_02_14:18:39"
"DP_LA_718","LA",718,"C_LA_3220","New_name",,"LEM","08_05_02_14:18:40","LEM","08_05_02_14:18:42"
"DP_LA_719","LA",719,"C_EGD_780","Sex",,"LEM","08_08_02_11:10:15","LEM","08_08_02_11:10:18"
"DP_LA_720","LA",720,"C_LA_3236","Paction",,"LEM","08_14_02_11:19:44","LEM","08_14_02_11:19:50"
"DP_LA_721","LA",721,"C_EGD_2452","Paction",,"LEM","08_14_02_15:01:32","LEM","08_14_02_15:01:32"
"DP_LA_722","LA",722,"C_EGD_2452","Anti-baptism",,"LEM","08_14_02_15:01:36","LEM","08_14_02_15:01:38"
"DP_LA_723","LA",723,"C_EGD_830","Anti-baptism",,"LEM","08_14_02_15:02:49","LEM","08_14_02_15:02:50"
"DP_LA_724","LA",724,"C_EGD_830","Paction",,"LEM","08_14_02_15:02:51","LEM","08_14_02_15:02:53"
"DP_LA_725","LA",725,"C_EGD_1474","Head_and_foot",,"LEM","08_20_02_14:58:33","LEM","08_20_02_14:58:34"
"DP_LA_726","LA",726,"C_EGD_1474","Anti-baptism",,"LEM","08_20_02_14:58:35","LEM","08_20_02_14:58:35"
"DP_LA_727","LA",727,"C_EGD_1474","Devil's_Mark",,"LEM","08_20_02_14:58:46","LEM","08_20_02_14:58:48"
"DP_LA_728","LA",728,"C_EGD_1474","New_name","Christian","LEM","08_20_02_15:00:14","LEM","08_20_02_15:00:34"
"DP_LA_729","LA",729,"C_EGD_1474","Sex",,"LEM","08_20_02_15:00:35","LEM","08_20_02_15:00:37"
"DP_LA_73","LA",73,"C_EGD_380","Servant",,"LEM","06_29_01_11:05:21","LEM","06_29_01_11:05:21"
"DP_LA_730","LA",730,"C_EGD_1558","Anti-baptism",,"LEM","08_22_02_10:39:37","LEM","08_22_02_10:39:38"
"DP_LA_731","LA",731,"C_EGD_1558","Head_and_foot",,"LEM","08_22_02_10:39:39","LEM","08_22_02_10:39:39"
"DP_LA_732","LA",732,"C_EGD_1558","Devil's_Mark","shoulder","LEM","08_22_02_10:40:56","LEM","08_22_02_10:41:50"
"DP_LA_733","LA",733,"C_EGD_1558","Sex",,"LEM","08_22_02_10:42:19","LEM","08_22_02_10:42:28"
"DP_LA_734","LA",734,"C_EGD_1558","New_name","Janet","LEM","08_22_02_11:30:16","LEM","08_22_02_11:30:41"
"DP_LA_735","LA",735,"C_LA_3264","Anti-baptism",,"LEM","08_26_02_17:11:32","LEM","08_26_02_17:11:32"
"DP_LA_736","LA",736,"C_LA_3264","New_name","May","LEM","08_26_02_17:11:33","LEM","08_26_02_17:11:43"
"DP_LA_737","LA",737,"C_LA_3274","Anti-baptism",,"LEM","08_26_02_18:27:48","LEM","08_26_02_18:27:49"
"DP_LA_738","LA",738,"C_LA_3274","Servant",,"LEM","08_26_02_18:27:50","LEM","08_26_02_18:27:52"
"DP_LA_739","LA",739,"C_LA_3276","Paction",,"LEM","08_26_02_18:41:53","LEM","08_26_02_18:42:26"
"DP_LA_74","LA",74,"C_EGD_380","Anti-baptism",,"LEM","06_29_01_11:05:23","LEM","06_29_01_11:05:24"
"DP_LA_740","LA",740,"C_EGD_587","Servant",,"LEM","08_28_02_11:04:17","LEM","08_28_02_11:04:18"
"DP_LA_741","LA",741,"C_EGD_587","Sex",,"LEM","08_28_02_11:04:20","LEM","08_28_02_11:04:21"
"DP_LA_742","LA",742,"C_EGD_587","Devil's_Mark",,"LEM","08_28_02_11:04:22","LEM","08_28_02_11:04:28"
"DP_LA_743","LA",743,"C_EGD_589","Anti-baptism",,"LEM","08_28_02_12:00:39","LEM","08_28_02_12:00:39"
"DP_LA_744","LA",744,"C_EGD_589","Paction",,"LEM","08_28_02_12:00:41","LEM","08_28_02_12:00:41"
"DP_LA_745","LA",745,"C_EGD_588","Servant",,"LEM","08_28_02_12:11:15","LEM","08_28_02_12:11:16"
"DP_LA_746","LA",746,"C_EGD_588","Devil's_Mark",,"LEM","08_28_02_12:11:16","LEM","08_28_02_12:11:17"
"DP_LA_747","LA",747,"C_EGD_588","Sex",,"LEM","08_28_02_12:11:19","LEM","08_28_02_12:11:22"
"DP_LA_748","LA",748,"C_LA_3277","Sex",,"LEM","08_28_02_17:38:59","LEM","08_28_02_17:39:00"
"DP_LA_749","LA",749,"C_LA_3277","Devil's_Mark",,"LEM","08_28_02_17:39:09","LEM","08_28_02_17:39:11"
"DP_LA_75","LA",75,"C_EGD_380","Sex",,"LEM","06_29_01_11:05:28","LEM","06_29_01_11:05:30"
"DP_LA_750","LA",750,"C_LA_3278","Paction",,"LEM","08_28_02_17:45:40","LEM","08_28_02_17:45:41"
"DP_LA_751","LA",751,"C_LA_3278","Anti-baptism",,"LEM","08_28_02_17:45:42","LEM","08_28_02_17:45:42"
"DP_LA_752","LA",752,"C_LA_3278","Sex",,"LEM","08_28_02_17:45:43","LEM","08_28_02_17:45:44"
"DP_LA_753","LA",753,"C_LA_3278","Body_and_soul",,"LEM","08_28_02_17:45:48","LEM","08_28_02_17:45:53"
"DP_LA_754","LA",754,"C_LA_3277","Anti-baptism",,"LEM","08_28_02_20:56:45","LEM","08_28_02_20:56:46"
"DP_LA_755","LA",755,"C_LA_3277","Servant",,"LEM","08_28_02_20:56:50","LEM","08_28_02_20:56:51"
"DP_LA_756","LA",756,"C_LA_3277","Body_and_soul",,"LEM","08_28_02_20:56:52","LEM","08_28_02_20:57:03"
"DP_LA_757","LA",757,"C_EGD_2613","Devil's_Mark",,"LEM","09_02_02_12:58:02","LEM","09_02_02_12:58:04"
"DP_LA_76","LA",76,"C_EGD_380","New_name","Buntein","LEM","06_29_01_11:05:32","LEM","06_29_01_11:05:45"
"DP_LA_760","LA",760,"C_JO_3073","Devil's_Mark",,"LEM","10_31_02_12:15:29","LEM","10_31_02_12:15:33"
"DP_LA_761","LA",761,"C_JO_2885","Devil's_Mark",,"LEM","11_01_02_10:38:41","LEM","11_01_02_10:38:43"
"DP_LA_762","LA",762,"C_JO_2700",,,"LEM","11_04_02_09:39:23","LEM","11_04_02_09:39:27"
"DP_LA_764","LA",764,"C_EGD_1224","Sex",,"LEM","11_18_02_15:51:56","LEM","11_18_02_15:51:58"
"DP_LA_765","LA",765,"C_EGD_1225","Tacit_pact",,"LEM","11_18_02_16:05:56","LEM","11_18_02_16:05:57"
"DP_LA_766","LA",766,"C_EGD_1226","Sex",,"LEM","11_18_02_16:18:54","LEM","11_18_02_16:18:57"
"DP_LA_77","LA",77,"C_EGD_380","Devil's_Mark","Right_side","LEM","06_29_01_11:05:47","LEM","06_29_01_11:05:54"
"DP_LA_78","LA",78,"C_EGD_380","Devil's_Mark","under_left_papie","LEM","06_29_01_11:05:48","LEM","06_29_01_11:06:08"
"DP_LA_79","LA",79,"C_EGD_380","Want_nothing",,"LEM","06_29_01_11:06:10","LEM","06_29_01_11:06:31"
"DP_LA_8","LA",8,"C_EGD_166","Bond_Band","'Bund_man'","LEM","05_21_01_11:09:23","LEM","05_21_01_11:09:41"
"DP_LA_80","LA",80,"C_EGD_384","Anti-baptism",,"LEM","06_29_01_12:23:00","LEM","06_29_01_12:23:01"
"DP_LA_81","LA",81,"C_EGD_384","Devil's_Mark",,"LEM","06_29_01_12:23:04","LEM","06_29_01_12:23:05"
"DP_LA_82","LA",82,"C_EGD_384","New_name","Crooked_Patersone","LEM","06_29_01_12:23:08","LEM","06_29_01_12:23:16"
"DP_LA_83","LA",83,"C_EGD_384","Servant",,"LEM","06_29_01_12:23:27","LEM","06_29_01_12:23:28"
"DP_LA_84","LA",84,"C_EGD_384","Sex",,"LEM","06_29_01_12:23:29","LEM","06_29_01_12:23:38"
"DP_LA_85","LA",85,"C_EGD_381","Anti-baptism",,"LEM","06_29_01_12:50:08","LEM","06_29_01_12:50:10"
"DP_LA_86","LA",86,"C_EGD_381","Devil's_Mark",,"LEM","06_29_01_12:50:12","LEM","06_29_01_12:50:13"
"DP_LA_87","LA",87,"C_EGD_381","New_name",,"LEM","06_29_01_12:50:16","LEM","06_29_01_12:50:18"
"DP_LA_88","LA",88,"C_EGD_381","sex",,"LEM","06_29_01_12:50:21","LEM","06_29_01_12:50:28"
"DP_LA_89","LA",89,"C_EGD_381","Servant",,"LEM","06_29_01_12:50:29","LEM","06_29_01_12:50:31"
"DP_LA_90","LA",90,"C_EGD_382","Anti-baptism",,"LEM","06_29_01_13:00:26","LEM","06_29_01_13:00:26"
"DP_LA_91","LA",91,"C_EGD_382","Devil's_Mark",,"LEM","06_29_01_13:00:29","LEM","06_29_01_13:00:31"
"DP_LA_92","LA",92,"C_EGD_382","New_name","Trotter","LEM","06_29_01_13:00:32","LEM","06_29_01_13:00:40"
"DP_LA_93","LA",93,"C_EGD_382","Devil's_Mark","shoulder","LEM","06_29_01_13:00:42","LEM","06_29_01_13:00:46"
"DP_LA_94","LA",94,"C_EGD_382","Devil's_Mark","left_arm","LEM","06_29_01_13:00:47","LEM","06_29_01_13:00:58"
"DP_LA_95","LA",95,"C_EGD_382","Sex",,"LEM","06_29_01_13:00:59","LEM","06_29_01_13:01:01"
"DP_LA_96","LA",96,"C_EGD_382","Servant",,"LEM","06_29_01_13:01:02","LEM","06_29_01_13:01:03"
"DP_LA_97","LA",97,"C_EGD_385","Anti-baptism",,"LEM","06_29_01_13:17:59","LEM","06_29_01_13:18:00"
"DP_LA_98","LA",98,"C_EGD_385","New_name","Bold_Leslie","LEM","06_29_01_13:18:02","jhm","11_05_02_15:34:39"
"DP_LA_99","LA",99,"C_EGD_385","Servant",,"LEM","06_29_01_13:18:22","LEM","06_29_01_13:18:22"
